Quantidade_Vertices;Tipo_Grafo;Custo_Dijkstra;Tempo_Dijkstra(s);Custo_Duan;Tempo_Duan(s);Custo_BellmanFord;Tempo_BellmanFord(s)
499;barabasi;26388.0;0.000345;26388.0;0.000124;26388.0;0.000923
499;complete;1741.0;0.000321;2244.0;0.000251;1741.0;0.000586
499;erdos;64417.0;0.000353;64417.0;0.000111;64417.0;0.001054
499;regular;2306436.0;0.000343;2306436.0;7.5e-05;2306436.0;0.00567
499;watts;93416.0;0.000343;93416.0;0.000131;93416.0;0.001268
500;barabasi;30893.0;0.000348;30893.0;0.00012;30893.0;0.000808
500;complete;1723.0;0.000328;2187.0;0.000248;1723.0;0.000469
500;erdos;66912.0;0.000358;66912.0;0.000111;66912.0;0.00096
500;regular;83162.0;0.000405;83162.0;0.000103;83162.0;0.000819
500;watts;103201.0;0.000326;103201.0;0.000103;103201.0;0.00123
501;erdos;78862.0;0.000349;78862.0;0.000111;78862.0;0.00094
501;barabasi;32712.0;0.000354;32712.0;0.000118;32712.0;0.000809
501;complete;1593.0;0.000323;2021.0;0.000245;1593.0;0.000583
501;regular;3247353.0;0.000375;3247353.0;8e-05;3247353.0;0.007936
501;watts;88742.0;0.000328;88742.0;0.000102;88742.0;0.001428
502;barabasi;25323.0;0.00038;25323.0;0.000119;25323.0;0.000936
502;complete;1697.0;0.000345;2085.0;0.000243;1697.0;0.000585
502;erdos;56188.0;0.000352;56188.0;0.000112;56188.0;0.001056
502;regular;156886.0;0.0004;156886.0;9.6e-05;156886.0;0.000933
502;watts;110722.0;0.00033;110722.0;0.000119;110722.0;0.001453
503;regular;3061863.0;0.000412;3061863.0;9.6e-05;3061863.0;0.007091
503;watts;109054.0;0.000333;109054.0;0.000122;109054.0;0.001569
503;erdos;67280.0;0.000356;67280.0;0.00011;67280.0;0.00109
503;barabasi;27989.0;0.000351;27989.0;0.000119;27989.0;0.000817
503;complete;1733.0;0.000328;2319.0;0.000245;1733.0;0.000591
504;barabasi;33219.0;0.000353;33219.0;0.000141;33219.0;0.000822
504;complete;2175.0;0.000341;2949.0;0.000252;2175.0;0.000647
504;erdos;62091.0;0.000357;62091.0;0.000122;62091.0;0.001189
504;regular;142009.0;0.000347;142009.0;9.7e-05;142009.0;0.001062
504;watts;101078.0;0.000328;101078.0;0.000102;101078.0;0.001145
505;barabasi;35154.0;0.000442;35154.0;0.000153;35154.0;0.000964
505;complete;1826.0;0.000333;2527.0;0.000248;1826.0;0.000598
505;erdos;81323.0;0.000362;81323.0;0.000118;81323.0;0.001162
505;regular;3297383.0;0.000336;3297383.0;8e-05;3297383.0;0.007925
505;watts;94489.0;0.000335;94489.0;0.000102;94489.0;0.001254
506;barabasi;38991.0;0.000355;38991.0;0.000121;38991.0;0.000954
506;complete;1828.0;0.000327;2390.0;0.00025;1828.0;0.000601
506;erdos;67044.0;0.000363;67044.0;0.00012;67044.0;0.000972
506;regular;175924.0;0.000367;175924.0;9.7e-05;175924.0;0.001238
506;watts;117283.0;0.00033;117283.0;0.000104;117283.0;0.001272
507;barabasi;32327.0;0.000355;32327.0;0.000134;32327.0;0.000952
507;complete;1872.0;0.000327;2559.0;0.000252;1872.0;0.000608
507;erdos;89040.0;0.000393;89040.0;0.000142;89040.0;0.001165
507;regular;275476.0;0.000111;275476.0;3.3e-05;275476.0;0.001068
507;watts;89049.0;0.000332;89049.0;0.000104;89049.0;0.001749
508;barabasi;31569.0;0.000449;31569.0;0.000152;31569.0;0.001087
508;complete;1960.0;0.000345;2588.0;0.000253;1960.0;0.000607
508;erdos;82829.0;0.000366;82829.0;0.000113;82829.0;0.000946
508;regular;141590.0;0.000346;141590.0;9.2e-05;141590.0;0.001085
508;watts;90401.0;0.00037;90401.0;0.000131;90401.0;0.001423
509;barabasi;38624.0;0.000361;38624.0;0.000129;38624.0;0.000831
509;complete;2277.0;0.00034;2977.0;0.000252;2277.0;0.000487
509;erdos;67967.0;0.00037;67967.0;0.000115;67967.0;0.001086
509;regular;452688.0;0.000136;452688.0;3.4e-05;452688.0;0.001508
509;watts;98544.0;0.000331;98544.0;0.000105;98544.0;0.001391
510;barabasi;46758.0;0.000366;46758.0;0.000124;46758.0;0.001093
510;complete;1692.0;0.00034;2027.0;0.000257;1692.0;0.000604
510;erdos;57861.0;0.000379;57861.0;0.000113;57861.0;0.001108
510;regular;136262.0;0.000362;136262.0;9.9e-05;136262.0;0.000937
510;watts;108943.0;0.000348;108943.0;0.000105;108943.0;0.001404
511;barabasi;31681.0;0.000361;31681.0;0.000124;31681.0;0.000969
511;complete;1966.0;0.000333;2540.0;0.000256;1966.0;0.00049
511;erdos;71349.0;0.000446;71349.0;0.000115;71349.0;0.001053
511;regular;3213384.0;0.000348;3213384.0;8.3e-05;3213384.0;0.008711
511;watts;120783.0;0.000358;120783.0;0.000105;120783.0;0.001548
512;watts;103198.0;0.00035;103198.0;0.000134;103198.0;0.001439
512;barabasi;40181.0;0.000367;40181.0;0.000122;40181.0;0.000842
512;complete;2008.0;0.000331;2587.0;0.000257;2008.0;0.000614
512;erdos;79700.0;0.000372;79700.0;0.000117;79700.0;0.001338
512;regular;137358.0;0.000366;137358.0;9.9e-05;137358.0;0.001092
513;barabasi;36540.0;0.000369;36540.0;0.000124;36540.0;0.001107
513;complete;1903.0;0.000333;2345.0;0.000254;1903.0;0.00061
513;erdos;60867.0;0.000371;60867.0;0.000117;60867.0;0.000942
513;regular;3273485.0;0.000347;3273485.0;0.000111;3273485.0;0.008032
513;watts;92782.0;0.000354;92782.0;0.00012;92782.0;0.001427
514;barabasi;33728.0;0.000367;33728.0;0.000122;33728.0;0.000849
514;complete;1879.0;0.000399;2511.0;0.000259;1879.0;0.000652
514;erdos;85367.0;0.000374;85367.0;0.000118;85367.0;0.001126
514;regular;172387.0;0.000359;172387.0;0.0001;172387.0;0.000956
514;watts;145574.0;0.000344;145574.0;0.000106;145574.0;0.001674
515;barabasi;33253.0;0.000367;33253.0;0.000125;33253.0;0.000986
515;complete;1851.0;0.000337;2442.0;0.000255;1851.0;0.000622
515;erdos;72841.0;0.000379;72841.0;0.00012;72841.0;0.001117
515;regular;2645592.0;0.000358;2645592.0;8.5e-05;2645592.0;0.006569
515;watts;104657.0;0.000346;104657.0;0.000107;104657.0;0.001571
516;barabasi;35819.0;0.000372;35819.0;0.000127;35819.0;0.001382
516;complete;1921.0;0.000338;2461.0;0.000255;1921.0;0.000623
516;erdos;66498.0;0.000459;66498.0;0.000148;66498.0;0.001536
516;regular;100360.0;0.000346;100360.0;9.7e-05;100360.0;0.000852
516;watts;94693.0;0.000347;94693.0;0.000109;94693.0;0.001544
517;barabasi;27744.0;0.000367;27744.0;0.000126;27744.0;0.000861
517;complete;1852.0;0.000344;2366.0;0.000262;1852.0;0.000621
517;erdos;92669.0;0.000379;92669.0;0.000118;92669.0;0.001095
517;regular;2034526.0;0.000292;2034526.0;6.9e-05;2034526.0;0.005492
517;watts;119289.0;0.000345;119289.0;0.000107;119289.0;0.002002
518;watts;139546.0;0.000358;139546.0;0.000109;139546.0;0.001818
518;barabasi;26778.0;0.000372;26778.0;0.000126;26778.0;0.000993
518;complete;1962.0;0.000339;2502.0;0.00026;1962.0;0.000627
518;erdos;54630.0;0.000383;54630.0;0.00012;54630.0;0.00111
518;regular;171943.0;0.000444;171943.0;0.000105;171943.0;0.001012
519;barabasi;26498.0;0.000374;26498.0;0.000151;26498.0;0.000862
519;complete;1661.0;0.000349;2035.0;0.000256;1661.0;0.000629
519;erdos;53026.0;0.000388;53026.0;0.000119;53026.0;0.001332
519;regular;3242954.0;0.000358;3242954.0;8.3e-05;3242954.0;0.008442
519;watts;94778.0;0.000351;94778.0;0.000109;94778.0;0.001586
520;watts;86165.0;0.000352;86165.0;0.000109;86165.0;0.001559
520;barabasi;33114.0;0.000385;33114.0;0.000126;33114.0;0.001115
520;complete;2029.0;0.000355;2529.0;0.000263;2029.0;0.000631
520;erdos;58948.0;0.000379;58948.0;0.000121;58948.0;0.000875
520;regular;149790.0;0.000354;149790.0;9.5e-05;149790.0;0.000845
521;barabasi;32309.0;0.000382;32309.0;0.000127;32309.0;0.001005
521;complete;1888.0;0.000365;2533.0;0.00026;1888.0;0.000634
521;erdos;87045.0;0.000383;87045.0;0.000121;87045.0;0.001159
521;regular;2988142.0;0.000352;2988142.0;9.4e-05;2988142.0;0.008891
521;watts;136992.0;0.00039;136992.0;0.000109;136992.0;0.001738
522;barabasi;32472.0;0.000376;32562.0;0.000131;32472.0;0.001009
522;complete;2022.0;0.000362;2593.0;0.000275;2022.0;0.00063
522;erdos;68994.0;0.000486;68994.0;0.000153;68994.0;0.000999
522;regular;168679.0;0.000389;168679.0;0.000121;168679.0;0.000934
522;watts;112390.0;0.000355;112390.0;0.000109;112390.0;0.001466
523;barabasi;30818.0;0.000381;30818.0;0.000131;30818.0;0.000877
523;complete;1842.0;0.00038;2326.0;0.000265;1842.0;0.000638
523;erdos;106456.0;0.000389;106456.0;0.000125;106456.0;0.001137
523;regular;21236.0;2.4e-05;21236.0;1e-05;21236.0;0.00027
523;watts;97279.0;0.000402;97279.0;0.00014;97279.0;0.001659
524;watts;91933.0;0.000351;91933.0;0.00011;91933.0;0.001606
524;barabasi;39995.0;0.000387;39995.0;0.000127;39995.0;0.001149
524;complete;2010.0;0.000348;2585.0;0.000268;2010.0;0.000639
524;erdos;58816.0;0.000387;58816.0;0.000125;58816.0;0.001157
524;regular;167530.0;0.000374;167530.0;0.000102;167530.0;0.001174
525;barabasi;28944.0;0.00038;28944.0;0.000126;28944.0;0.001105
525;complete;1848.0;0.000352;2328.0;0.000263;1848.0;0.000643
525;erdos;66047.0;0.000496;66047.0;0.000156;66047.0;0.001271
525;regular;1112501.0;0.000255;1112501.0;6.7e-05;1112501.0;0.003358
525;watts;93945.0;0.000438;93945.0;0.000147;93945.0;0.001811
526;barabasi;34779.0;0.000386;34779.0;0.000127;34779.0;0.000887
526;complete;1886.0;0.000353;2453.0;0.00027;1886.0;0.000648
526;erdos;72548.0;0.000481;72548.0;0.000123;72548.0;0.001246
526;regular;158904.0;0.000456;158904.0;0.000104;158904.0;0.000978
526;watts;110834.0;0.000359;110834.0;0.000111;110834.0;0.001625
527;barabasi;34025.0;0.000385;34025.0;0.000135;34025.0;0.000888
527;complete;1952.0;0.000352;2521.0;0.000268;1952.0;0.000648
527;erdos;49892.0;0.000394;49892.0;0.000124;49892.0;0.001069
527;regular;3401632.0;0.000378;3401632.0;8.6e-05;3401632.0;0.008678
527;watts;112354.0;0.000368;112354.0;0.000111;112354.0;0.001364
528;barabasi;31981.0;0.000386;31981.0;0.000129;31981.0;0.001029
528;complete;1897.0;0.000359;2408.0;0.000274;1897.0;0.000662
528;erdos;67328.0;0.000392;67328.0;0.000122;67328.0;0.001274
528;regular;169912.0;0.000377;169912.0;0.00014;169912.0;0.001196
528;watts;83038.0;0.000371;83038.0;0.000141;83038.0;0.001698
529;watts;113152.0;0.000362;113152.0;0.000111;113152.0;0.001658
529;barabasi;27128.0;0.000385;27128.0;0.00013;27128.0;0.001034
529;complete;2060.0;0.000347;2569.0;0.000268;2060.0;0.00065
529;erdos;79831.0;0.000478;79831.0;0.000123;79831.0;0.001297
529;regular;2170934.0;0.000365;2170934.0;6.9e-05;2170934.0;0.005644
530;barabasi;30463.0;0.000396;30463.0;0.00013;30463.0;0.001175
530;complete;1684.0;0.000368;1982.0;0.000269;1684.0;0.00065
530;erdos;66748.0;0.000394;66748.0;0.000129;66748.0;0.001028
530;regular;103679.0;0.000406;103679.0;0.000128;103679.0;0.001281
530;watts;106765.0;0.000367;106765.0;0.000113;106765.0;0.001396
531;complete;1867.0;0.000361;2252.0;0.000268;1867.0;0.00066
531;erdos;60235.0;0.0004;60235.0;0.000123;60235.0;0.001274
531;regular;37701.0;3.6e-05;37701.0;1.3e-05;37701.0;0.000342
531;watts;112576.0;0.000365;112576.0;0.000113;112576.0;0.001791
531;barabasi;43097.0;0.000394;43097.0;0.000132;43097.0;0.001193
532;barabasi;32233.0;0.000393;32233.0;0.000135;32233.0;0.000903
532;complete;2071.0;0.000356;2500.0;0.000268;2071.0;0.000659
532;erdos;57410.0;0.000405;57410.0;0.000123;57410.0;0.001014
532;regular;167138.0;0.000415;167138.0;0.000108;167138.0;0.00104
532;watts;121798.0;0.000382;121798.0;0.000113;121798.0;0.001525
533;barabasi;37765.0;0.000393;37765.0;0.00013;37765.0;0.001185
533;complete;2091.0;0.000359;2635.0;0.00027;2091.0;0.00066
533;erdos;50085.0;0.000408;50085.0;0.000133;50085.0;0.001466
533;regular;3686503.0;0.000393;3686503.0;8.7e-05;3686503.0;0.009483
533;watts;107737.0;0.000363;107737.0;0.000114;107737.0;0.00141
534;barabasi;28054.0;0.000407;28054.0;0.000132;28054.0;0.001032
534;complete;1993.0;0.00036;2599.0;0.000281;1993.0;0.000661
534;erdos;83785.0;0.000402;83785.0;0.000124;83785.0;0.001164
534;regular;165581.0;0.000388;165581.0;0.000106;165581.0;0.001052
534;watts;131675.0;0.000367;131675.0;0.000112;131675.0;0.001528
535;barabasi;28542.0;0.000397;28542.0;0.000136;28542.0;0.000911
535;complete;2141.0;0.000353;2943.0;0.000282;2141.0;0.000532
535;erdos;71915.0;0.000403;71915.0;0.000126;71915.0;0.001201
535;regular;1386947.0;0.000236;1386947.0;5.6e-05;1386947.0;0.003916
535;watts;115809.0;0.000405;115809.0;0.000113;115809.0;0.001511
536;barabasi;35601.0;0.000398;35601.0;0.000132;35601.0;0.00106
536;complete;1789.0;0.000378;2205.0;0.000277;1789.0;0.000664
536;erdos;71373.0;0.0004;71373.0;0.000126;71373.0;0.001174
536;regular;158736.0;0.00049;158736.0;0.000166;158736.0;0.001087
536;watts;109267.0;0.000372;109267.0;0.000115;109267.0;0.001429
537;watts;91497.0;0.000373;91497.0;0.000116;91497.0;0.00167
537;barabasi;39157.0;0.000401;39157.0;0.000137;39157.0;0.001206
537;complete;1836.0;0.000387;2338.0;0.000281;1836.0;0.000667
537;erdos;69022.0;0.000404;69022.0;0.000141;69022.0;0.000924
537;regular;1331666.0;0.000241;1331666.0;5.8e-05;1331666.0;0.004136
538;barabasi;34187.0;0.000401;34187.0;0.000132;34187.0;0.001066
538;complete;2123.0;0.000362;2808.0;0.000286;2123.0;0.00067
538;erdos;81434.0;0.000409;81434.0;0.000128;81434.0;0.001093
538;regular;184664.0;0.000394;184664.0;0.000108;184664.0;0.001554
538;watts;109464.0;0.000382;109464.0;0.000114;109464.0;0.001567
539;barabasi;32097.0;0.000406;32097.0;0.000134;32097.0;0.001072
539;complete;1905.0;0.000369;2400.0;0.000286;1905.0;0.000954
539;erdos;99380.0;0.00041;99380.0;0.000131;99380.0;0.001194
539;regular;2209366.0;0.000309;2209366.0;7.2e-05;2209366.0;0.00608
539;watts;129568.0;0.000465;129568.0;0.000144;129568.0;0.002096
540;barabasi;28850.0;0.000481;28850.0;0.000144;28850.0;0.000933
540;complete;2515.0;0.000368;3094.0;0.000288;2515.0;0.000674
540;erdos;62414.0;0.000413;62414.0;0.000129;62414.0;0.001224
540;regular;182131.0;0.000397;182131.0;0.000109;182131.0;0.001354
540;watts;117892.0;0.000374;117892.0;0.00013;117892.0;0.001645
541;barabasi;30388.0;0.000514;30485.0;0.000153;30388.0;0.000937
541;complete;2038.0;0.000363;2678.0;0.000288;2038.0;0.000676
541;erdos;57097.0;0.000413;57097.0;0.00013;57097.0;0.001081
541;regular;3657144.0;0.000403;3657144.0;9e-05;3657144.0;0.009948
541;watts;132470.0;0.000379;132470.0;0.000116;132470.0;0.001451
542;barabasi;37858.0;0.000408;37858.0;0.000138;37858.0;0.000938
542;complete;1844.0;0.000381;2333.0;0.000282;1844.0;0.000682
542;erdos;94971.0;0.000415;94971.0;0.000132;94971.0;0.001189
542;regular;181240.0;0.000428;181240.0;0.000108;181240.0;0.001065
542;watts;112532.0;0.000383;112532.0;0.000116;112532.0;0.001291
543;barabasi;35581.0;0.00041;35581.0;0.000143;35581.0;0.001371
543;complete;2196.0;0.000374;2824.0;0.000285;2196.0;0.000686
543;erdos;67953.0;0.000425;67953.0;0.000146;67953.0;0.001263
543;regular;2392850.0;0.000315;2392850.0;7.9e-05;2392850.0;0.006737
543;watts;130483.0;0.000411;130483.0;0.00012;130483.0;0.001727
544;erdos;75442.0;0.00042;75442.0;0.00013;75442.0;0.001215
544;barabasi;32838.0;0.000409;32838.0;0.000134;32838.0;0.000944
544;complete;1961.0;0.000403;2550.0;0.000288;1961.0;0.000685
544;regular;164516.0;0.000413;164516.0;0.000111;164516.0;0.001376
544;watts;117505.0;0.000397;117505.0;0.000116;117505.0;0.001722
545;barabasi;28918.0;0.00041;28918.0;0.000136;28918.0;0.001092
545;complete;1765.0;0.000387;2245.0;0.000279;1765.0;0.000687
545;erdos;72383.0;0.00042;72383.0;0.000128;72383.0;0.001189
545;regular;3149371.0;0.000361;3149371.0;8.9e-05;3149371.0;0.008657
545;watts;102388.0;0.000387;102388.0;0.000119;102388.0;0.001455
546;barabasi;31829.0;0.000411;31829.0;0.000137;31829.0;0.001098
546;complete;1771.0;0.000413;2131.0;0.000296;1771.0;0.000714
546;erdos;71197.0;0.000454;71197.0;0.000167;71197.0;0.001321
546;regular;177698.0;0.000494;177698.0;0.000141;177698.0;0.000912
546;watts;110765.0;0.000388;110765.0;0.000124;110765.0;0.001619
547;barabasi;35254.0;0.000416;35254.0;0.000142;35254.0;0.000963
547;complete;2151.0;0.000381;2762.0;0.000286;2151.0;0.000705
547;erdos;65942.0;0.000429;65942.0;0.000131;65942.0;0.001098
547;regular;3524765.0;0.000389;3524765.0;0.000113;3524765.0;0.010294
547;watts;131118.0;0.000382;131118.0;0.000117;131118.0;0.001486
548;complete;2025.0;0.000377;2622.0;0.000289;2025.0;0.000698
548;erdos;84174.0;0.000423;84174.0;0.000131;84174.0;0.001115
548;regular;166077.0;0.000516;166077.0;0.000142;166077.0;0.001272
548;watts;92884.0;0.000386;92884.0;0.000124;92884.0;0.001767
548;barabasi;28523.0;0.000409;28523.0;0.000136;28523.0;0.000963
549;barabasi;29151.0;0.000413;29151.0;0.000139;29151.0;0.001109
549;complete;1982.0;0.000382;2654.0;0.000289;1982.0;0.000694
549;erdos;75365.0;0.000422;75365.0;0.00015;75365.0;0.001092
549;regular;780469.0;0.000167;780469.0;4.5e-05;780469.0;0.002247
549;watts;124857.0;0.00038;124857.0;0.000118;124857.0;0.001916
550;barabasi;27235.0;0.000414;27235.0;0.000139;27235.0;0.001113
550;complete;1914.0;0.000417;2370.0;0.000283;1914.0;0.000705
550;erdos;67321.0;0.000433;67321.0;0.000133;67321.0;0.001103
550;regular;160245.0;0.000421;160245.0;0.000111;160245.0;0.00141
550;watts;131302.0;0.000387;131302.0;0.00012;131302.0;0.002345
551;complete;2026.0;0.000383;2688.0;0.000292;2026.0;0.000699
551;erdos;77917.0;0.000536;77917.0;0.000135;77917.0;0.001425
551;regular;3448021.0;0.000435;3448021.0;8.8e-05;3448021.0;0.00995
551;watts;95264.0;0.000423;95264.0;0.000157;95264.0;0.001879
551;barabasi;32513.0;0.000424;32513.0;0.000138;32513.0;0.000968
552;barabasi;31463.0;0.000421;31463.0;0.000142;31463.0;0.001015
552;complete;2399.0;0.00039;3123.0;0.000291;2399.0;0.000847
552;erdos;77142.0;0.00043;77142.0;0.000132;77142.0;0.001009
552;regular;194209.0;0.000413;194209.0;0.000114;194209.0;0.001473
552;watts;105169.0;0.000391;105169.0;0.00012;105169.0;0.001455
553;barabasi;36028.0;0.000422;36028.0;0.000139;36028.0;0.001124
553;complete;2053.0;0.000386;2664.0;0.000293;2053.0;0.000704
553;erdos;81563.0;0.000548;81563.0;0.000167;81563.0;0.00159
553;regular;1924053.0;0.000285;1924053.0;6.7e-05;1924053.0;0.005887
553;watts;122862.0;0.000392;122862.0;0.000123;122862.0;0.001652
554;watts;125294.0;0.000398;125294.0;0.000121;125294.0;0.002122
554;barabasi;30615.0;0.000516;30615.0;0.000139;30615.0;0.000977
554;complete;1874.0;0.000402;2330.0;0.000289;1874.0;0.00071
554;erdos;68110.0;0.000441;68110.0;0.000138;68110.0;0.001451
554;regular;199582.0;0.000427;199582.0;0.000112;199582.0;0.00129
555;barabasi;32315.0;0.000418;32325.0;0.000144;32315.0;0.001132
555;complete;2340.0;0.000399;3287.0;0.0003;2340.0;0.000717
555;erdos;65606.0;0.000484;65606.0;0.00017;65606.0;0.001448
555;regular;2104687.0;0.000303;2104687.0;7.2e-05;2104687.0;0.006262
555;watts;114023.0;0.000391;114023.0;0.000121;114023.0;0.001805
556;barabasi;38592.0;0.000424;38592.0;0.000139;38592.0;0.00135
556;complete;2106.0;0.000393;2846.0;0.000297;2106.0;0.000715
556;erdos;67697.0;0.000432;67697.0;0.000172;67697.0;0.001495
556;regular;124157.0;0.00048;124157.0;0.000112;124157.0;0.001263
556;watts;102869.0;0.000394;102869.0;0.000121;102869.0;0.001819
557;barabasi;31580.0;0.000534;31580.0;0.000177;31580.0;0.001216
557;complete;1980.0;0.000395;2599.0;0.000299;1980.0;0.000715
557;erdos;60863.0;0.000439;60863.0;0.000162;60863.0;0.00121
557;regular;3020602.0;0.000367;3020602.0;8.5e-05;3020602.0;0.008882
557;watts;122479.0;0.000402;122479.0;0.000122;122479.0;0.001682
558;barabasi;35204.0;0.00043;35204.0;0.000139;35204.0;0.001299
558;complete;1765.0;0.000398;2140.0;0.000291;1765.0;0.000724
558;erdos;55170.0;0.000441;55170.0;0.000138;55170.0;0.001305
558;regular;191830.0;0.000472;191830.0;0.000113;191830.0;0.001237
558;watts;154827.0;0.000392;154827.0;0.000122;154827.0;0.001833
559;barabasi;37308.0;0.000439;37308.0;0.000146;37308.0;0.001299
559;complete;1993.0;0.000397;2547.0;0.000302;1993.0;0.000721
559;erdos;68825.0;0.000435;68825.0;0.000135;68825.0;0.000959
559;regular;1483427.0;0.000294;1483427.0;8.6e-05;1483427.0;0.004434
559;watts;120614.0;0.000401;120614.0;0.000123;120614.0;0.001361
560;barabasi;29987.0;0.000438;29987.0;0.000142;29987.0;0.00115
560;complete;1940.0;0.000407;2526.0;0.0003;1940.0;0.000726
560;erdos;76245.0;0.000443;76245.0;0.000136;76245.0;0.001467
560;regular;183287.0;0.00043;183287.0;0.000114;183287.0;0.001239
560;watts;98735.0;0.000409;98735.0;0.000122;98735.0;0.001541
561;barabasi;36014.0;0.000442;36014.0;0.000141;36014.0;0.001155
561;complete;1970.0;0.000407;2608.0;0.000299;1970.0;0.000731
561;erdos;48269.0;0.000441;48269.0;0.00014;48269.0;0.001457
561;regular;3720612.0;0.000415;3720612.0;0.000133;3720612.0;0.011863
561;watts;105466.0;0.000406;105466.0;0.000121;105466.0;0.001546
562;barabasi;29004.0;0.000435;29004.0;0.000144;29004.0;0.001124
562;complete;2015.0;0.000412;2792.0;0.000299;2015.0;0.000738
562;erdos;58373.0;0.000447;58373.0;0.000138;58373.0;0.001169
562;regular;162248.0;0.000435;162248.0;0.000117;162248.0;0.001274
562;watts;93887.0;0.00042;93887.0;0.000124;93887.0;0.001343
563;barabasi;28096.0;0.000436;28096.0;0.000143;28096.0;0.001006
563;complete;2067.0;0.000406;2666.0;0.000296;2067.0;0.000742
563;erdos;88597.0;0.00046;88597.0;0.000138;88597.0;0.001042
563;regular;914742.0;0.000191;914742.0;5e-05;914742.0;0.002908
563;watts;113047.0;0.000407;113047.0;0.000122;113047.0;0.002152
564;barabasi;33072.0;0.000432;33072.0;0.000144;33072.0;0.001173
564;complete;1963.0;0.000409;2545.0;0.000299;1963.0;0.000736
564;erdos;85318.0;0.000456;85318.0;0.00014;85318.0;0.001361
564;regular;205770.0;0.000477;205770.0;0.000119;205770.0;0.001319
564;watts;115909.0;0.000418;115909.0;0.000123;115909.0;0.00217
565;barabasi;36075.0;0.000546;36075.0;0.000158;36075.0;0.001483
565;complete;1953.0;0.000418;2583.0;0.000299;1953.0;0.000739
565;erdos;52185.0;0.000455;52185.0;0.00014;52185.0;0.001301
565;regular;2409739.0;0.000343;2409739.0;7.8e-05;2409739.0;0.007201
565;watts;138959.0;0.000417;138959.0;0.000125;138959.0;0.001866
566;barabasi;33307.0;0.000447;33307.0;0.000143;33307.0;0.001153
566;complete;2176.0;0.0004;2819.0;0.0003;2176.0;0.000747
566;erdos;0.0;3e-06;0.0;3e-06;0.0;0.000226
566;regular;178046.0;0.000443;178046.0;0.000117;178046.0;0.001427
566;watts;132155.0;0.000501;132155.0;0.00013;132155.0;0.001576
567;barabasi;28449.0;0.000441;28449.0;0.000143;28449.0;0.001177
567;complete;2082.0;0.00041;2736.0;0.000305;2082.0;0.000747
567;erdos;57715.0;0.000453;57715.0;0.000143;57715.0;0.001533
567;regular;2653374.0;0.000377;2653374.0;7.9e-05;2653374.0;0.008062
567;watts;153447.0;0.00042;153447.0;0.000133;153447.0;0.001604
568;complete;1949.0;0.00042;2556.0;0.000305;1949.0;0.000749
568;erdos;61083.0;0.000554;61083.0;0.000174;61083.0;0.001294
568;regular;113328.0;0.000524;113328.0;0.000141;113328.0;0.00112
568;watts;118270.0;0.000409;118270.0;0.000161;118270.0;0.001892
568;barabasi;31654.0;0.000468;31654.0;0.000181;31654.0;0.001484
569;barabasi;36944.0;0.000441;36944.0;0.000144;36944.0;0.001188
569;complete;2177.0;0.000424;2900.0;0.000308;2177.0;0.000751
569;erdos;104918.0;0.000454;104918.0;0.00014;104918.0;0.001384
569;regular;1209426.0;0.000229;1209426.0;5.7e-05;1209426.0;0.00416
569;watts;120622.0;0.000415;120622.0;0.000129;120622.0;0.001742
570;barabasi;31835.0;0.000447;31835.0;0.000179;31835.0;0.001189
570;complete;2155.0;0.000399;2848.0;0.000308;2155.0;0.000749
570;erdos;57726.0;0.00046;57726.0;0.000141;57726.0;0.001163
570;regular;199272.0;0.000441;199272.0;0.000118;199272.0;0.001282
570;watts;139478.0;0.000459;139478.0;0.000127;139478.0;0.001621
571;watts;128317.0;0.00042;128317.0;0.000125;128317.0;0.001568
571;barabasi;43577.0;0.000444;43577.0;0.000151;43577.0;0.001033
571;complete;2209.0;0.000404;2783.0;0.000305;2209.0;0.000759
571;erdos;71507.0;0.000457;71507.0;0.000145;71507.0;0.001715
571;regular;2278152.0;0.000329;2278152.0;7.8e-05;2278152.0;0.006584
572;barabasi;31477.0;0.000447;31477.0;0.000146;31477.0;0.001214
572;complete;1887.0;0.000429;2387.0;0.000309;1887.0;0.000754
572;erdos;87471.0;0.00058;87471.0;0.000175;87471.0;0.001396
572;regular;154983.0;0.000502;154983.0;0.00012;154983.0;0.001386
572;watts;128547.0;0.000426;128547.0;0.000132;128547.0;0.001866
573;barabasi;34309.0;0.00048;34309.0;0.000185;34309.0;0.001238
573;complete;2065.0;0.000439;2667.0;0.000309;2065.0;0.000761
573;erdos;77598.0;0.000458;77598.0;0.000143;77598.0;0.001425
573;regular;3530906.0;0.000422;3530906.0;9.4e-05;3530906.0;0.010288
573;watts;91341.0;0.000431;91341.0;0.000129;91341.0;0.001932
574;barabasi;34419.0;0.000455;34419.0;0.000146;34419.0;0.00137
574;complete;2025.0;0.000445;2532.0;0.000319;2025.0;0.000758
574;erdos;69187.0;0.000459;69187.0;0.000152;69187.0;0.001061
574;regular;201528.0;0.000444;201528.0;0.000125;201528.0;0.001434
574;watts;119195.0;0.000421;119195.0;0.000127;119195.0;0.001786
575;barabasi;42386.0;0.000461;42386.0;0.000152;42386.0;0.001377
575;complete;2102.0;0.00042;2738.0;0.000314;2102.0;0.00083
575;erdos;73015.0;0.000547;73015.0;0.000154;73015.0;0.00141
575;regular;1014207.0;0.000225;1014207.0;5.9e-05;1014207.0;0.003488
575;watts;132110.0;0.00042;132110.0;0.000134;132110.0;0.001556
576;barabasi;44756.0;0.000463;44756.0;0.000152;44756.0;0.00154
576;complete;1932.0;0.000473;2507.0;0.00032;1932.0;0.000802
576;erdos;56037.0;0.000461;56037.0;0.000197;56037.0;0.001652
576;regular;123795.0;0.000515;123795.0;0.000123;123795.0;0.001412
576;watts;125406.0;0.000428;125406.0;0.000134;125406.0;0.002076
577;barabasi;31389.0;0.000463;31389.0;0.000148;31389.0;0.001055
577;complete;2100.0;0.000425;2937.0;0.000314;2100.0;0.00077
577;erdos;62442.0;0.000468;62442.0;0.000148;62442.0;0.001428
577;regular;453955.0;0.000125;453955.0;5.3e-05;453955.0;0.001339
577;watts;113867.0;0.000432;113867.0;0.000128;113867.0;0.001862
578;barabasi;35897.0;0.000467;35897.0;0.000149;35897.0;0.001059
578;complete;2071.0;0.000489;2636.0;0.000388;2071.0;0.000873
578;erdos;63823.0;0.000466;63823.0;0.000144;63823.0;0.001423
578;regular;196139.0;0.000487;196139.0;0.000118;196139.0;0.001442
578;watts;114546.0;0.000435;114546.0;0.00013;114546.0;0.00226
579;barabasi;35846.0;0.000458;35858.0;0.000152;35846.0;0.001063
579;complete;1846.0;0.00044;2442.0;0.000326;1846.0;0.000627
579;erdos;63373.0;0.00047;63373.0;0.000147;63373.0;0.001433
579;regular;4037308.0;0.000486;4037308.0;0.000103;4037308.0;0.012434
579;watts;195597.0;0.000453;195597.0;0.000129;195597.0;0.002254
580;barabasi;38185.0;0.000456;38185.0;0.000149;38185.0;0.001394
580;complete;1960.0;0.000428;2467.0;0.000312;1960.0;0.000775
580;erdos;71246.0;0.000468;71246.0;0.000143;71246.0;0.002209
580;regular;174241.0;0.000515;174241.0;0.000122;174241.0;0.001475
580;watts;149708.0;0.000427;149708.0;0.000129;149708.0;0.002134
581;barabasi;42043.0;0.000467;42043.0;0.000216;42043.0;0.001361
581;complete;2118.0;0.000432;2763.0;0.000318;2118.0;0.000782
581;erdos;81600.0;0.000595;81600.0;0.000181;81600.0;0.001527
581;regular;1614553.0;0.000297;1614553.0;7.7e-05;1614553.0;0.004621
581;watts;95111.0;0.000433;95111.0;0.00013;95111.0;0.001632
582;complete;2103.0;0.000467;2700.0;0.000316;2103.0;0.000818
582;erdos;123309.0;0.000597;123309.0;0.000186;123309.0;0.001518
582;regular;208988.0;0.0005;208988.0;0.000125;208988.0;0.001171
582;watts;163045.0;0.000429;163045.0;0.000145;163045.0;0.001813
582;barabasi;41540.0;0.00046;41540.0;0.000149;41540.0;0.001074
583;barabasi;39630.0;0.000465;39630.0;0.000148;39630.0;0.001272
583;complete;2266.0;0.000416;2779.0;0.000317;2266.0;0.000785
583;erdos;87098.0;0.000476;87098.0;0.000145;87098.0;0.001395
583;regular;3393798.0;0.000484;3393798.0;9.3e-05;3393798.0;0.011055
583;watts;110381.0;0.000464;110381.0;0.00013;110381.0;0.002003
584;barabasi;33353.0;0.000468;33353.0;0.00015;33353.0;0.00108
584;complete;2397.0;0.000426;3026.0;0.000322;2397.0;0.00079
584;erdos;63377.0;0.000551;63377.0;0.000185;63377.0;0.001407
584;regular;141462.0;0.000435;141462.0;0.000116;141462.0;0.001005
584;watts;107468.0;0.000442;107468.0;0.000133;107468.0;0.002147
585;complete;2056.0;0.000526;2671.0;0.000317;2056.0;0.000791
585;erdos;76889.0;0.000483;76889.0;0.000152;76889.0;0.001269
585;regular;865938.0;0.000239;865938.0;6.1e-05;865938.0;0.003233
585;watts;132257.0;0.000549;132257.0;0.000146;132257.0;0.001672
585;barabasi;38409.0;0.000589;38409.0;0.000159;38409.0;0.001247
586;barabasi;35500.0;0.000474;35500.0;0.000153;35500.0;0.001087
586;complete;2099.0;0.000436;2655.0;0.00032;2099.0;0.000795
586;erdos;62147.0;0.000481;62147.0;0.000157;62147.0;0.001615
586;regular;169923.0;0.000533;169923.0;0.000124;169923.0;0.001397
586;watts;102225.0;0.000437;102225.0;0.000137;102225.0;0.001482
587;barabasi;28812.0;0.000479;28812.0;0.000151;28812.0;0.00109
587;complete;2049.0;0.000446;2548.0;0.000326;2049.0;0.000794
587;erdos;49881.0;0.000607;49881.0;0.000165;49881.0;0.001511
587;regular;3296156.0;0.00042;3296156.0;9e-05;3296156.0;0.009569
587;watts;136505.0;0.000527;136505.0;0.000173;136505.0;0.002161
588;barabasi;30504.0;0.000684;30529.0;0.00029;30504.0;0.001251
588;complete;2007.0;0.00049;2583.0;0.000322;2007.0;0.0008
588;erdos;69077.0;0.000621;69077.0;0.000206;69077.0;0.001482
588;regular;209902.0;0.000471;209902.0;0.000124;209902.0;0.001534
588;watts;136170.0;0.000445;136170.0;0.000143;136170.0;0.002015
589;barabasi;43503.0;0.000483;43503.0;0.000155;43503.0;0.001263
589;complete;2098.0;0.000447;2809.0;0.000327;2098.0;0.000801
589;erdos;61064.0;0.000511;61064.0;0.000222;61064.0;0.001523
589;regular;1836958.0;0.000359;1836958.0;7.2e-05;1836958.0;0.005745
589;watts;124465.0;0.000449;124465.0;0.000143;124465.0;0.001691
590;barabasi;41971.0;0.000486;41971.0;0.000154;41971.0;0.001367
590;complete;2145.0;0.000438;2753.0;0.00033;2145.0;0.000805
590;erdos;78063.0;0.000564;78063.0;0.000187;78063.0;0.001446
590;regular;217592.0;0.000512;217592.0;0.000125;217592.0;0.001207
590;watts;102361.0;0.000451;102361.0;0.000133;102361.0;0.00213
591;barabasi;35167.0;0.000481;35167.0;0.000153;35167.0;0.001216
591;complete;2309.0;0.000442;2920.0;0.000331;2309.0;0.000805
591;erdos;73946.0;0.000487;73946.0;0.000156;73946.0;0.001657
591;regular;1627652.0;0.000299;1627652.0;6.7e-05;1627652.0;0.005275
591;watts;124778.0;0.000445;124778.0;0.000134;124778.0;0.001827
592;barabasi;37470.0;0.000481;37470.0;0.000152;37470.0;0.001407
592;complete;2165.0;0.000436;2860.0;0.000329;2165.0;0.000811
592;erdos;83124.0;0.000694;83124.0;0.000154;83124.0;0.001444
592;regular;185562.0;0.000481;185562.0;0.000126;185562.0;0.00137
592;watts;106702.0;0.000447;106702.0;0.000134;106702.0;0.001744
593;barabasi;32696.0;0.00048;32696.0;0.000158;32696.0;0.001282
593;complete;2027.0;0.000464;2629.0;0.00033;2027.0;0.000834
593;erdos;62860.0;0.0005;62860.0;0.000152;62860.0;0.001472
593;regular;1653872.0;0.000275;1653872.0;6.6e-05;1653872.0;0.004668
593;watts;126100.0;0.000448;126100.0;0.000136;126100.0;0.001836
594;barabasi;38301.0;0.000483;38338.0;0.000153;38301.0;0.001458
594;complete;1984.0;0.000466;2512.0;0.000329;1984.0;0.000656
594;erdos;58663.0;0.000497;58663.0;0.000151;58663.0;0.001311
594;regular;202230.0;0.00048;202230.0;0.000144;202230.0;0.00147
594;watts;130090.0;0.00046;130090.0;0.000135;130090.0;0.001784
595;barabasi;30886.0;0.000491;30886.0;0.000155;30886.0;0.000977
595;complete;2025.0;0.000474;2643.0;0.000332;2025.0;0.000816
595;erdos;71012.0;0.000562;71012.0;0.000155;71012.0;0.001637
595;regular;30.0;4e-06;30.0;4e-06;30.0;0.00024
595;watts;125913.0;0.000452;125913.0;0.000134;125913.0;0.001908
596;barabasi;39101.0;0.000486;39101.0;0.000154;39101.0;0.00167
596;complete;2195.0;0.000449;2847.0;0.000329;2195.0;0.00082
596;erdos;66925.0;0.000502;66925.0;0.000155;66925.0;0.001189
596;regular;198165.0;0.000475;198165.0;0.000128;198165.0;0.001502
596;watts;179839.0;0.000519;179839.0;0.000169;179839.0;0.002673
597;watts;124274.0;0.000464;124274.0;0.000147;124274.0;0.002196
597;barabasi;38353.0;0.000484;38353.0;0.000154;38353.0;0.001123
597;complete;2619.0;0.000464;3217.0;0.000336;2619.0;0.000984
597;erdos;59377.0;0.000624;59377.0;0.000189;59377.0;0.001625
597;regular;213961.0;0.000102;213961.0;2.7e-05;213961.0;0.000971
598;barabasi;34701.0;0.000498;34701.0;0.000157;34701.0;0.00128
598;complete;2023.0;0.000471;2695.0;0.000331;2023.0;0.000828
598;erdos;62180.0;0.000504;62180.0;0.000155;62180.0;0.00182
598;regular;202111.0;0.000484;202111.0;0.000132;202111.0;0.001498
598;watts;135378.0;0.000464;135378.0;0.000137;135378.0;0.00176
599;barabasi;38375.0;0.000489;38375.0;0.000155;38375.0;0.001132
599;complete;2268.0;0.000438;2840.0;0.000338;2268.0;0.000825
599;erdos;86283.0;0.000508;86283.0;0.000156;86283.0;0.001519
599;regular;1639260.0;0.000301;1639260.0;6.8e-05;1639260.0;0.005385
599;watts;126489.0;0.000465;126489.0;0.000135;126489.0;0.001863
600;barabasi;32726.0;0.000579;32726.0;0.000202;32726.0;0.001069
600;complete;2011.0;0.000467;2535.0;0.000335;2011.0;0.00083
600;erdos;73464.0;0.000505;73464.0;0.000155;73464.0;0.001686
600;regular;176252.0;0.000491;176252.0;0.000157;176252.0;0.001482
600;watts;103743.0;0.000459;103743.0;0.000136;103743.0;0.001978
601;barabasi;30998.0;0.000502;31039.0;0.000162;30998.0;0.001314
601;complete;2031.0;0.000467;2514.0;0.000339;2031.0;0.000828
601;erdos;58750.0;0.000638;58750.0;0.000181;58750.0;0.001532
601;regular;2811324.0;0.000417;2811324.0;8.9e-05;2811324.0;0.009406
601;watts;96915.0;0.000505;96915.0;0.000177;96915.0;0.001781
602;barabasi;34855.0;0.000582;34855.0;0.000157;34855.0;0.001144
602;complete;2090.0;0.000579;2564.0;0.000424;2090.0;0.000886
602;erdos;65221.0;0.000636;65221.0;0.000157;65221.0;0.001557
602;regular;218643.0;0.000488;218643.0;0.00013;218643.0;0.001656
602;watts;113033.0;0.000462;113033.0;0.000138;113033.0;0.001934
603;barabasi;36065.0;0.00052;36065.0;0.0002;36065.0;0.001526
603;complete;2005.0;0.000476;2581.0;0.000335;2005.0;0.000838
603;erdos;63618.0;0.000527;63618.0;0.000197;63618.0;0.001955
603;regular;3935446.0;0.000456;3935446.0;0.000108;3935446.0;0.013331
603;watts;137646.0;0.000487;137646.0;0.000138;137646.0;0.001767
604;barabasi;30608.0;0.0005;30608.0;0.000166;30608.0;0.001327
604;complete;2083.0;0.000477;2596.0;0.000348;2083.0;0.00084
604;erdos;65663.0;0.000516;65663.0;0.000162;65663.0;0.001543
604;regular;0.0;3e-06;0.0;7e-06;0.0;0.000248
604;watts;157563.0;0.000553;157563.0;0.000159;157563.0;0.002114
605;barabasi;33852.0;0.000523;33852.0;0.000166;33852.0;0.001159
605;complete;2009.0;0.00048;2572.0;0.000347;2009.0;0.000846
605;erdos;60478.0;0.000513;60478.0;0.000205;60478.0;0.001492
605;regular;3852529.0;0.000446;3852529.0;0.000107;3852529.0;0.011657
605;watts;133485.0;0.000543;133485.0;0.000183;133485.0;0.002146
606;barabasi;31960.0;0.00051;31960.0;0.000164;31960.0;0.001243
606;complete;2082.0;0.000481;2650.0;0.000337;2082.0;0.000846
606;erdos;64104.0;0.000516;64104.0;0.000164;64104.0;0.001469
606;regular;154558.0;0.000469;154558.0;0.000125;154558.0;0.001345
606;watts;117516.0;0.000476;117516.0;0.000139;117516.0;0.00197
607;barabasi;43498.0;0.000502;43498.0;0.00016;43498.0;0.001343
607;complete;2117.0;0.000478;2692.0;0.00034;2117.0;0.000852
607;erdos;69132.0;0.00052;69132.0;0.000156;69132.0;0.001666
607;regular;116926.0;7.9e-05;116926.0;2.1e-05;116926.0;0.000618
607;watts;180848.0;0.00047;180848.0;0.00014;180848.0;0.002073
608;barabasi;36982.0;0.000504;36982.0;0.000162;36982.0;0.001429
608;complete;2405.0;0.000461;2948.0;0.000343;2405.0;0.000851
608;erdos;88574.0;0.000522;88574.0;0.000163;88574.0;0.00136
608;regular;189639.0;0.000501;189639.0;0.000132;189639.0;0.001333
608;watts;138123.0;0.000471;138123.0;0.000139;138123.0;0.001805
609;barabasi;36076.0;0.000504;36076.0;0.000163;36076.0;0.001175
609;complete;2197.0;0.000513;2843.0;0.000342;2197.0;0.000856
609;erdos;72878.0;0.000524;72878.0;0.000159;72878.0;0.001465
609;regular;2099667.0;0.000357;2099667.0;7.7e-05;2099667.0;0.006329
609;watts;101877.0;0.000593;101877.0;0.000152;101877.0;0.002159
610;barabasi;33247.0;0.000505;33466.0;0.000162;33247.0;0.001318
610;complete;2037.0;0.000475;2586.0;0.000349;2037.0;0.000859
610;erdos;90739.0;0.00053;90739.0;0.000159;90739.0;0.00137
610;regular;177685.0;0.000512;177685.0;0.000137;177685.0;0.001342
610;watts;168028.0;0.000483;168028.0;0.00014;168028.0;0.002177
611;barabasi;33356.0;0.000505;33356.0;0.000168;33356.0;0.001174
611;complete;2058.0;0.000475;2500.0;0.00035;2058.0;0.000856
611;erdos;64364.0;0.000576;64364.0;0.000201;64364.0;0.001901
611;regular;424029.0;0.000162;424029.0;4.5e-05;424029.0;0.001714
611;watts;135019.0;0.000477;135019.0;0.00014;135019.0;0.00199
612;barabasi;35957.0;0.000518;35957.0;0.000162;35957.0;0.001358
612;complete;2039.0;0.000481;2635.0;0.000351;2039.0;0.000994
612;erdos;84651.0;0.000528;84651.0;0.000162;84651.0;0.001811
612;regular;137264.0;0.000476;137264.0;0.000121;137264.0;0.001291
612;watts;138001.0;0.000476;138001.0;0.000144;138001.0;0.002361
613;barabasi;35258.0;0.000633;35258.0;0.000197;35258.0;0.001363
613;complete;2122.0;0.000492;2679.0;0.000346;2122.0;0.000865
613;erdos;59914.0;0.000529;59914.0;0.000166;59914.0;0.001583
613;regular;3713605.0;0.000563;3713605.0;0.000126;3713605.0;0.013578
613;watts;163716.0;0.000573;163716.0;0.000179;163716.0;0.002117
614;watts;135123.0;0.000604;135123.0;0.000203;135123.0;0.002205
614;barabasi;37133.0;0.000517;37133.0;0.000163;37133.0;0.001377
614;complete;2152.0;0.000489;2633.0;0.000353;2152.0;0.00087
614;erdos;76462.0;0.000528;76462.0;0.000169;76462.0;0.001436
614;regular;225980.0;0.000513;225980.0;0.000134;225980.0;0.001422
615;barabasi;52181.0;0.000518;52181.0;0.000167;52181.0;0.001571
615;complete;2100.0;0.000493;2607.0;0.000347;2100.0;0.00087
615;erdos;73136.0;0.00053;73136.0;0.000162;73136.0;0.001978
615;regular;2979040.0;0.000413;2979040.0;9.2e-05;2979040.0;0.009564
615;watts;120986.0;0.000485;120986.0;0.000143;120986.0;0.001853
616;barabasi;34660.0;0.000538;34660.0;0.000175;34660.0;0.001563
616;complete;2144.0;0.000489;2774.0;0.000348;2144.0;0.000874
616;erdos;84161.0;0.000534;84161.0;0.000163;84161.0;0.001415
616;regular;209115.0;0.000571;209115.0;0.00013;209115.0;0.001233
616;watts;133375.0;0.00049;133375.0;0.00014;133375.0;0.00166
617;barabasi;37345.0;0.000512;37345.0;0.000164;37345.0;0.001197
617;complete;2134.0;0.0005;2640.0;0.000352;2134.0;0.000879
617;erdos;81412.0;0.000531;81412.0;0.000164;81412.0;0.001439
617;regular;409897.0;0.000132;409897.0;3.9e-05;409897.0;0.001603
617;watts;147790.0;0.000487;147790.0;0.000142;147790.0;0.001983
618;barabasi;41661.0;0.00052;41661.0;0.000167;41661.0;0.001386
618;complete;2234.0;0.000478;2715.0;0.000354;2234.0;0.000876
618;erdos;62533.0;0.000538;62533.0;0.000164;62533.0;0.001429
618;regular;114896.0;0.000491;114896.0;0.000145;114896.0;0.001475
618;watts;135541.0;0.00051;135541.0;0.000163;135541.0;0.002245
619;barabasi;34106.0;0.00052;34106.0;0.000164;34106.0;0.001233
619;complete;2353.0;0.000477;3135.0;0.000357;2353.0;0.000886
619;erdos;61852.0;0.000535;61852.0;0.000163;61852.0;0.002017
619;regular;285093.0;0.000131;285093.0;3.7e-05;285093.0;0.001269
619;watts;125363.0;0.000526;125363.0;0.000147;125363.0;0.002286
620;watts;150023.0;0.000566;150023.0;0.00018;150023.0;0.002416
620;barabasi;30882.0;0.000525;30920.0;0.000164;30882.0;0.001518
620;complete;2207.0;0.000495;2672.0;0.000352;2207.0;0.00089
620;erdos;86711.0;0.000546;86711.0;0.000164;86711.0;0.00161
620;regular;211074.0;0.000523;211074.0;0.000142;211074.0;0.00171
621;barabasi;39776.0;0.000527;39776.0;0.000166;39776.0;0.001401
621;complete;2196.0;0.000498;2771.0;0.000362;2196.0;0.000901
621;erdos;78135.0;0.000548;78135.0;0.000166;78135.0;0.00165
621;regular;4169815.0;0.000479;4169815.0;0.000117;4169815.0;0.012845
621;watts;136217.0;0.000501;136217.0;0.000147;136217.0;0.001747
622;watts;132479.0;0.000604;132479.0;0.000182;132479.0;0.002092
622;barabasi;38245.0;0.000521;38245.0;0.000212;38245.0;0.001316
622;complete;2172.0;0.000637;2875.0;0.000447;2172.0;0.000979
622;erdos;60422.0;0.000541;60422.0;0.000166;60422.0;0.001581
622;regular;154011.0;0.000489;154011.0;0.000131;154011.0;0.00152
623;barabasi;44795.0;0.00053;44795.0;0.000167;44795.0;0.00122
623;complete;2165.0;0.000504;2610.0;0.000352;2165.0;0.001143
623;erdos;76967.0;0.000545;76967.0;0.000172;76967.0;0.001604
623;regular;2846739.0;0.000396;2846739.0;9.1e-05;2846739.0;0.010272
623;watts;138158.0;0.000496;138158.0;0.000144;138158.0;0.002149
624;barabasi;37139.0;0.000665;37139.0;0.000186;37139.0;0.001521
624;complete;2155.0;0.000513;2722.0;0.000355;2155.0;0.000897
624;erdos;73780.0;0.000551;73780.0;0.000168;73780.0;0.001495
624;regular;192366.0;0.000519;192366.0;0.000137;192366.0;0.001564
624;watts;150307.0;0.000612;150307.0;0.000182;150307.0;0.00215
625;barabasi;38247.0;0.000645;38247.0;0.00017;38247.0;0.001414
625;complete;2246.0;0.000527;2955.0;0.000362;2246.0;0.00096
625;erdos;90934.0;0.000595;90934.0;0.000209;90934.0;0.001614
625;regular;1425918.0;0.000271;1425918.0;6.7e-05;1425918.0;0.005386
625;watts;120275.0;0.000511;120275.0;0.000147;120275.0;0.002556
626;barabasi;35498.0;0.000535;35498.0;0.000167;35498.0;0.001637
626;complete;2250.0;0.000496;2760.0;0.000359;2250.0;0.000903
626;erdos;69925.0;0.000554;69925.0;0.000169;69925.0;0.001642
626;regular;189132.0;0.00053;189132.0;0.000138;189132.0;0.00204
626;watts;120438.0;0.000498;120438.0;0.000145;120438.0;0.00214
627;barabasi;41521.0;0.000665;41521.0;0.000213;41521.0;0.001441
627;complete;2320.0;0.000501;2977.0;0.000362;2320.0;0.000977
627;erdos;61784.0;0.000669;61784.0;0.00017;61784.0;0.001651
627;regular;1763057.0;0.00039;1763057.0;9.1e-05;1763057.0;0.005836
627;watts;143197.0;0.000504;143197.0;0.000147;143197.0;0.00191
628;barabasi;46548.0;0.000607;46548.0;0.000169;46548.0;0.001238
628;complete;2338.0;0.000493;3063.0;0.00036;2338.0;0.000907
628;erdos;66140.0;0.000553;66140.0;0.000173;66140.0;0.001449
628;regular;196115.0;0.00053;196115.0;0.000139;196115.0;0.00192
628;watts;135307.0;0.000648;135307.0;0.000184;135307.0;0.00325
629;barabasi;43398.0;0.000538;43398.0;0.000169;43398.0;0.001241
629;complete;2694.0;0.000521;3503.0;0.000361;2694.0;0.001102
629;erdos;78411.0;0.000626;78411.0;0.00017;78411.0;0.001809
629;regular;4416817.0;0.000504;4416817.0;0.000115;4416817.0;0.01365
629;watts;154324.0;0.000513;154324.0;0.000147;154324.0;0.001743
630;barabasi;50120.0;0.000544;50120.0;0.000169;50120.0;0.001439
630;complete;2107.0;0.000513;2708.0;0.000361;2107.0;0.000914
630;erdos;72264.0;0.000569;72264.0;0.00018;72264.0;0.001652
630;regular;220620.0;0.000571;220620.0;0.00014;220620.0;0.001879
630;watts;124566.0;0.000511;124566.0;0.000146;124566.0;0.002094
631;watts;128440.0;0.000508;128440.0;0.000153;128440.0;0.002312
631;barabasi;37088.0;0.000543;37088.0;0.000178;37088.0;0.001346
631;complete;2114.0;0.000519;2626.0;0.000372;2114.0;0.000919
631;erdos;61826.0;0.000559;61826.0;0.000184;61826.0;0.002011
631;regular;5083608.0;0.000524;5083608.0;0.000126;5083608.0;0.015543
632;barabasi;36424.0;0.000637;36424.0;0.000171;36424.0;0.001271
632;complete;2221.0;0.000526;2694.0;0.000365;2221.0;0.000923
632;erdos;82674.0;0.000559;82674.0;0.000176;82674.0;0.001637
632;regular;135206.0;0.000509;135206.0;0.000133;135206.0;0.001312
632;watts;117097.0;0.00053;117097.0;0.000188;117097.0;0.002979
633;barabasi;34247.0;0.000545;34247.0;0.00017;34247.0;0.001451
633;complete;2433.0;0.000485;3074.0;0.000372;2433.0;0.000921
633;erdos;70926.0;0.000562;70926.0;0.000169;70926.0;0.001628
633;regular;1903576.0;0.000322;1903576.0;7.9e-05;1903576.0;0.006125
633;watts;118051.0;0.000518;118051.0;0.000152;118051.0;0.001903
634;barabasi;34508.0;0.000541;34545.0;0.00017;34508.0;0.001414
634;complete;2189.0;0.000518;2879.0;0.000365;2189.0;0.000925
634;erdos;55135.0;0.000561;55135.0;0.000204;55135.0;0.001845
634;regular;141790.0;0.000516;141790.0;0.000137;141790.0;0.001886
634;watts;130662.0;0.000504;130662.0;0.000152;130662.0;0.001964
635;barabasi;38060.0;0.000557;38060.0;0.000171;38060.0;0.001456
635;complete;2188.0;0.000529;2779.0;0.000365;2188.0;0.000929
635;erdos;60181.0;0.000699;60181.0;0.000202;60181.0;0.001901
635;regular;2142329.0;0.00035;2142329.0;8.1e-05;2142329.0;0.007325
635;watts;160578.0;0.000511;160578.0;0.00015;160578.0;0.002023
636;barabasi;40054.0;0.000547;40054.0;0.000169;40054.0;0.001266
636;complete;2335.0;0.000581;3107.0;0.000469;2335.0;0.001052
636;erdos;69394.0;0.000561;69394.0;0.00017;69394.0;0.001668
636;regular;197782.0;0.000674;197782.0;0.000176;197782.0;0.001863
636;watts;133980.0;0.00051;133980.0;0.000149;133980.0;0.002548
637;watts;134227.0;0.000515;134227.0;0.000176;134227.0;0.002375
637;barabasi;38509.0;0.000558;38509.0;0.000172;38509.0;0.001473
637;complete;2335.0;0.000511;3169.0;0.000371;2335.0;0.000753
637;erdos;56783.0;0.000571;56783.0;0.000176;56783.0;0.001742
637;regular;4940005.0;0.000549;4940005.0;0.000118;4940005.0;0.016079
638;barabasi;51829.0;0.000553;51829.0;0.000169;51829.0;0.001672
638;complete;2190.0;0.000529;2687.0;0.00037;2190.0;0.000933
638;erdos;67360.0;0.000573;67360.0;0.000172;67360.0;0.002012
638;regular;207349.0;0.000617;207349.0;0.000178;207349.0;0.001793
638;watts;146357.0;0.000513;146357.0;0.000151;146357.0;0.001957
639;watts;120785.0;0.000519;120785.0;0.000151;120785.0;0.002182
639;barabasi;34956.0;0.000602;34956.0;0.000217;34956.0;0.001631
639;complete;2381.0;0.000514;3030.0;0.000374;2381.0;0.000938
639;erdos;62333.0;0.000568;62333.0;0.000173;62333.0;0.001751
639;regular;5155095.0;0.000541;5155095.0;0.000125;5155095.0;0.016573
640;barabasi;39974.0;0.00062;39974.0;0.000215;39974.0;0.001601
640;complete;2177.0;0.000524;2857.0;0.000373;2177.0;0.000759
640;erdos;64148.0;0.000581;64148.0;0.000177;64148.0;0.001553
640;regular;194444.0;0.000549;194444.0;0.000142;194444.0;0.001543
640;watts;131640.0;0.000661;131640.0;0.000165;131640.0;0.002486
641;barabasi;36803.0;0.000569;36803.0;0.000171;36803.0;0.001289
641;complete;2270.0;0.000529;2877.0;0.000377;2270.0;0.000756
641;erdos;67099.0;0.000653;67099.0;0.000218;67099.0;0.001688
641;regular;5284620.0;0.000545;5284620.0;0.000122;5284620.0;0.018269
641;watts;163617.0;0.000655;163617.0;0.000192;163617.0;0.002427
642;barabasi;38681.0;0.00055;38681.0;0.000178;38681.0;0.001575
642;complete;2169.0;0.000531;2731.0;0.000375;2169.0;0.00095
642;erdos;76147.0;0.00068;76147.0;0.000219;76147.0;0.001858
642;regular;197514.0;0.000555;197514.0;0.000143;197514.0;0.00162
642;watts;124533.0;0.000525;124533.0;0.000154;124533.0;0.002347
643;barabasi;36270.0;0.000565;36270.0;0.000174;36270.0;0.001294
643;complete;2232.0;0.000543;2674.0;0.000373;2232.0;0.000951
643;erdos;60846.0;0.000577;60846.0;0.000182;60846.0;0.001587
643;regular;3604180.0;0.000473;3604180.0;0.000106;3604180.0;0.012283
643;watts;164371.0;0.000517;164371.0;0.000155;164371.0;0.002122
644;barabasi;43092.0;0.000646;43135.0;0.000188;43092.0;0.001377
644;complete;2418.0;0.000511;2910.0;0.000382;2418.0;0.000952
644;erdos;54379.0;0.000587;54379.0;0.00018;54379.0;0.002001
644;regular;214811.0;0.000653;214811.0;0.000195;214811.0;0.001495
644;watts;129462.0;0.000537;129462.0;0.000153;129462.0;0.001805
645;barabasi;41553.0;0.00056;41553.0;0.000173;41553.0;0.001346
645;complete;2154.0;0.000559;2653.0;0.000381;2154.0;0.000957
645;erdos;65484.0;0.000718;65484.0;0.00018;65484.0;0.001618
645;regular;4833007.0;0.000528;4833007.0;0.000118;4833007.0;0.015872
645;watts;136110.0;0.000526;136110.0;0.000155;136110.0;0.002189
646;barabasi;36533.0;0.000564;36533.0;0.000176;36533.0;0.001711
646;complete;2352.0;0.00052;2949.0;0.000382;2352.0;0.000953
646;erdos;76508.0;0.000591;76508.0;0.000179;76508.0;0.001971
646;regular;198907.0;0.000567;198907.0;0.000145;198907.0;0.001646
646;watts;121635.0;0.000534;121635.0;0.000154;121635.0;0.002399
647;barabasi;60093.0;0.000564;60093.0;0.000177;60093.0;0.00152
647;complete;2154.0;0.000547;2815.0;0.000383;2154.0;0.00109
647;erdos;54592.0;0.000597;54592.0;0.000181;54592.0;0.001986
647;regular;16452.0;3.3e-05;16452.0;1.2e-05;16452.0;0.000404
647;watts;142754.0;0.000539;142754.0;0.000153;142754.0;0.002034
648;watts;143810.0;0.000532;143810.0;0.000154;143810.0;0.002052
648;barabasi;36478.0;0.000632;36478.0;0.000222;36478.0;0.001629
648;complete;2247.0;0.000579;2900.0;0.000387;2247.0;0.000971
648;erdos;58134.0;0.000594;58134.0;0.000179;58134.0;0.001816
648;regular;137152.0;0.000556;137152.0;0.00014;137152.0;0.001416
649;barabasi;31388.0;0.000565;31388.0;0.000177;31388.0;0.001526
649;complete;2071.0;0.000559;2662.0;0.00038;2071.0;0.000966
649;erdos;68066.0;0.000588;68066.0;0.00018;68066.0;0.001959
649;regular;522187.0;0.000153;522187.0;4.2e-05;522187.0;0.001941
649;watts;132937.0;0.000615;132937.0;0.000155;132937.0;0.002642
650;barabasi;42504.0;0.000575;42504.0;0.000179;42504.0;0.00184
650;complete;2300.0;0.00054;2937.0;0.000383;2300.0;0.00097
650;erdos;72725.0;0.000592;72725.0;0.000179;72725.0;0.001791
650;regular;0.0;2e-06;0.0;2e-06;0.0;0.000287
650;watts;146570.0;0.00052;146570.0;0.000155;146570.0;0.002427
651;barabasi;35677.0;0.000576;35677.0;0.000179;35677.0;0.001736
651;complete;2264.0;0.000551;2818.0;0.00038;2264.0;0.00097
651;erdos;87825.0;0.000593;87825.0;0.000179;87825.0;0.001787
651;regular;4555215.0;0.000534;4555215.0;0.000119;4555215.0;0.015019
651;watts;113363.0;0.000554;113363.0;0.000156;113363.0;0.002495
652;barabasi;40278.0;0.000718;40278.0;0.000223;40278.0;0.001399
652;complete;2526.0;0.000513;3406.0;0.000394;2526.0;0.000975
652;erdos;64082.0;0.000596;64082.0;0.000181;64082.0;0.001777
652;regular;196498.0;0.000572;196498.0;0.000149;196498.0;0.002092
652;watts;136701.0;0.000538;136701.0;0.000157;136701.0;0.002479
653;complete;2123.0;0.000543;2576.0;0.000382;2123.0;0.000977
653;erdos;57094.0;0.000591;57094.0;0.000177;57094.0;0.001598
653;regular;5428075.0;0.000562;5428075.0;0.000131;5428075.0;0.018394
653;watts;136735.0;0.00054;136735.0;0.000158;136735.0;0.002261
653;barabasi;35887.0;0.000576;35887.0;0.000179;35887.0;0.001622
654;barabasi;44078.0;0.000578;44078.0;0.000179;44078.0;0.001556
654;complete;2135.0;0.000574;2593.0;0.000387;2135.0;0.000793
654;erdos;84857.0;0.000606;84857.0;0.000179;84857.0;0.001772
654;regular;238058.0;0.000578;238058.0;0.000146;238058.0;0.001677
654;watts;152024.0;0.000548;152024.0;0.000157;152024.0;0.002234
655;barabasi;38734.0;0.000582;38734.0;0.000181;38734.0;0.001548
655;complete;2372.0;0.000538;3037.0;0.000399;2372.0;0.000987
655;erdos;81078.0;0.000604;81078.0;0.000183;81078.0;0.002017
655;regular;2083960.0;0.000372;2083960.0;8.5e-05;2083960.0;0.007635
655;watts;149988.0;0.000537;149988.0;0.000158;149988.0;0.002682
656;barabasi;35468.0;0.000584;35468.0;0.000179;35468.0;0.00114
656;complete;2354.0;0.000547;3397.0;0.000396;2354.0;0.000988
656;erdos;127480.0;0.000601;127480.0;0.000181;127480.0;0.001767
656;regular;217153.0;0.000579;217153.0;0.000152;217153.0;0.001513
656;watts;120735.0;0.000555;120735.0;0.000164;120735.0;0.00208
657;complete;2424.0;0.000525;3249.0;0.000394;2424.0;0.000992
657;erdos;66122.0;0.000604;66122.0;0.000184;66122.0;0.002047
657;regular;5330471.0;0.000564;5330471.0;0.000146;5330471.0;0.018215
657;watts;132968.0;0.00055;132968.0;0.000158;132968.0;0.002857
657;barabasi;48279.0;0.00059;48279.0;0.000183;48279.0;0.001558
658;barabasi;42850.0;0.000586;42850.0;0.000181;42850.0;0.001351
658;complete;2368.0;0.000542;3056.0;0.000396;2368.0;0.000995
658;erdos;86411.0;0.000607;86411.0;0.000218;86411.0;0.001946
658;regular;206105.0;0.000583;206105.0;0.000149;206105.0;0.001865
658;watts;173234.0;0.000545;173234.0;0.000155;173234.0;0.002486
659;barabasi;38868.0;0.000591;38868.0;0.000182;38868.0;0.001775
659;complete;2202.0;0.000554;2722.0;0.000391;2202.0;0.000807
659;erdos;70072.0;0.000608;70072.0;0.000186;70072.0;0.002723
659;regular;1263676.0;0.000265;1263676.0;6.6e-05;1263676.0;0.004699
659;watts;120407.0;0.000554;120407.0;0.000165;120407.0;0.002305
660;barabasi;40112.0;0.000591;40112.0;0.000181;40112.0;0.001367
660;complete;2327.0;0.00056;2913.0;0.000391;2327.0;0.000999
660;erdos;63150.0;0.000609;63150.0;0.000186;63150.0;0.001685
660;regular;131724.0;0.000572;131724.0;0.000145;131724.0;0.00191
660;watts;126549.0;0.00056;126549.0;0.000158;126549.0;0.002106
661;regular;3500893.0;0.000502;3500893.0;0.0001;3500893.0;0.010734
661;watts;144765.0;0.000561;144765.0;0.000159;144765.0;0.002506
661;erdos;65020.0;0.000619;65020.0;0.000186;65020.0;0.001665
661;barabasi;42093.0;0.000598;42155.0;0.000183;42093.0;0.001578
661;complete;2321.0;0.000569;2837.0;0.000401;2321.0;0.001003
662;barabasi;44452.0;0.000588;44452.0;0.00019;44452.0;0.001578
662;complete;2508.0;0.000527;3160.0;0.000401;2508.0;0.001006
662;erdos;85009.0;0.00061;85009.0;0.000213;85009.0;0.001834
662;regular;190818.0;0.000591;190818.0;0.000151;190818.0;0.001779
662;watts;131553.0;0.000556;131553.0;0.000161;131553.0;0.002076
663;barabasi;37667.0;0.00059;37667.0;0.000185;37667.0;0.002033
663;complete;2506.0;0.000537;3147.0;0.000408;2506.0;0.000812
663;regular;5372440.0;0.000574;5372440.0;0.000129;5372440.0;0.01845
663;watts;157487.0;0.000687;157487.0;0.000161;157487.0;0.003144
663;erdos;0.0;3e-06;0.0;3e-06;0.0;0.000392
664;barabasi;52712.0;0.000604;52712.0;0.000216;52712.0;0.00159
664;complete;2393.0;0.000562;3238.0;0.000403;2393.0;0.001013
664;erdos;76532.0;0.000621;76532.0;0.000191;76532.0;0.002217
664;regular;225511.0;0.000594;225511.0;0.000156;225511.0;0.001765
664;watts;115826.0;0.000576;115826.0;0.000166;115826.0;0.002567
665;barabasi;36152.0;0.000594;36152.0;0.000182;36152.0;0.001601
665;complete;2304.0;0.000573;3079.0;0.000406;2304.0;0.001158
665;erdos;57335.0;0.000613;57335.0;0.000211;57335.0;0.001887
665;regular;1557608.0;0.000391;1557608.0;7.6e-05;1557608.0;0.005484
665;watts;118901.0;0.000561;118901.0;0.000171;118901.0;0.002549
666;barabasi;40507.0;0.000606;40507.0;0.000184;40507.0;0.001908
666;complete;2340.0;0.000584;3078.0;0.000403;2340.0;0.001025
666;erdos;61625.0;0.000621;61625.0;0.000186;61625.0;0.001682
666;regular;209072.0;0.000611;209072.0;0.000154;209072.0;0.002085
666;watts;138198.0;0.000557;138198.0;0.000171;138198.0;0.002665
667;barabasi;39623.0;0.000609;39623.0;0.000184;39623.0;0.001388
667;complete;2214.0;0.000578;2847.0;0.0004;2214.0;0.00102
667;erdos;54280.0;0.000625;54280.0;0.000188;54280.0;0.001642
667;regular;1383072.0;0.000275;1383072.0;6.7e-05;1383072.0;0.004845
667;watts;134141.0;0.000558;134141.0;0.000161;134141.0;0.00244
668;barabasi;41850.0;0.000611;41850.0;0.000186;41850.0;0.001946
668;complete;2238.0;0.000585;2779.0;0.000402;2238.0;0.001025
668;erdos;115249.0;0.000636;115249.0;0.000188;115249.0;0.002045
668;regular;132153.0;0.000572;132153.0;0.000172;132153.0;0.001555
668;watts;144500.0;0.000575;144500.0;0.000164;144500.0;0.00217
669;barabasi;44978.0;0.00061;44978.0;0.000187;44978.0;0.001832
669;complete;2380.0;0.000562;3138.0;0.000406;2380.0;0.001025
669;erdos;102533.0;0.000634;102533.0;0.000214;102533.0;0.001691
669;regular;946760.0;0.000234;946760.0;5.8e-05;946760.0;0.003913
669;watts;156262.0;0.000619;156262.0;0.000203;156262.0;0.002609
670;complete;2183.0;0.000567;2656.0;0.000403;2183.0;0.001031
670;erdos;60879.0;0.000639;60879.0;0.00019;60879.0;0.002512
670;regular;207884.0;0.000604;207884.0;0.000208;207884.0;0.001949
670;watts;124317.0;0.000572;124317.0;0.00017;124317.0;0.002824
670;barabasi;45060.0;0.000597;45060.0;0.000186;45060.0;0.001615
671;barabasi;40388.0;0.000724;40388.0;0.000236;40388.0;0.001495
671;complete;2201.0;0.000571;2836.0;0.000407;2201.0;0.00103
671;erdos;70184.0;0.000633;70184.0;0.00019;70184.0;0.002042
671;regular;933241.0;0.00022;933241.0;5.7e-05;933241.0;0.003679
671;watts;158581.0;0.000571;158581.0;0.000165;158581.0;0.002373
672;barabasi;37059.0;0.000618;37059.0;0.000186;37059.0;0.001624
672;complete;2523.0;0.000547;3219.0;0.000412;2523.0;0.001041
672;erdos;80830.0;0.000634;80830.0;0.00019;80830.0;0.00165
672;regular;235347.0;0.00076;235347.0;0.000193;235347.0;0.00157
672;watts;172832.0;0.000561;172832.0;0.000191;172832.0;0.003434
673;barabasi;42738.0;0.00061;42738.0;0.000208;42738.0;0.001645
673;complete;2382.0;0.000579;3144.0;0.000413;2382.0;0.001038
673;erdos;78321.0;0.000644;78321.0;0.000194;78321.0;0.001699
673;regular;5762393.0;0.000607;5762393.0;0.000134;5762393.0;0.019905
673;watts;149591.0;0.000575;149591.0;0.000189;149591.0;0.002326
674;complete;2401.0;0.000594;3069.0;0.000411;2401.0;0.00104
674;erdos;64005.0;0.000638;64005.0;0.000201;64005.0;0.00173
674;regular;201807.0;0.000606;201807.0;0.000155;201807.0;0.002005
674;watts;141900.0;0.000569;141900.0;0.000204;141900.0;0.002272
674;barabasi;50211.0;0.000616;50211.0;0.000187;50211.0;0.002096
675;barabasi;38926.0;0.000696;38926.0;0.000189;38926.0;0.001648
675;complete;2252.0;0.0006;2683.0;0.000407;2252.0;0.001045
675;erdos;62416.0;0.000705;62416.0;0.000193;62416.0;0.001949
675;regular;1617694.0;0.000316;1617694.0;7.5e-05;1617694.0;0.005348
675;watts;123632.0;0.000587;123632.0;0.000172;123632.0;0.002896
676;barabasi;44582.0;0.00062;44582.0;0.000217;44582.0;0.001911
676;complete;2306.0;0.000617;2932.0;0.00041;2306.0;0.001046
676;erdos;61808.0;0.00064;61808.0;0.000191;61808.0;0.002121
676;regular;259920.0;0.000664;259920.0;0.000156;259920.0;0.001588
676;watts;129583.0;0.000572;129583.0;0.000171;129583.0;0.002907
677;barabasi;43763.0;0.000778;43763.0;0.00024;43763.0;0.001637
677;complete;2299.0;0.000592;2829.0;0.000405;2299.0;0.001097
677;erdos;62059.0;0.000648;62059.0;0.000195;62059.0;0.001879
677;regular;2116223.0;0.000373;2116223.0;8.5e-05;2116223.0;0.008051
677;watts;138533.0;0.000621;138533.0;0.000175;138533.0;0.002915
678;regular;113638.0;0.00059;113638.0;0.000163;113638.0;0.001653
678;watts;187630.0;0.000631;187630.0;0.000209;187630.0;0.002884
678;erdos;71924.0;0.000641;71924.0;0.000194;71924.0;0.002053
678;barabasi;37837.0;0.000622;37837.0;0.000192;37837.0;0.001555
678;complete;2209.0;0.000578;2871.0;0.000422;2209.0;0.000849
679;barabasi;42853.0;0.00062;42853.0;0.00019;42853.0;0.001439
679;complete;2364.0;0.000584;2982.0;0.000451;2364.0;0.001163
679;erdos;62150.0;0.000644;62150.0;0.000197;62150.0;0.001886
679;regular;573525.0;0.00019;573525.0;4.6e-05;573525.0;0.002168
679;watts;106272.0;0.000687;106272.0;0.0002;106272.0;0.002197
680;barabasi;46845.0;0.000626;46845.0;0.000191;46845.0;0.001887
680;complete;2352.0;0.000616;3020.0;0.000418;2352.0;0.001077
680;erdos;70374.0;0.00064;70374.0;0.000199;70374.0;0.002053
680;regular;245637.0;0.00064;245637.0;0.000159;245637.0;0.001832
680;watts;172423.0;0.000581;172423.0;0.000167;172423.0;0.002251
681;barabasi;41711.0;0.000631;41711.0;0.000219;41711.0;0.001441
681;complete;2263.0;0.000596;2838.0;0.000418;2263.0;0.00106
681;erdos;62939.0;0.000647;62939.0;0.000194;62939.0;0.00196
681;regular;307122.0;0.000131;307122.0;3.6e-05;307122.0;0.001413
681;watts;166591.0;0.000599;166591.0;0.000191;166591.0;0.002891
682;barabasi;42230.0;0.00065;42230.0;0.000192;42230.0;0.001897
682;complete;2288.0;0.000647;2823.0;0.000422;2288.0;0.001065
682;erdos;67307.0;0.000652;67307.0;0.000229;67307.0;0.002789
682;regular;215153.0;0.000623;215153.0;0.000162;215153.0;0.001705
682;watts;135710.0;0.000585;135710.0;0.000169;135710.0;0.002448
683;barabasi;38207.0;0.000637;38207.0;0.000194;38207.0;0.001449
683;complete;2513.0;0.000583;3227.0;0.000418;2513.0;0.001069
683;erdos;76973.0;0.000739;76973.0;0.000248;76973.0;0.002125
683;regular;2387886.0;0.000405;2387886.0;9.3e-05;2387886.0;0.009431
683;watts;152281.0;0.000595;152281.0;0.000169;152281.0;0.003723
684;barabasi;43845.0;0.000633;43845.0;0.000223;43845.0;0.001856
684;complete;2508.0;0.00059;3012.0;0.000413;2508.0;0.001071
684;erdos;57063.0;0.000719;57063.0;0.000199;57063.0;0.002196
684;regular;216633.0;0.000625;216633.0;0.000164;216633.0;0.001649
684;watts;150167.0;0.000594;150167.0;0.000168;150167.0;0.002251
685;barabasi;38524.0;0.000628;38524.0;0.000194;38524.0;0.001918
685;complete;2475.0;0.000586;3005.0;0.000419;2475.0;0.001073
685;erdos;75510.0;0.000653;75510.0;0.0002;75510.0;0.001978
685;regular;5127877.0;0.000703;5127877.0;0.000129;5127877.0;0.017505
685;watts;157000.0;0.000587;157000.0;0.000171;157000.0;0.002717
686;barabasi;34173.0;0.000639;34173.0;0.000222;34173.0;0.001691
686;complete;2408.0;0.00061;3014.0;0.000502;2408.0;0.001142
686;erdos;73475.0;0.000656;73475.0;0.000204;73475.0;0.001817
686;regular;178496.0;0.000632;178496.0;0.000161;178496.0;0.002207
686;watts;181500.0;0.000588;181500.0;0.000176;181500.0;0.003349
688;barabasi;48206.0;0.000638;48206.0;0.000195;48206.0;0.002161
688;complete;2188.0;0.000592;2662.0;0.000422;2188.0;0.001085
688;erdos;61370.0;0.000664;61370.0;0.000201;61370.0;0.002319
688;regular;226744.0;0.000636;226744.0;0.000161;226744.0;0.002092
688;watts;150105.0;0.000601;150105.0;0.000173;150105.0;0.003212
689;barabasi;44560.0;0.00065;44560.0;0.000195;44560.0;0.00167
689;complete;2216.0;0.000616;2719.0;0.000422;2216.0;0.001085
689;erdos;70504.0;0.00066;70504.0;0.000204;70504.0;0.001806
689;regular;530540.0;0.000205;530540.0;5.7e-05;530540.0;0.002462
689;watts;148498.0;0.000604;148498.0;0.000172;148498.0;0.002493
690;barabasi;48149.0;0.000639;48149.0;0.000198;48149.0;0.001804
690;complete;2282.0;0.000614;2729.0;0.000445;2282.0;0.000906
690;erdos;64219.0;0.000669;64219.0;0.000209;64219.0;0.002194
690;regular;199795.0;0.000633;199795.0;0.000168;199795.0;0.001868
690;watts;130221.0;0.000606;130221.0;0.000173;130221.0;0.002842
691;watts;139801.0;0.000605;139801.0;0.000174;139801.0;0.002502
691;barabasi;46394.0;0.000702;46394.0;0.000201;46394.0;0.001943
691;complete;2423.0;0.000633;3052.0;0.000422;2423.0;0.00112
691;erdos;60357.0;0.000676;60357.0;0.000202;60357.0;0.001825
691;regular;6174089.0;0.000632;6174089.0;0.000149;6174089.0;0.019931
692;barabasi;43885.0;0.000645;43885.0;0.000202;43885.0;0.001716
692;complete;2493.0;0.000609;3122.0;0.000425;2493.0;0.001094
692;erdos;66918.0;0.000672;66918.0;0.000203;66918.0;0.001825
692;regular;302354.0;0.000642;302354.0;0.000162;302354.0;0.001887
692;watts;170859.0;0.000601;170859.0;0.000176;170859.0;0.002658
693;barabasi;39564.0;0.000664;39564.0;0.000277;39564.0;0.001803
693;complete;2719.0;0.000579;3346.0;0.000439;2719.0;0.001156
693;erdos;73932.0;0.000675;73932.0;0.000203;73932.0;0.001752
693;regular;131566.0;8.2e-05;131566.0;2.5e-05;131566.0;0.000887
693;watts;122728.0;0.00061;122728.0;0.000197;122728.0;0.002756
694;barabasi;40143.0;0.000643;40329.0;0.000195;40143.0;0.001987
694;complete;2317.0;0.000625;2978.0;0.000422;2317.0;0.001102
694;erdos;67501.0;0.000678;67501.0;0.000205;67501.0;0.001844
694;regular;217640.0;0.000779;217640.0;0.000208;217640.0;0.001903
694;watts;159892.0;0.000643;159892.0;0.000172;159892.0;0.002552
695;barabasi;48099.0;0.000649;48099.0;0.000197;48099.0;0.001913
695;complete;2650.0;0.000621;3301.0;0.000442;2650.0;0.001102
695;erdos;73225.0;0.000679;73225.0;0.000213;73225.0;0.002267
695;regular;1758632.0;0.000339;1758632.0;8e-05;1758632.0;0.007122
695;watts;139338.0;0.000617;139338.0;0.0002;139338.0;0.003015
696;barabasi;48935.0;0.000655;48935.0;0.000213;48935.0;0.001919
696;complete;2442.0;0.000623;2874.0;0.000432;2442.0;0.001108
696;erdos;84531.0;0.00068;84531.0;0.000205;84531.0;0.002707
696;regular;0.0;3e-06;0.0;3e-06;0.0;0.000332
696;watts;133057.0;0.000614;133057.0;0.000174;133057.0;0.002574
697;barabasi;37700.0;0.000814;37700.0;0.000252;37700.0;0.001507
697;complete;2323.0;0.000636;3011.0;0.000444;2323.0;0.001117
697;erdos;67623.0;0.000682;67623.0;0.000202;67623.0;0.002321
697;regular;2164288.0;0.000381;2164288.0;9.3e-05;2164288.0;0.007918
697;watts;176550.0;0.000767;176550.0;0.000236;176550.0;0.002817
698;barabasi;42076.0;0.000757;42076.0;0.000251;42076.0;0.001824
698;complete;2508.0;0.000617;3153.0;0.000432;2508.0;0.001149
698;erdos;55321.0;0.000685;55321.0;0.000206;55321.0;0.002296
698;regular;230857.0;0.000758;230857.0;0.000191;230857.0;0.00215
698;watts;157589.0;0.000618;157589.0;0.000177;157589.0;0.0029
699;barabasi;42726.0;0.000663;42726.0;0.000218;42726.0;0.001752
699;complete;2395.0;0.000631;3104.0;0.000434;2395.0;0.001125
699;erdos;101993.0;0.000681;101993.0;0.000206;101993.0;0.002566
699;regular;1210755.0;0.000287;1210755.0;7e-05;1210755.0;0.005316
699;watts;178190.0;0.000615;178190.0;0.000199;178190.0;0.003309
700;barabasi;45871.0;0.000654;45871.0;0.0002;45871.0;0.001754
700;complete;2575.0;0.000605;3091.0;0.00044;2575.0;0.0009
700;erdos;70857.0;0.000691;70857.0;0.000234;70857.0;0.002106
700;regular;0.0;3e-06;0.0;4e-06;0.0;0.000337
700;watts;185691.0;0.000613;185691.0;0.000176;185691.0;0.003503
701;barabasi;44860.0;0.00067;44860.0;0.000202;44860.0;0.001856
701;complete;2450.0;0.000666;3192.0;0.000442;2450.0;0.001126
701;erdos;84550.0;0.000681;84550.0;0.00022;84550.0;0.001837
701;regular;6096328.0;0.000641;6096328.0;0.000148;6096328.0;0.022976
701;watts;166298.0;0.000618;166298.0;0.000177;166298.0;0.003298
702;barabasi;37818.0;0.000673;37818.0;0.000202;37818.0;0.001533
702;complete;2447.0;0.000623;3044.0;0.000442;2447.0;0.001134
702;erdos;68320.0;0.000688;68320.0;0.000215;68320.0;0.00213
702;regular;194782.0;0.000659;194782.0;0.000166;194782.0;0.001746
702;watts;149996.0;0.000627;149996.0;0.000208;149996.0;0.003074
703;barabasi;45936.0;0.000665;45936.0;0.000211;45936.0;0.001767
703;complete;2384.0;0.00066;2963.0;0.000444;2384.0;0.001139
703;erdos;66820.0;0.000698;66820.0;0.000208;66820.0;0.00273
703;regular;5365600.0;0.00061;5365600.0;0.000135;5365600.0;0.019135
703;watts;162912.0;0.000628;162912.0;0.000178;162912.0;0.00255
704;barabasi;58490.0;0.00067;58490.0;0.000202;58490.0;0.00193
704;complete;2553.0;0.000627;3346.0;0.000448;2553.0;0.001135
704;erdos;70547.0;0.000707;70547.0;0.000208;70547.0;0.002181
704;regular;140086.0;0.000639;140086.0;0.000163;140086.0;0.001698
704;watts;165806.0;0.000623;165806.0;0.000177;165806.0;0.002905
705;complete;2577.0;0.00062;3153.0;0.00044;2577.0;0.001132
705;erdos;56494.0;0.000701;56494.0;0.000211;56494.0;0.002083
705;regular;1615354.0;0.000314;1615354.0;7.5e-05;1615354.0;0.005866
705;watts;153248.0;0.000619;153248.0;0.000189;153248.0;0.003238
705;barabasi;39303.0;0.000728;39303.0;0.000254;39303.0;0.002264
706;barabasi;43225.0;0.00068;43225.0;0.000206;43225.0;0.001549
706;complete;2673.0;0.000609;3508.0;0.000446;2673.0;0.001144
706;erdos;70870.0;0.000693;70870.0;0.000213;70870.0;0.002177
706;regular;214723.0;0.000661;214723.0;0.000191;214723.0;0.001749
706;watts;179012.0;0.000717;179012.0;0.000225;179012.0;0.002846
707;barabasi;42028.0;0.000781;42028.0;0.000202;42028.0;0.001796
707;complete;2465.0;0.000649;3039.0;0.000442;2465.0;0.001327
707;erdos;74795.0;0.000698;74795.0;0.000208;74795.0;0.002575
707;regular;6178225.0;0.000652;6178225.0;0.000146;6178225.0;0.022268
707;watts;164756.0;0.000684;164756.0;0.000178;164756.0;0.002887
708;barabasi;40885.0;0.000681;40885.0;0.000204;40885.0;0.002036
708;complete;2537.0;0.000669;3381.0;0.00046;2537.0;0.001148
708;erdos;57618.0;0.000701;57618.0;0.000235;57618.0;0.002093
708;regular;171397.0;0.000627;171397.0;0.000159;171397.0;0.001717
708;watts;179745.0;0.000626;179745.0;0.00018;179745.0;0.003131
710;barabasi;46940.0;0.000837;46940.0;0.000273;46940.0;0.001843
710;complete;2626.0;0.000613;3443.0;0.000452;2626.0;0.001156
710;erdos;73045.0;0.000704;73045.0;0.000215;73045.0;0.002432
710;regular;247104.0;0.000678;247104.0;0.00017;247104.0;0.001796
710;watts;162921.0;0.00064;162921.0;0.000179;162921.0;0.00266
711;barabasi;41567.0;0.000682;41606.0;0.000203;41567.0;0.001674
711;complete;2915.0;0.000649;3691.0;0.000457;2915.0;0.001171
711;erdos;81074.0;0.000714;81074.0;0.000223;81074.0;0.002477
711;regular;5994453.0;0.000648;5994453.0;0.000146;5994453.0;0.023366
711;watts;152480.0;0.000711;152480.0;0.000203;152480.0;0.002861
712;barabasi;46105.0;0.000684;46105.0;0.000206;46105.0;0.001815
712;complete;2456.0;0.00067;3241.0;0.000461;2456.0;0.001158
712;erdos;63106.0;0.000704;63106.0;0.000232;63106.0;0.002161
712;regular;216070.0;0.000676;216070.0;0.000177;216070.0;0.002191
712;watts;172523.0;0.000746;172523.0;0.000192;172523.0;0.002925
713;barabasi;38344.0;0.00069;38344.0;0.000206;38344.0;0.001819
713;complete;2382.0;0.000686;2890.0;0.000487;2382.0;0.001161
713;erdos;71505.0;0.000715;71505.0;0.00023;71505.0;0.001959
713;regular;4433812.0;0.000575;4433812.0;0.000125;4433812.0;0.016349
713;watts;150845.0;0.000751;150845.0;0.00019;150845.0;0.002819
714;barabasi;47628.0;0.000933;47628.0;0.000292;47628.0;0.002089
714;complete;2159.0;0.000614;2644.0;0.000457;2159.0;0.000941
714;erdos;66578.0;0.000717;66578.0;0.000214;66578.0;0.002605
714;regular;231569.0;0.000685;231569.0;0.000172;231569.0;0.002024
714;watts;166467.0;0.000639;166467.0;0.000188;166467.0;0.002705
715;barabasi;38826.0;0.000774;38826.0;0.000261;38826.0;0.001727
715;complete;2436.0;0.00066;3115.0;0.000462;2436.0;0.001171
715;erdos;57275.0;0.000718;57275.0;0.000216;57275.0;0.002523
715;regular;4893317.0;0.000594;4893317.0;0.000131;4893317.0;0.017999
715;watts;147560.0;0.000695;147560.0;0.000182;147560.0;0.00266
716;barabasi;48435.0;0.000868;48435.0;0.000217;48435.0;0.002087
716;complete;2446.0;0.000654;3047.0;0.000454;2446.0;0.001174
716;erdos;83478.0;0.000721;83478.0;0.000217;83478.0;0.002655
716;regular;219512.0;0.000685;219512.0;0.000174;219512.0;0.001725
716;watts;170585.0;0.000654;170585.0;0.000193;170585.0;0.002695
717;barabasi;43295.0;0.000726;43295.0;0.000263;43295.0;0.001698
717;complete;2493.0;0.000694;3060.0;0.000458;2493.0;0.001175
717;erdos;84588.0;0.000812;84588.0;0.000219;84588.0;0.002147
717;regular;654640.0;0.000197;654640.0;5.4e-05;654640.0;0.003012
717;watts;169594.0;0.000635;169594.0;0.000185;169594.0;0.003156
718;barabasi;44583.0;0.000802;44583.0;0.000208;44583.0;0.001846
718;complete;2613.0;0.000655;3738.0;0.00047;2613.0;0.00118
718;erdos;84198.0;0.000728;84198.0;0.00022;84198.0;0.002257
718;regular;268949.0;0.000788;268949.0;0.000219;268949.0;0.001837
718;watts;119678.0;0.000784;119678.0;0.000185;119678.0;0.002761
719;barabasi;48730.0;0.000696;48730.0;0.000207;48730.0;0.001604
719;complete;2680.0;0.000624;3303.0;0.000458;2680.0;0.001183
719;erdos;58093.0;0.000911;58093.0;0.000253;58093.0;0.002272
719;regular;2777145.0;0.000457;2777145.0;0.0001;2777145.0;0.010085
719;watts;173348.0;0.000658;173348.0;0.000182;173348.0;0.002749
720;barabasi;49964.0;0.00087;49964.0;0.000226;49964.0;0.001855
720;complete;2421.0;0.00071;2915.0;0.000457;2421.0;0.001185
720;erdos;79156.0;0.000723;79156.0;0.000234;79156.0;0.00192
720;regular;214701.0;0.000698;214701.0;0.000175;214701.0;0.002123
720;watts;156393.0;0.000654;156393.0;0.000183;156393.0;0.002739
721;barabasi;41246.0;0.00088;41246.0;0.000256;41246.0;0.001608
721;complete;2547.0;0.000679;3155.0;0.00046;2547.0;0.00119
721;erdos;69621.0;0.000757;69621.0;0.000221;69621.0;0.001981
721;regular;5708713.0;0.000638;5708713.0;0.000143;5708713.0;0.02094
721;watts;147659.0;0.00066;147659.0;0.000186;147659.0;0.003003
722;barabasi;39755.0;0.000704;39755.0;0.000248;39755.0;0.001863
722;complete;2590.0;0.000667;3175.0;0.000458;2590.0;0.001188
722;erdos;56752.0;0.000731;56752.0;0.000218;56752.0;0.002029
722;regular;239823.0;0.000686;239823.0;0.000177;239823.0;0.001784
722;watts;146397.0;0.000666;146397.0;0.000185;146397.0;0.002746
723;barabasi;53926.0;0.0007;53926.0;0.000241;53926.0;0.002367
723;complete;2496.0;0.000666;3106.0;0.000457;2496.0;0.001198
723;erdos;71187.0;0.00073;71187.0;0.000225;71187.0;0.002188
723;regular;6248747.0;0.000672;6248747.0;0.000151;6248747.0;0.022379
723;watts;140973.0;0.000648;140973.0;0.000183;140973.0;0.002401
725;watts;152091.0;0.000664;152091.0;0.00019;152091.0;0.002905
725;barabasi;41984.0;0.000713;41984.0;0.00021;41984.0;0.002023
725;complete;2408.0;0.000678;3042.0;0.000464;2408.0;0.000964
725;erdos;54751.0;0.000741;54751.0;0.000222;54751.0;0.002045
725;regular;698549.0;0.000199;698549.0;5.2e-05;698549.0;0.002811
726;barabasi;41476.0;0.000717;41476.0;0.00021;41476.0;0.001628
726;complete;2357.0;0.000674;2827.0;0.000466;2357.0;0.001476
726;erdos;63901.0;0.000761;63901.0;0.000224;63901.0;0.002255
726;regular;240787.0;0.000699;240787.0;0.000177;240787.0;0.002032
726;watts;151706.0;0.000665;151706.0;0.000186;151706.0;0.002781
727;barabasi;62975.0;0.000704;62975.0;0.000212;62975.0;0.002151
727;complete;2501.0;0.000679;3138.0;0.000469;2501.0;0.001206
727;erdos;106382.0;0.000742;106382.0;0.000219;106382.0;0.001936
727;regular;2019289.0;0.000376;2019289.0;8.7e-05;2019289.0;0.007429
727;watts;144138.0;0.000845;144138.0;0.000237;144138.0;0.002851
728;barabasi;50816.0;0.00071;50816.0;0.000214;50816.0;0.001895
728;complete;2563.0;0.000684;3204.0;0.000464;2563.0;0.001208
728;erdos;73822.0;0.000738;73822.0;0.000219;73822.0;0.002306
728;regular;239939.0;0.000703;239939.0;0.000188;239939.0;0.00235
728;watts;208971.0;0.000672;208971.0;0.000186;208971.0;0.003687
729;barabasi;44242.0;0.000709;44242.0;0.000243;44242.0;0.002593
729;complete;2455.0;0.000679;2890.0;0.000465;2455.0;0.001213
729;erdos;59087.0;0.00074;59087.0;0.000221;59087.0;0.002188
729;regular;5078209.0;0.000618;5078209.0;0.00014;5078209.0;0.020049
729;watts;163226.0;0.000839;163226.0;0.000229;163226.0;0.003007
730;barabasi;43586.0;0.000718;43586.0;0.000214;43586.0;0.001651
730;complete;2518.0;0.000694;3110.0;0.000478;2518.0;0.001217
730;erdos;53760.0;0.000744;53768.0;0.000224;53760.0;0.002788
730;regular;238288.0;0.000711;238288.0;0.000179;238288.0;0.002113
730;watts;167981.0;0.000675;167981.0;0.000189;167981.0;0.002888
731;barabasi;50858.0;0.000719;50858.0;0.000219;50858.0;0.001651
731;complete;2409.0;0.000758;2944.0;0.000592;2409.0;0.001045
731;erdos;83898.0;0.000752;83898.0;0.000223;83898.0;0.00206
731;regular;2934785.0;0.000471;2934785.0;0.000104;2934785.0;0.01173
731;watts;155373.0;0.000837;155373.0;0.000246;155373.0;0.003876
732;erdos;112284.0;0.000758;112284.0;0.000235;112284.0;0.002304
732;regular;229313.0;0.000717;229313.0;0.000178;229313.0;0.001927
732;watts;170964.0;0.000672;170964.0;0.000193;170964.0;0.003531
732;barabasi;41999.0;0.000724;41999.0;0.000214;41999.0;0.001659
732;complete;2626.0;0.000688;3270.0;0.000481;2626.0;0.001228
733;barabasi;50939.0;0.000726;50939.0;0.000214;50939.0;0.00217
733;complete;2503.0;0.000745;3340.0;0.000517;2503.0;0.001372
733;erdos;88847.0;0.000751;88847.0;0.000225;88847.0;0.002059
733;regular;1028507.0;0.000245;1028507.0;6.5e-05;1028507.0;0.004529
733;watts;171197.0;0.000681;171197.0;0.000192;171197.0;0.00272
734;erdos;66790.0;0.000776;66790.0;0.000223;66790.0;0.002323
734;barabasi;46813.0;0.000719;46813.0;0.000214;46813.0;0.001669
734;complete;2400.0;0.000684;2843.0;0.00047;2400.0;0.001235
734;regular;249728.0;0.00076;249728.0;0.00018;249728.0;0.001881
734;watts;138953.0;0.000685;138953.0;0.000189;138953.0;0.002631
736;barabasi;40462.0;0.000871;40462.0;0.000218;40462.0;0.001684
736;complete;2453.0;0.000694;2962.0;0.000481;2453.0;0.001237
736;erdos;71909.0;0.00076;71909.0;0.000254;71909.0;0.00233
736;regular;260368.0;0.000721;260368.0;0.000205;260368.0;0.00217
736;watts;192019.0;0.000686;192019.0;0.000192;192019.0;0.002973
737;erdos;66026.0;0.000769;66096.0;0.000225;66026.0;0.002304
737;regular;6502016.0;0.000712;6502016.0;0.000193;6502016.0;0.023135
737;watts;150789.0;0.000675;150789.0;0.00019;150789.0;0.002876
737;complete;2518.0;0.00077;3065.0;0.000485;2518.0;0.001245
737;barabasi;43037.0;0.000733;43037.0;0.000212;43037.0;0.001679
738;barabasi;48278.0;0.000732;48278.0;0.000221;48278.0;0.002134
738;complete;2620.0;0.000692;3465.0;0.000484;2620.0;0.001243
738;erdos;66669.0;0.000758;66680.0;0.000227;66669.0;0.002086
738;regular;250598.0;0.000731;250598.0;0.000201;250598.0;0.001869
738;watts;215124.0;0.000682;215124.0;0.000193;215124.0;0.003158
739;barabasi;51452.0;0.000738;51452.0;0.000223;51452.0;0.002211
739;complete;2558.0;0.000694;3086.0;0.000479;2558.0;0.001
739;erdos;69325.0;0.000757;69325.0;0.000234;69325.0;0.002386
739;regular;5955934.0;0.000673;5955934.0;0.000154;5955934.0;0.022192
739;watts;149922.0;0.000868;149922.0;0.000267;149922.0;0.002766
740;barabasi;41902.0;0.00073;41902.0;0.000228;41902.0;0.002213
740;complete;2714.0;0.000679;3358.0;0.000488;2714.0;0.001245
740;erdos;67628.0;0.000763;67628.0;0.000227;67628.0;0.002293
740;regular;260335.0;0.000801;260335.0;0.00023;260335.0;0.002079
740;watts;137670.0;0.000775;137670.0;0.000196;137670.0;0.003448
741;barabasi;42863.0;0.000731;42863.0;0.000246;42863.0;0.001701
741;complete;2350.0;0.0007;2762.0;0.00048;2350.0;0.001256
741;erdos;59885.0;0.000772;59885.0;0.000229;59885.0;0.002691
741;regular;1792870.0;0.000345;1792870.0;8.2e-05;1792870.0;0.006886
741;watts;166310.0;0.000696;166310.0;0.000193;166310.0;0.002628
742;barabasi;49973.0;0.000879;49973.0;0.000218;49973.0;0.001977
742;complete;2296.0;0.000672;2721.0;0.000487;2296.0;0.001009
742;erdos;60100.0;0.000769;60100.0;0.000228;60100.0;0.002648
742;regular;251955.0;0.000735;251955.0;0.000186;251955.0;0.002248
742;watts;166404.0;0.000701;166404.0;0.000198;166404.0;0.003461
743;barabasi;46923.0;0.000738;46923.0;0.00022;46923.0;0.001706
743;complete;2509.0;0.000719;3183.0;0.00049;2509.0;0.001262
743;erdos;87277.0;0.000777;87304.0;0.000246;87277.0;0.002364
743;regular;5616215.0;0.000667;5616215.0;0.000146;5616215.0;0.022445
743;watts;184115.0;0.000698;184115.0;0.000197;184115.0;0.003075
744;barabasi;44225.0;0.000745;44225.0;0.000223;44225.0;0.001976
744;complete;2563.0;0.000709;3368.0;0.000491;2563.0;0.001263
744;erdos;67387.0;0.000772;67472.0;0.000229;67387.0;0.002355
744;regular;262732.0;0.000732;262732.0;0.000183;262732.0;0.002031
744;watts;161190.0;0.000696;161190.0;0.0002;161190.0;0.003132
746;watts;158127.0;0.000701;158127.0;0.000195;158127.0;0.002678
746;barabasi;55636.0;0.000758;55636.0;0.000221;55636.0;0.002126
746;complete;2748.0;0.000688;3656.0;0.00049;2748.0;0.001273
746;erdos;77480.0;0.00078;77480.0;0.000233;77480.0;0.002103
746;regular;246746.0;0.000738;246746.0;0.000185;246746.0;0.002718
747;barabasi;44476.0;0.000753;44476.0;0.000219;44476.0;0.001988
747;complete;2558.0;0.000738;3131.0;0.000492;2558.0;0.001271
747;erdos;70177.0;0.000781;70177.0;0.000256;70177.0;0.002669
747;regular;5038544.0;0.00064;5038544.0;0.000136;5038544.0;0.018062
747;watts;163879.0;0.000719;163879.0;0.000246;163879.0;0.00358
748;barabasi;39637.0;0.00077;39637.0;0.00023;39637.0;0.001774
748;complete;2609.0;0.000723;3342.0;0.000491;2609.0;0.001275
748;erdos;78584.0;0.000785;78584.0;0.000232;78584.0;0.002394
748;regular;251592.0;0.000746;251592.0;0.000185;251592.0;0.002472
748;watts;139908.0;0.000701;139908.0;0.000196;139908.0;0.002936
749;barabasi;46835.0;0.000759;46835.0;0.000224;46835.0;0.002419
749;complete;2561.0;0.000735;3356.0;0.000491;2561.0;0.001301
749;erdos;79692.0;0.001041;79692.0;0.000291;79692.0;0.002486
749;regular;2912501.0;0.000508;2912501.0;0.000107;2912501.0;0.010989
749;watts;143680.0;0.000704;143680.0;0.000198;143680.0;0.003439
750;barabasi;38097.0;0.000756;38097.0;0.000225;38097.0;0.002083
750;complete;2479.0;0.000758;3181.0;0.00049;2479.0;0.001287
750;erdos;72571.0;0.000784;72571.0;0.000236;72571.0;0.002407
750;regular;262491.0;0.000748;262491.0;0.000205;262491.0;0.00227
750;watts;162840.0;0.000705;162840.0;0.000195;162840.0;0.003499
751;erdos;80530.0;0.000784;80570.0;0.000252;80530.0;0.002843
751;regular;1836492.0;0.000358;1836492.0;8.5e-05;1836492.0;0.006935
751;watts;152454.0;0.000884;152454.0;0.000258;152454.0;0.004199
751;barabasi;55698.0;0.000807;55698.0;0.00028;55698.0;0.00239
751;complete;2500.0;0.000833;3065.0;0.000496;2500.0;0.001285
752;barabasi;47268.0;0.000763;47268.0;0.000226;47268.0;0.001744
752;complete;2689.0;0.00074;3288.0;0.000499;2689.0;0.001292
752;erdos;53047.0;0.000794;53062.0;0.000238;53047.0;0.001898
752;regular;231306.0;0.000751;231306.0;0.000188;231306.0;0.002464
752;watts;191475.0;0.000706;191475.0;0.000201;191475.0;0.003869
753;erdos;66072.0;0.000795;66072.0;0.000244;66072.0;0.002766
753;barabasi;59633.0;0.000752;59633.0;0.000232;59633.0;0.002024
753;complete;2578.0;0.000776;3192.0;0.000519;2578.0;0.001337
753;regular;6401547.0;0.000707;6401547.0;0.000162;6401547.0;0.025112
753;watts;147968.0;0.000712;147968.0;0.000204;147968.0;0.002851
755;barabasi;39189.0;0.000768;39189.0;0.000222;39189.0;0.001759
755;complete;2420.0;0.000711;2875.0;0.000501;2420.0;0.001045
755;erdos;93309.0;0.000797;93332.0;0.000237;93309.0;0.00277
755;regular;6137845.0;0.000698;6137845.0;0.000154;6137845.0;0.023089
755;watts;160545.0;0.000728;160545.0;0.000205;160545.0;0.003705
756;erdos;65390.0;0.000816;65390.0;0.000244;65390.0;0.00237
756;regular;258146.0;0.000755;258146.0;0.000208;258146.0;0.002037
756;watts;181024.0;0.000833;181024.0;0.000198;181024.0;0.003966
756;complete;2562.0;0.000746;3076.0;0.000504;2562.0;0.001303
756;barabasi;40652.0;0.000782;40675.0;0.000245;40652.0;0.002321
757;barabasi;42773.0;0.000762;42773.0;0.000231;42773.0;0.00204
757;complete;2604.0;0.000772;3213.0;0.000517;2604.0;0.00131
757;erdos;71236.0;0.000805;71345.0;0.000241;71236.0;0.002149
757;regular;845054.0;0.000244;845054.0;6.3e-05;845054.0;0.0042
757;watts;143834.0;0.000735;143834.0;0.000204;143834.0;0.00325
758;barabasi;49363.0;0.000921;49363.0;0.000286;49363.0;0.002525
758;complete;2659.0;0.000745;3283.0;0.000504;2659.0;0.001316
758;erdos;109207.0;0.000803;109336.0;0.00024;109207.0;0.002399
758;regular;244854.0;0.000763;244854.0;0.00019;244854.0;0.002789
758;watts;183122.0;0.00072;183122.0;0.000208;183122.0;0.003505
759;barabasi;52855.0;0.000835;52855.0;0.000226;52855.0;0.002328
759;complete;2440.0;0.000719;2985.0;0.0005;2440.0;0.001319
759;erdos;88672.0;0.000801;88672.0;0.000236;88672.0;0.002362
759;regular;7148062.0;0.000754;7148062.0;0.000164;7148062.0;0.028375
759;watts;171925.0;0.0009;171925.0;0.000276;171925.0;0.00363
760;barabasi;43401.0;0.000775;43401.0;0.000228;43401.0;0.002056
760;complete;2638.0;0.000749;3285.0;0.000501;2638.0;0.001319
760;erdos;86991.0;0.00081;87024.0;0.000264;86991.0;0.002179
760;regular;189116.0;0.000725;189116.0;0.000181;189116.0;0.002323
760;watts;212666.0;0.000722;212666.0;0.000213;212666.0;0.003011
761;barabasi;48347.0;0.000784;48404.0;0.000229;48347.0;0.002342
761;complete;2707.0;0.000771;3346.0;0.000516;2707.0;0.001319
761;erdos;72784.0;0.000812;72784.0;0.000246;72784.0;0.003162
761;regular;7075831.0;0.000854;7075831.0;0.000166;7075831.0;0.025844
761;watts;179043.0;0.000722;179043.0;0.000205;179043.0;0.003019
762;barabasi;49384.0;0.000765;49384.0;0.000233;49384.0;0.002063
762;complete;2588.0;0.000813;3154.0;0.000515;2588.0;0.00132
762;erdos;66141.0;0.000807;66157.0;0.000239;66141.0;0.002175
762;regular;148012.0;0.000739;148012.0;0.000183;148012.0;0.002162
762;watts;196184.0;0.000746;196184.0;0.000223;196184.0;0.003325
764;barabasi;47668.0;0.000783;47668.0;0.000229;47668.0;0.001798
764;complete;2540.0;0.00074;3136.0;0.000513;2540.0;0.001328
764;erdos;73105.0;0.000814;73177.0;0.000244;73105.0;0.002205
764;regular;260329.0;0.000774;260329.0;0.000195;260329.0;0.002259
764;watts;184227.0;0.000732;184227.0;0.000218;184227.0;0.003375
765;barabasi;40852.0;0.000778;40852.0;0.000252;40852.0;0.002082
765;complete;2742.0;0.000744;3275.0;0.000515;2742.0;0.001336
765;erdos;70163.0;0.000816;70163.0;0.000246;70163.0;0.002508
765;regular;6272036.0;0.000694;6272036.0;0.000153;6272036.0;0.022663
765;watts;202700.0;0.000743;202700.0;0.000208;202700.0;0.003091
766;complete;2506.0;0.000734;3087.0;0.000516;2506.0;0.001078
766;erdos;110111.0;0.000821;110111.0;0.000262;110111.0;0.002677
766;regular;272299.0;0.000776;272299.0;0.000191;272299.0;0.002256
766;watts;187141.0;0.000863;187141.0;0.000206;187141.0;0.003079
766;barabasi;50669.0;0.000784;50669.0;0.000228;50669.0;0.001806
767;barabasi;52468.0;0.000796;52468.0;0.000233;52468.0;0.00183
767;complete;2544.0;0.000742;3041.0;0.000518;2544.0;0.001395
767;erdos;62392.0;0.000821;62392.0;0.000283;62392.0;0.002837
767;regular;1716978.0;0.000361;1716978.0;8.4e-05;1716978.0;0.007816
767;watts;197091.0;0.000741;197091.0;0.000206;197091.0;0.003647
768;barabasi;53015.0;0.001002;53015.0;0.000268;53015.0;0.002099
768;complete;2507.0;0.000745;3290.0;0.000521;2507.0;0.001083
768;erdos;76822.0;0.000827;76894.0;0.000258;76822.0;0.002564
768;regular;250992.0;0.00078;250992.0;0.00028;250992.0;0.002412
768;watts;176802.0;0.000742;176802.0;0.000205;176802.0;0.003594
769;barabasi;49301.0;0.000793;49301.0;0.000231;49301.0;0.002626
769;complete;2652.0;0.000816;3348.0;0.000524;2652.0;0.001347
769;erdos;72750.0;0.000822;72750.0;0.000244;72750.0;0.00277
769;regular;229665.0;0.000112;229665.0;3.4e-05;229665.0;0.001229
769;watts;200546.0;0.000835;200546.0;0.000205;200546.0;0.002843
771;barabasi;46564.0;0.000836;46564.0;0.000239;46564.0;0.002123
771;complete;2866.0;0.00072;3550.0;0.00051;2866.0;0.001361
771;erdos;61167.0;0.000834;61211.0;0.00027;61167.0;0.002548
771;regular;339695.0;0.000145;339695.0;4.3e-05;339695.0;0.001832
771;watts;183667.0;0.000753;183667.0;0.000205;183667.0;0.003357
772;barabasi;50330.0;0.00094;50330.0;0.000295;50330.0;0.002499
772;complete;2593.0;0.00078;3063.0;0.000525;2593.0;0.001354
772;erdos;76945.0;0.000827;76945.0;0.000253;76945.0;0.002811
772;regular;221208.0;0.000789;221208.0;0.000195;221208.0;0.002472
772;watts;226181.0;0.000932;226181.0;0.000237;226181.0;0.003137
773;barabasi;48673.0;0.000804;48673.0;0.00024;48673.0;0.002124
773;complete;2753.0;0.000783;3449.0;0.000518;2753.0;0.001369
773;erdos;75238.0;0.000834;75399.0;0.000247;75238.0;0.003138
773;regular;3047676.0;0.000484;3047676.0;0.000109;3047676.0;0.011816
773;watts;155650.0;0.000845;155650.0;0.000281;155650.0;0.003298
774;barabasi;49116.0;0.000808;49116.0;0.000254;49116.0;0.001959
774;complete;2391.0;0.000732;2866.0;0.000515;2391.0;0.001096
774;erdos;76909.0;0.000842;77083.0;0.000261;76909.0;0.003163
774;regular;228909.0;0.000794;228909.0;0.000196;228909.0;0.00191
774;watts;176631.0;0.00076;176631.0;0.000208;176631.0;0.00308
775;barabasi;45886.0;0.000907;45886.0;0.000235;45886.0;0.002271
775;complete;2594.0;0.000796;3025.0;0.000524;2594.0;0.001394
775;erdos;75074.0;0.000843;75228.0;0.000246;75074.0;0.002694
775;regular;7002203.0;0.000831;7002203.0;0.000212;7002203.0;0.027568
775;watts;174219.0;0.000826;174219.0;0.000208;174219.0;0.003317
776;barabasi;38889.0;0.000802;38889.0;0.000261;38889.0;0.002138
776;complete;2690.0;0.000781;3550.0;0.000529;2690.0;0.001376
776;erdos;70537.0;0.000842;70537.0;0.000251;70537.0;0.002355
776;regular;238636.0;0.000791;238636.0;0.000202;238636.0;0.002327
776;watts;184843.0;0.000748;184843.0;0.000209;184843.0;0.003706
777;barabasi;46601.0;0.000807;46601.0;0.000237;46601.0;0.001913
777;complete;2662.0;0.000775;3051.0;0.000529;2662.0;0.001377
777;erdos;70119.0;0.000839;70119.0;0.000249;70119.0;0.002568
777;regular;2026443.0;0.000402;2026443.0;9.3e-05;2026443.0;0.008877
777;watts;150152.0;0.000751;150152.0;0.000209;150152.0;0.004085
779;barabasi;52132.0;0.000809;52132.0;0.000241;52132.0;0.002154
779;complete;2583.0;0.000763;3128.0;0.00052;2583.0;0.001378
779;erdos;60957.0;0.00085;61036.0;0.000252;60957.0;0.002039
779;regular;3055114.0;0.00051;3055114.0;0.000114;3055114.0;0.01283
779;watts;167763.0;0.00076;167763.0;0.000209;167763.0;0.00319
780;barabasi;45896.0;0.000818;45896.0;0.000289;45896.0;0.002071
780;complete;2510.0;0.000781;3045.0;0.000531;2510.0;0.001117
780;erdos;69431.0;0.000845;69449.0;0.000273;69431.0;0.002674
780;regular;194034.0;0.000759;194034.0;0.00019;194034.0;0.002373
780;watts;154054.0;0.000757;154054.0;0.000209;154054.0;0.004241
781;watts;203832.0;0.00094;203832.0;0.000268;203832.0;0.004359
781;barabasi;52984.0;0.00096;52984.0;0.000235;52984.0;0.002164
781;complete;2537.0;0.000775;3089.0;0.000533;2537.0;0.001392
781;erdos;73673.0;0.000849;73743.0;0.000252;73673.0;0.003259
781;regular;7516360.0;0.000789;7516360.0;0.000177;7516360.0;0.027834
782;barabasi;48059.0;0.000814;48059.0;0.000242;48059.0;0.002168
782;complete;2644.0;0.000777;3296.0;0.000528;2644.0;0.001395
782;erdos;73498.0;0.000852;73610.0;0.000251;73498.0;0.002571
782;regular;255967.0;0.000819;255967.0;0.000201;255967.0;0.00276
782;watts;153794.0;0.000768;153794.0;0.000211;153794.0;0.003152
783;watts;199606.0;0.000772;199606.0;0.000212;199606.0;0.004515
783;barabasi;56630.0;0.000942;56630.0;0.000239;56630.0;0.001893
783;complete;2487.0;0.000806;3061.0;0.000529;2487.0;0.001396
783;erdos;76435.0;0.000846;76446.0;0.000253;76435.0;0.002688
783;regular;6304846.0;0.000722;6304846.0;0.000181;6304846.0;0.025689
785;barabasi;40423.0;0.000823;40457.0;0.000239;40423.0;0.001899
785;complete;2715.0;0.000802;3334.0;0.000532;2715.0;0.00141
785;erdos;75169.0;0.000852;75282.0;0.000276;75169.0;0.002624
785;regular;4770343.0;0.000645;4770343.0;0.000158;4770343.0;0.017593
785;watts;178709.0;0.000773;178709.0;0.00022;178709.0;0.003247
786;complete;2640.0;0.00078;3306.0;0.000536;2640.0;0.00113
786;erdos;97332.0;0.000859;97392.0;0.000303;97332.0;0.002668
786;regular;227330.0;0.000815;227330.0;0.000204;227330.0;0.002594
786;watts;200422.0;0.000814;200422.0;0.000213;200422.0;0.003345
786;barabasi;56558.0;0.000956;56558.0;0.000296;56558.0;0.001902
787;barabasi;50311.0;0.000838;50311.0;0.000242;50311.0;0.002383
787;complete;2604.0;0.000793;3184.0;0.000538;2604.0;0.001132
787;erdos;82084.0;0.000861;82165.0;0.00025;82084.0;0.002975
787;regular;1718432.0;0.000361;1718432.0;9e-05;1718432.0;0.007323
787;watts;194316.0;0.000774;194316.0;0.000236;194316.0;0.003747
788;barabasi;52876.0;0.001028;52876.0;0.000246;52876.0;0.002456
788;complete;2641.0;0.000795;3397.0;0.000532;2641.0;0.001414
788;erdos;62071.0;0.000868;62386.0;0.000254;62071.0;0.00296
788;regular;155693.0;0.000777;155693.0;0.000194;155693.0;0.00276
788;watts;184834.0;0.000966;184834.0;0.00023;184834.0;0.003203
789;barabasi;56473.0;0.000837;56473.0;0.00024;56473.0;0.00221
789;complete;2646.0;0.000801;3192.0;0.000536;2646.0;0.001138
789;erdos;87239.0;0.000859;87299.0;0.000274;87239.0;0.003586
789;regular;38716.0;5e-05;38716.0;1.8e-05;38716.0;0.0006
789;watts;202795.0;0.00095;202795.0;0.000216;202795.0;0.003306
790;barabasi;48096.0;0.00084;48096.0;0.000247;48096.0;0.002212
790;complete;2707.0;0.000841;3437.0;0.000542;2707.0;0.001425
790;erdos;61854.0;0.000867;61900.0;0.000259;61854.0;0.002727
790;regular;159588.0;0.000877;159588.0;0.000196;159588.0;0.002369
790;watts;192685.0;0.000799;192685.0;0.000215;192685.0;0.003533
792;barabasi;47864.0;0.000835;47872.0;0.000244;47864.0;0.002504
792;complete;2712.0;0.000807;3467.0;0.000541;2712.0;0.001434
792;erdos;82823.0;0.000872;82901.0;0.000259;82823.0;0.002744
792;regular;259362.0;0.000827;259362.0;0.000203;259362.0;0.002844
792;watts;145517.0;0.000896;145517.0;0.00022;145517.0;0.003645
793;barabasi;42184.0;0.000831;42208.0;0.000242;42184.0;0.001928
793;complete;2610.0;0.000858;3174.0;0.000685;2610.0;0.001156
793;regular;5954111.0;0.000724;5954111.0;0.000157;5954111.0;0.023319
793;watts;156594.0;0.000794;156594.0;0.000216;156594.0;0.00415
793;erdos;65331.0;0.000878;65374.0;0.000259;65331.0;0.003449
794;barabasi;53598.0;0.000967;53598.0;0.000242;53598.0;0.002542
794;complete;2805.0;0.000814;3351.0;0.000542;2805.0;0.001466
794;erdos;59162.0;0.000881;59301.0;0.000255;59162.0;0.002356
794;regular;251976.0;0.000831;251976.0;0.000247;251976.0;0.00265
794;watts;174195.0;0.000799;174195.0;0.000217;174195.0;0.003695
795;barabasi;54388.0;0.000841;54388.0;0.000243;54388.0;0.002238
795;complete;2861.0;0.00079;3594.0;0.000551;2861.0;0.001439
795;erdos;78194.0;0.000884;78283.0;0.000259;78194.0;0.00243
795;regular;1112972.0;0.000284;1112972.0;7.2e-05;1112972.0;0.005171
795;watts;157967.0;0.000801;157967.0;0.000216;157967.0;0.004008
796;complete;2728.0;0.000873;3376.0;0.000555;2728.0;0.001443
796;erdos;64740.0;0.000884;64853.0;0.000266;64740.0;0.003023
796;regular;261623.0;0.000838;261623.0;0.000226;261623.0;0.002487
796;watts;173559.0;0.000787;173559.0;0.000289;173559.0;0.003158
796;barabasi;46362.0;0.000832;46362.0;0.00025;46362.0;0.002441
798;barabasi;52255.0;0.000853;52255.0;0.000301;52255.0;0.002256
798;complete;2645.0;0.000833;3118.0;0.000549;2645.0;0.001172
798;erdos;66326.0;0.000893;66442.0;0.000261;66326.0;0.003029
798;regular;279180.0;0.000941;279180.0;0.000261;279180.0;0.002864
798;watts;179822.0;0.000807;179822.0;0.000232;179822.0;0.003041
799;barabasi;64655.0;0.000842;64655.0;0.000248;64655.0;0.001963
799;complete;2765.0;0.000829;3520.0;0.000556;2765.0;0.001477
799;regular;290634.0;0.000146;290634.0;3.8e-05;290634.0;0.001795
799;watts;160282.0;0.000981;160282.0;0.000268;160282.0;0.004037
799;erdos;69678.0;0.000892;69998.0;0.000259;69678.0;0.003326
800;barabasi;51499.0;0.000883;51499.0;0.00031;51499.0;0.002674
800;complete;2733.0;0.000825;3306.0;0.000557;2733.0;0.001464
800;erdos;78909.0;0.000897;79026.0;0.000268;78909.0;0.002862
800;regular;279205.0;0.000851;279205.0;0.000209;279205.0;0.002187
800;watts;170620.0;0.000877;170620.0;0.000247;170620.0;0.003475
801;barabasi;53428.0;0.00103;53428.0;0.000316;53428.0;0.002302
801;complete;2561.0;0.000792;3219.0;0.000551;2561.0;0.001461
801;erdos;84846.0;0.000896;84883.0;0.000264;84846.0;0.002435
801;regular;4717465.0;0.000824;4717465.0;0.000147;4717465.0;0.01825
801;watts;189986.0;0.00081;189986.0;0.000218;189986.0;0.004218
802;barabasi;42920.0;0.000859;42920.0;0.000249;42920.0;0.001975
802;complete;2586.0;0.000796;3178.0;0.000557;2586.0;0.001176
802;erdos;91208.0;0.000902;91333.0;0.000265;91208.0;0.002792
802;regular;276117.0;0.000846;276117.0;0.000209;276117.0;0.002693
802;watts;171844.0;0.000797;171844.0;0.000224;171844.0;0.004131
804;barabasi;42900.0;0.000929;42900.0;0.000283;42900.0;0.001981
804;complete;2501.0;0.000793;3032.0;0.000562;2501.0;0.001184
804;erdos;70247.0;0.000903;70414.0;0.000266;70247.0;0.002838
804;regular;265666.0;0.000896;265666.0;0.000212;265666.0;0.002689
804;watts;167414.0;0.00081;167414.0;0.000239;167414.0;0.003692
805;barabasi;47100.0;0.000915;47100.0;0.000315;47100.0;0.002319
805;complete;2784.0;0.000836;3459.0;0.000558;2784.0;0.001469
805;erdos;61950.0;0.000913;62304.0;0.00029;61950.0;0.003135
805;regular;7879601.0;0.000828;7879601.0;0.000178;7879601.0;0.032052
805;watts;215509.0;0.000807;215509.0;0.000227;215509.0;0.00311
806;barabasi;51484.0;0.000865;51484.0;0.000252;51484.0;0.003229
806;complete;2529.0;0.000802;3078.0;0.00056;2529.0;0.001478
806;erdos;68833.0;0.000907;69063.0;0.000264;68833.0;0.003473
806;regular;208318.0;0.000806;208318.0;0.000222;208318.0;0.002106
806;watts;177103.0;0.00081;177103.0;0.000224;177103.0;0.003603
807;barabasi;44177.0;0.000954;44190.0;0.000318;44177.0;0.002347
807;complete;2803.0;0.000834;3528.0;0.000563;2803.0;0.001487
807;erdos;71563.0;0.000908;71718.0;0.000273;71563.0;0.003059
807;regular;7671986.0;0.000829;7671986.0;0.000178;7671986.0;0.030084
807;watts;211298.0;0.000813;211298.0;0.000223;211298.0;0.004028
808;barabasi;50395.0;0.000978;50395.0;0.00034;50395.0;0.002044
808;complete;2505.0;0.000786;3026.0;0.000561;2505.0;0.001193
808;erdos;69351.0;0.000912;69483.0;0.000268;69351.0;0.00297
808;regular;281274.0;0.000861;281274.0;0.000212;281274.0;0.002585
808;watts;174463.0;0.000816;174463.0;0.000224;174463.0;0.00424
810;barabasi;45725.0;0.000894;45725.0;0.000259;45725.0;0.00206
810;complete;2768.0;0.000827;3257.0;0.000571;2768.0;0.0015
810;erdos;57654.0;0.000917;57910.0;0.000265;57654.0;0.00287
810;regular;166360.0;0.000825;166360.0;0.000202;166360.0;0.002768
810;watts;193994.0;0.000838;193994.0;0.000242;193994.0;0.005166
811;regular;6909909.0;0.00079;6909909.0;0.000173;6909909.0;0.02896
811;watts;157169.0;0.000834;157169.0;0.000223;157169.0;0.004053
811;barabasi;49485.0;0.001029;49485.0;0.000252;49485.0;0.002649
811;complete;2571.0;0.000811;3118.0;0.000576;2571.0;0.001494
811;erdos;66907.0;0.00091;66944.0;0.000323;66907.0;0.002509
812;barabasi;47011.0;0.00087;47011.0;0.000257;47011.0;0.002023
812;complete;2802.0;0.000907;3505.0;0.000563;2802.0;0.001516
812;erdos;68246.0;0.000917;68332.0;0.000295;68246.0;0.002589
812;regular;285692.0;0.000859;285692.0;0.000223;285692.0;0.002354
812;watts;161291.0;0.000832;161291.0;0.000225;161291.0;0.004649
813;barabasi;45892.0;0.00089;45892.0;0.000254;45892.0;0.002028
813;complete;2531.0;0.000841;3130.0;0.00057;2531.0;0.001209
813;erdos;67112.0;0.000913;67267.0;0.000287;67112.0;0.003169
813;regular;434094.0;0.000175;434094.0;5e-05;434094.0;0.002661
813;watts;173360.0;0.00084;173360.0;0.000227;173360.0;0.003597
814;barabasi;62996.0;0.000965;62996.0;0.000314;62996.0;0.002666
814;complete;2590.0;0.000814;3065.0;0.000569;2590.0;0.001502
814;erdos;86993.0;0.000957;87148.0;0.00027;86993.0;0.003353
814;regular;274443.0;0.000883;274443.0;0.000214;274443.0;0.002485
814;watts;199579.0;0.000829;199579.0;0.000226;199579.0;0.003309
816;barabasi;43654.0;0.000881;43654.0;0.000255;43654.0;0.002359
816;complete;2680.0;0.000841;3380.0;0.000577;2680.0;0.001219
816;erdos;71517.0;0.00093;71630.0;0.000277;71517.0;0.003236
816;regular;292124.0;0.000994;292124.0;0.000216;292124.0;0.002612
816;watts;153009.0;0.000826;153009.0;0.000228;153009.0;0.00366
817;complete;2730.0;0.000891;3342.0;0.000567;2730.0;0.001522
817;erdos;61327.0;0.001071;61543.0;0.000334;61327.0;0.002568
817;regular;8306272.0;0.000865;8306272.0;0.000186;8306272.0;0.031384
817;watts;159661.0;0.000981;159661.0;0.000226;159661.0;0.004112
817;barabasi;64894.0;0.000882;64894.0;0.000253;64894.0;0.002364
818;barabasi;48244.0;0.000909;48246.0;0.000267;48244.0;0.002896
818;complete;2793.0;0.000848;3538.0;0.000592;2793.0;0.001528
818;erdos;75931.0;0.000935;75964.0;0.000284;75931.0;0.002889
818;regular;254264.0;0.000886;254264.0;0.000222;254264.0;0.004052
818;watts;183528.0;0.000837;183528.0;0.000243;183528.0;0.003661
819;barabasi;48940.0;0.000892;48940.0;0.000282;48940.0;0.00254
819;complete;2596.0;0.00083;3244.0;0.000583;2596.0;0.001292
819;regular;8270848.0;0.000965;8270848.0;0.000188;8270848.0;0.033708
819;watts;183618.0;0.00085;183618.0;0.000257;183618.0;0.003452
819;erdos;59784.0;0.001016;59828.0;0.000353;59784.0;0.003064
821;barabasi;50929.0;0.000895;50929.0;0.00026;50929.0;0.002063
821;complete;2516.0;0.000815;2969.0;0.000575;2516.0;0.001234
821;erdos;72277.0;0.000949;72437.0;0.000278;72277.0;0.003003
821;regular;2269912.0;0.000437;2269912.0;0.000104;2269912.0;0.00997
821;watts;165912.0;0.000841;165912.0;0.000235;165912.0;0.004101
822;barabasi;49353.0;0.000902;49353.0;0.000259;49353.0;0.002394
822;complete;2649.0;0.000863;3268.0;0.000576;2649.0;0.001235
822;erdos;70636.0;0.000936;70813.0;0.000294;70636.0;0.003153
822;regular;230828.0;0.000835;230828.0;0.000212;230828.0;0.001983
822;watts;201149.0;0.000842;201149.0;0.000236;201149.0;0.003672
823;barabasi;55723.0;0.000905;55723.0;0.000264;55723.0;0.002073
823;complete;2624.0;0.000829;3242.0;0.000592;2624.0;0.001243
823;erdos;88841.0;0.00094;89065.0;0.000279;88841.0;0.003227
823;regular;6238146.0;0.000773;6238146.0;0.000176;6238146.0;0.027109
823;watts;200972.0;0.000925;200972.0;0.000296;200972.0;0.004603
824;barabasi;54223.0;0.000908;54223.0;0.00026;54223.0;0.002402
824;complete;2722.0;0.000888;3283.0;0.000588;2722.0;0.00154
824;erdos;67122.0;0.000946;67218.0;0.000276;67122.0;0.002667
824;regular;302873.0;0.000891;302873.0;0.000224;302873.0;0.003167
824;watts;158916.0;0.000858;158916.0;0.000233;158916.0;0.004031
826;barabasi;45418.0;0.000901;45418.0;0.000264;45418.0;0.002417
826;complete;2800.0;0.000879;3460.0;0.000581;2800.0;0.001254
826;erdos;82911.0;0.000967;83118.0;0.000276;82911.0;0.003146
826;regular;273587.0;0.000904;273587.0;0.000223;273587.0;0.003878
826;watts;196935.0;0.000863;196935.0;0.000235;196935.0;0.003577
827;barabasi;51760.0;0.001096;51760.0;0.000268;51760.0;0.002417
827;complete;2707.0;0.00086;3305.0;0.000577;2707.0;0.001555
827;erdos;78216.0;0.00095;78234.0;0.000284;78216.0;0.002753
827;regular;3196889.0;0.00059;3196889.0;0.000159;3196889.0;0.013006
827;watts;183954.0;0.000888;183954.0;0.000234;183954.0;0.003578
828;barabasi;45536.0;0.000904;45536.0;0.000274;45536.0;0.002099
828;complete;2763.0;0.00093;3514.0;0.000594;2763.0;0.001554
828;erdos;74269.0;0.00107;74360.0;0.000353;74269.0;0.002679
828;regular;268417.0;0.000902;268417.0;0.000222;268417.0;0.002406
828;watts;183523.0;0.000882;183523.0;0.000296;183523.0;0.004086
829;barabasi;51832.0;0.000911;51832.0;0.000266;51832.0;0.002103
829;complete;2662.0;0.000848;3361.0;0.000597;2662.0;0.001352
829;erdos;86626.0;0.000947;86746.0;0.000286;86626.0;0.003507
829;regular;8710366.0;0.000884;8710366.0;0.000223;8710366.0;0.034274
829;watts;207587.0;0.000869;207587.0;0.000233;207587.0;0.004489
831;barabasi;54956.0;0.000914;54956.0;0.00029;54956.0;0.002439
831;complete;2795.0;0.000888;3334.0;0.000609;2795.0;0.001587
831;erdos;95535.0;0.000962;95825.0;0.00028;95535.0;0.003298
831;regular;1824344.0;0.000402;1824344.0;9.6e-05;1824344.0;0.008994
831;watts;166241.0;0.000869;166241.0;0.000235;166241.0;0.004496
832;barabasi;49319.0;0.000922;49319.0;0.000269;49319.0;0.002234
832;complete;2791.0;0.000882;3381.0;0.000597;2791.0;0.001579
832;erdos;72961.0;0.000955;73201.0;0.000277;72961.0;0.00289
832;regular;266091.0;0.000912;266091.0;0.000239;266091.0;0.003089
832;watts;203765.0;0.00087;203765.0;0.000249;203765.0;0.004395
833;barabasi;60112.0;0.000961;60112.0;0.000263;60112.0;0.002776
833;complete;2885.0;0.000909;3735.0;0.000599;2885.0;0.001579
833;erdos;105922.0;0.000971;106073.0;0.000343;105922.0;0.002704
833;regular;3482370.0;0.000682;3482370.0;0.000161;3482370.0;0.015994
833;watts;197767.0;0.000859;197767.0;0.000234;197767.0;0.004719
834;barabasi;51241.0;0.001095;51241.0;0.0003;51241.0;0.002129
834;complete;2738.0;0.000875;3281.0;0.000595;2738.0;0.00158
834;erdos;69448.0;0.000971;69709.0;0.000282;69448.0;0.002973
834;regular;270436.0;0.000916;270436.0;0.000224;270436.0;0.002907
834;watts;181179.0;0.000864;181179.0;0.000234;181179.0;0.003394
836;barabasi;60688.0;0.000933;60688.0;0.000268;60688.0;0.002304
836;complete;2959.0;0.000889;3816.0;0.000605;2959.0;0.001591
836;erdos;75336.0;0.000971;75686.0;0.000288;75336.0;0.003043
836;regular;291938.0;0.000925;291938.0;0.000229;291938.0;0.002517
836;watts;159564.0;0.000873;159564.0;0.000239;159564.0;0.004526
837;watts;232506.0;0.000873;232506.0;0.00024;232506.0;0.004773
837;barabasi;45997.0;0.000955;45997.0;0.000501;45997.0;0.002463
837;complete;2762.0;0.000888;3267.0;0.000594;2762.0;0.001596
837;erdos;52563.0;0.000988;53037.0;0.000361;52563.0;0.003229
837;regular;8075878.0;0.000972;8075878.0;0.000187;8075878.0;0.032278
838;barabasi;53046.0;0.000938;53046.0;0.000275;53046.0;0.002956
838;complete;2803.0;0.000891;3484.0;0.000618;2803.0;0.001593
838;erdos;77799.0;0.000995;78065.0;0.00029;77799.0;0.003205
838;regular;308708.0;0.00108;308708.0;0.000322;308708.0;0.002767
838;watts;167560.0;0.000888;167560.0;0.000307;167560.0;0.006309
839;barabasi;64462.0;0.000926;64462.0;0.000271;64462.0;0.002818
839;complete;2732.0;0.000886;3487.0;0.000603;2732.0;0.001599
839;erdos;84522.0;0.001057;84705.0;0.000295;84522.0;0.002756
839;regular;3610144.0;0.000642;3610144.0;0.000168;3610144.0;0.015999
839;watts;181025.0;0.000884;181025.0;0.00025;181025.0;0.003978
841;barabasi;58446.0;0.001046;58446.0;0.000275;58446.0;0.002837
841;complete;2660.0;0.000868;3245.0;0.0006;2660.0;0.001294
841;erdos;62597.0;0.000987;62692.0;0.000289;62597.0;0.003759
841;regular;4100979.0;0.00065;4100979.0;0.000161;4100979.0;0.019195
841;watts;203937.0;0.000879;203937.0;0.000239;203937.0;0.00403
842;barabasi;48055.0;0.000933;48055.0;0.000275;48055.0;0.002832
842;complete;2712.0;0.000912;3440.0;0.000606;2712.0;0.001769
842;erdos;113325.0;0.001172;113506.0;0.000288;113325.0;0.002948
842;regular;305840.0;0.000929;305840.0;0.000228;305840.0;0.003356
842;watts;171442.0;0.000883;171442.0;0.00024;171442.0;0.005334
843;watts;168853.0;0.000889;168853.0;0.00024;168853.0;0.004055
843;barabasi;49852.0;0.00103;49852.0;0.000269;49852.0;0.002684
843;complete;2573.0;0.000858;3054.0;0.000599;2573.0;0.001303
843;erdos;68303.0;0.000996;68434.0;0.000287;68303.0;0.003414
843;regular;9027404.0;0.00095;9027404.0;0.000257;9027404.0;0.036984
844;barabasi;51711.0;0.00094;51711.0;0.000281;51711.0;0.002516
844;complete;2773.0;0.0009;3424.0;0.000614;2773.0;0.001298
844;erdos;75474.0;0.00099;75727.0;0.000289;75474.0;0.003456
844;regular;290227.0;0.000939;290227.0;0.000229;290227.0;0.003137
844;watts;195998.0;0.000885;195998.0;0.00024;195998.0;0.005151
846;barabasi;53530.0;0.000946;53530.0;0.000272;53530.0;0.002199
846;complete;2756.0;0.000907;3326.0;0.000621;2756.0;0.001631
846;erdos;84556.0;0.000992;84734.0;0.000301;84556.0;0.00398
846;regular;292679.0;0.000969;292679.0;0.000233;292679.0;0.002751
846;watts;210313.0;0.000883;210313.0;0.00024;210313.0;0.004125
847;barabasi;45795.0;0.000967;45795.0;0.000275;45795.0;0.002455
847;complete;3109.0;0.000885;3695.0;0.000627;3109.0;0.001628
847;erdos;89066.0;0.001258;89043.0;0.000365;89066.0;0.003259
847;regular;1535069.0;0.000448;1535069.0;0.000111;1535069.0;0.006765
847;watts;172076.0;0.001146;172076.0;0.000353;172076.0;0.004146
848;watts;216095.0;0.001036;216095.0;0.000245;216095.0;0.004423
848;barabasi;51768.0;0.001195;51768.0;0.00036;51768.0;0.002552
848;complete;2768.0;0.000891;3576.0;0.000622;2768.0;0.001308
848;erdos;65130.0;0.001001;65375.0;0.000298;65130.0;0.003089
848;regular;265793.0;0.001046;265793.0;0.00026;265793.0;0.002917
849;barabasi;56532.0;0.00095;56532.0;0.000269;56532.0;0.002552
849;complete;2753.0;0.000887;3506.0;0.000616;2753.0;0.001643
849;erdos;67637.0;0.000999;67798.0;0.000331;67637.0;0.003853
849;regular;2550.0;1.6e-05;2550.0;1e-05;2550.0;0.000508
849;watts;226208.0;0.00092;226208.0;0.000243;226208.0;0.003693
851;barabasi;58752.0;0.001011;58752.0;0.000338;58752.0;0.002212
851;complete;2677.0;0.000881;3227.0;0.000613;2677.0;0.001322
851;erdos;63608.0;0.001002;64049.0;0.000287;63608.0;0.003198
851;regular;4069.0;1.7e-05;4069.0;1e-05;4069.0;0.000512
851;watts;185459.0;0.000918;185459.0;0.000247;185459.0;0.00494
852;barabasi;52257.0;0.000975;52257.0;0.000278;52257.0;0.002226
852;complete;2683.0;0.00089;3245.0;0.000621;2683.0;0.001645
852;erdos;125703.0;0.001008;125796.0;0.000298;125703.0;0.003455
852;regular;285538.0;0.001116;285538.0;0.000243;285538.0;0.002862
852;watts;200336.0;0.000939;200336.0;0.000313;200336.0;0.003908
853;barabasi;54882.0;0.000963;54882.0;0.000293;54882.0;0.002658
853;complete;2725.0;0.000891;3444.0;0.000639;2725.0;0.001325
853;erdos;67817.0;0.001017;68074.0;0.000291;67817.0;0.003683
853;regular;1202766.0;0.000384;1202766.0;9.5e-05;1202766.0;0.005442
853;watts;216904.0;0.000906;216904.0;0.000256;216904.0;0.004342
855;barabasi;49255.0;0.001081;49255.0;0.000273;49255.0;0.002877
855;complete;2741.0;0.0009;3415.0;0.000621;2741.0;0.00133
855;erdos;78393.0;0.001019;78861.0;0.000296;78393.0;0.003692
855;regular;2147803.0;0.000442;2147803.0;0.000103;2147803.0;0.009097
855;watts;215079.0;0.000903;215079.0;0.000251;215079.0;0.004364
856;barabasi;47533.0;0.000974;47533.0;0.000279;47533.0;0.002928
856;complete;2917.0;0.000946;3724.0;0.000638;2917.0;0.001668
856;erdos;68747.0;0.001026;68860.0;0.0003;68747.0;0.003561
856;regular;267531.0;0.001103;267531.0;0.000295;267531.0;0.002734
856;watts;197258.0;0.000921;197258.0;0.000293;197258.0;0.003943
857;barabasi;57041.0;0.000985;57041.0;0.000281;57041.0;0.002835
857;complete;2744.0;0.000902;3459.0;0.000628;2744.0;0.001342
857;erdos;81921.0;0.001025;82040.0;0.0003;81921.0;0.004261
857;regular;197037.0;0.000125;197037.0;3.5e-05;197037.0;0.001555
857;watts;205969.0;0.000934;205969.0;0.000247;205969.0;0.004128
858;barabasi;63790.0;0.000973;63790.0;0.000288;63790.0;0.002595
858;complete;2905.0;0.000941;3453.0;0.000637;2905.0;0.00167
858;erdos;71724.0;0.001022;71928.0;0.000328;71724.0;0.002827
858;regular;258143.0;0.00099;258143.0;0.000245;258143.0;0.003998
858;watts;160527.0;0.000912;160527.0;0.000273;160527.0;0.003492
860;barabasi;51826.0;0.000992;51826.0;0.000362;51826.0;0.003402
860;complete;2722.0;0.000908;3313.0;0.00063;2722.0;0.001345
860;erdos;81162.0;0.001029;81373.0;0.000297;81162.0;0.003601
860;regular;275233.0;0.000967;275233.0;0.000239;275233.0;0.002549
860;watts;232604.0;0.000907;232604.0;0.000248;232604.0;0.004205
861;barabasi;59822.0;0.001045;59822.0;0.000325;59822.0;0.002971
861;complete;2700.0;0.000916;3365.0;0.000732;2700.0;0.001401
861;erdos;105549.0;0.001031;105965.0;0.000324;105549.0;0.002887
861;regular;8273570.0;0.000936;8273570.0;0.000251;8273570.0;0.032832
861;watts;216298.0;0.000922;216298.0;0.00025;216298.0;0.003867
862;barabasi;54918.0;0.000988;54918.0;0.000286;54918.0;0.003122
862;complete;2808.0;0.000926;3387.0;0.000642;2808.0;0.001693
862;erdos;65201.0;0.00103;65456.0;0.000295;65201.0;0.003244
862;regular;324482.0;0.000976;324482.0;0.000247;324482.0;0.002706
862;watts;193968.0;0.000921;193968.0;0.000248;193968.0;0.003833
864;barabasi;53113.0;0.000974;53113.0;0.000287;53113.0;0.002278
864;complete;2774.0;0.000924;3303.0;0.000628;2774.0;0.001359
864;erdos;68344.0;0.001039;68835.0;0.000306;68344.0;0.003244
864;regular;291024.0;0.000984;291024.0;0.000254;291024.0;0.002883
864;watts;220317.0;0.001079;220317.0;0.000301;220317.0;0.00357
865;complete;2784.0;0.000928;3267.0;0.000631;2784.0;0.001359
865;erdos;62998.0;0.001042;63321.0;0.000301;62998.0;0.003696
865;regular;55810.0;6.3e-05;55810.0;2.4e-05;55810.0;0.000824
865;watts;196230.0;0.000995;196230.0;0.000256;196230.0;0.004356
865;barabasi;46521.0;0.000988;46521.0;0.000285;46521.0;0.002986
866;barabasi;56218.0;0.001006;56218.0;0.000282;56218.0;0.0028
866;complete;2733.0;0.00092;3344.0;0.000641;2733.0;0.001364
866;erdos;72731.0;0.001042;73119.0;0.000303;72731.0;0.002913
866;regular;253606.0;0.001006;253606.0;0.000241;253606.0;0.002801
866;watts;195368.0;0.000967;195368.0;0.000319;195368.0;0.005131
867;barabasi;55389.0;0.001112;55389.0;0.000286;55389.0;0.003567
867;complete;2675.0;0.000909;3231.0;0.000641;2675.0;0.001699
867;erdos;84841.0;0.001042;84997.0;0.0003;84841.0;0.003263
867;regular;4920219.0;0.000717;4920219.0;0.000154;4920219.0;0.021148
867;watts;213686.0;0.000935;213686.0;0.000251;213686.0;0.004299
869;watts;184972.0;0.00096;184972.0;0.000252;184972.0;0.003935
869;barabasi;52945.0;0.001089;52945.0;0.000313;52945.0;0.002666
869;complete;2720.0;0.000919;3348.0;0.000635;2720.0;0.001408
869;erdos;72067.0;0.001055;72610.0;0.000308;72067.0;0.003972
869;regular;4276648.0;0.000678;4276648.0;0.000153;4276648.0;0.018984
870;barabasi;59772.0;0.001131;59772.0;0.000289;59772.0;0.002306
870;complete;2892.0;0.000964;3452.0;0.000643;2892.0;0.001711
870;erdos;78635.0;0.001197;78688.0;0.000309;78635.0;0.003945
870;regular;282386.0;0.001;282386.0;0.00025;282386.0;0.0033
870;watts;179338.0;0.000947;179338.0;0.000284;179338.0;0.003959
871;barabasi;61029.0;0.00101;61029.0;0.000287;61029.0;0.003044
871;complete;3011.0;0.000987;3725.0;0.000641;3011.0;0.00172
871;erdos;81680.0;0.001055;81996.0;0.000305;81680.0;0.003657
871;regular;8819727.0;0.000954;8819727.0;0.000208;8819727.0;0.037084
871;watts;192340.0;0.00095;192340.0;0.000253;192340.0;0.003264
873;barabasi;57792.0;0.001013;57792.0;0.000284;57792.0;0.003044
873;complete;2815.0;0.000997;3482.0;0.000648;2815.0;0.001394
873;erdos;79634.0;0.001062;79986.0;0.000309;79634.0;0.00297
873;regular;4679921.0;0.000715;4679921.0;0.000152;4679921.0;0.021977
873;watts;195119.0;0.000937;195119.0;0.000253;195119.0;0.005336
874;barabasi;53940.0;0.001007;53940.0;0.000287;53940.0;0.002515
874;complete;2807.0;0.001005;3437.0;0.000655;2807.0;0.001404
874;erdos;80859.0;0.001068;81132.0;0.000308;80859.0;0.004249
874;regular;164624.0;0.000965;164624.0;0.000236;164624.0;0.00319
874;watts;218344.0;0.001;218344.0;0.000258;218344.0;0.005401
875;regular;9552893.0;0.000979;9552893.0;0.000273;9552893.0;0.041297
875;watts;196114.0;0.000945;196114.0;0.000253;196114.0;0.004357
875;barabasi;47508.0;0.00115;47595.0;0.000311;47508.0;0.002342
875;complete;2681.0;0.001155;3244.0;0.000654;2681.0;0.001399
875;erdos;77720.0;0.00106;77979.0;0.000305;77720.0;0.003377
877;barabasi;52690.0;0.001016;52690.0;0.000295;52690.0;0.002789
877;complete;2802.0;0.000945;3453.0;0.000661;2802.0;0.001399
877;erdos;90992.0;0.001066;91066.0;0.000315;90992.0;0.003299
877;regular;203717.0;0.000117;203717.0;4.1e-05;203717.0;0.001351
877;watts;187566.0;0.000948;187566.0;0.000268;187566.0;0.004111
878;barabasi;62827.0;0.001029;62827.0;0.000299;62827.0;0.002814
878;complete;3033.0;0.001051;3715.0;0.000663;3033.0;0.001406
878;regular;285870.0;0.001011;285870.0;0.000253;285870.0;0.003626
878;watts;189804.0;0.000963;189804.0;0.000292;189804.0;0.004395
878;erdos;61316.0;0.00117;61600.0;0.000347;61316.0;0.004131
879;barabasi;57481.0;0.001023;57481.0;0.000288;57481.0;0.002464
879;complete;2985.0;0.001004;3741.0;0.000651;2985.0;0.001748
879;erdos;63521.0;0.001068;63926.0;0.000307;63521.0;0.00298
879;regular;6100131.0;0.000796;6100131.0;0.000169;6100131.0;0.025463
879;watts;194016.0;0.000948;194016.0;0.000254;194016.0;0.00507
881;erdos;69970.0;0.00108;70359.0;0.00031;69970.0;0.002942
881;regular;411427.0;0.000202;411427.0;5e-05;411427.0;0.002398
881;watts;225683.0;0.000988;225683.0;0.000261;225683.0;0.004138
881;barabasi;61977.0;0.00117;61977.0;0.000334;61977.0;0.002367
881;complete;2796.0;0.00096;3325.0;0.000673;2796.0;0.001422
882;barabasi;65960.0;0.001039;65960.0;0.000292;65960.0;0.0031
882;complete;2884.0;0.00098;3444.0;0.000654;2884.0;0.001763
882;erdos;77713.0;0.001185;78160.0;0.000317;77713.0;0.002966
882;regular;320014.0;0.00102;320014.0;0.000264;320014.0;0.003048
882;watts;205906.0;0.000978;205906.0;0.000259;205906.0;0.00443
883;barabasi;57261.0;0.001059;57261.0;0.000288;57261.0;0.00237
883;complete;2650.0;0.000934;3201.0;0.000655;2650.0;0.001416
883;erdos;93719.0;0.001101;94049.0;0.000339;93719.0;0.003201
883;regular;8664048.0;0.000946;8664048.0;0.000204;8664048.0;0.039266
883;watts;176894.0;0.001182;176894.0;0.000263;176894.0;0.004427
884;barabasi;53628.0;0.001038;53628.0;0.000293;53628.0;0.004106
884;complete;2849.0;0.00096;3543.0;0.000662;2849.0;0.00142
884;erdos;64549.0;0.001088;64881.0;0.000311;64549.0;0.004134
884;regular;329266.0;0.001022;329266.0;0.000249;329266.0;0.003974
884;watts;250826.0;0.000969;250826.0;0.000263;250826.0;0.004436
886;barabasi;54341.0;0.001031;54341.0;0.000296;54341.0;0.002761
886;complete;2751.0;0.000941;3344.0;0.000667;2751.0;0.001425
886;erdos;72188.0;0.001092;72544.0;0.000312;72188.0;0.003501
886;regular;300284.0;0.001038;300284.0;0.000249;300284.0;0.002908
886;watts;221548.0;0.000997;221548.0;0.000312;221548.0;0.005162
887;complete;2944.0;0.000992;3616.0;0.000665;2944.0;0.001786
887;erdos;75068.0;0.001098;75326.0;0.00032;75068.0;0.003031
887;regular;6862282.0;0.000869;6862282.0;0.000187;6862282.0;0.030882
887;watts;163529.0;0.000971;163529.0;0.000259;163529.0;0.004107
887;barabasi;59534.0;0.001053;59534.0;0.000293;59534.0;0.003137
888;barabasi;51099.0;0.001045;51099.0;0.000297;51099.0;0.002773
888;complete;2700.0;0.000935;3255.0;0.000666;2700.0;0.001437
888;erdos;64934.0;0.001096;65210.0;0.000392;64934.0;0.003465
888;regular;301561.0;0.001034;301561.0;0.000275;301561.0;0.003969
888;watts;177624.0;0.000984;177624.0;0.000262;177624.0;0.004076
890;barabasi;54357.0;0.001106;54357.0;0.000368;54357.0;0.003082
890;complete;2757.0;0.000965;3322.0;0.000668;2757.0;0.001441
890;erdos;75777.0;0.001108;75967.0;0.000317;75777.0;0.003449
890;regular;308074.0;0.001075;308074.0;0.000254;308074.0;0.003665
890;watts;210740.0;0.000978;210740.0;0.000261;210740.0;0.004641
891;barabasi;54425.0;0.001092;54425.0;0.000323;54425.0;0.002841
891;complete;2801.0;0.000963;3357.0;0.000675;2801.0;0.001453
891;erdos;65113.0;0.001118;65283.0;0.000338;65113.0;0.004636
891;regular;8195524.0;0.000946;8195524.0;0.000203;8195524.0;0.035793
891;watts;227229.0;0.000983;227229.0;0.000263;227229.0;0.004445
892;complete;2821.0;0.000995;3370.0;0.000674;2821.0;0.001448
892;erdos;105194.0;0.00111;105420.0;0.000316;105194.0;0.00303
892;regular;188800.0;0.000972;188800.0;0.000259;188800.0;0.002721
892;watts;236900.0;0.001006;236900.0;0.000267;236900.0;0.005052
892;barabasi;54871.0;0.001053;54871.0;0.000308;54871.0;0.002794
894;barabasi;71070.0;0.001059;71070.0;0.000294;71070.0;0.003282
894;complete;2738.0;0.00096;3326.0;0.000677;2738.0;0.001458
894;erdos;74093.0;0.001122;74433.0;0.000336;74093.0;0.003846
894;regular;284721.0;0.001059;284721.0;0.00025;284721.0;0.003089
894;watts;199512.0;0.000986;199512.0;0.000273;199512.0;0.0045
895;barabasi;46128.0;0.001047;46128.0;0.000303;46128.0;0.002455
895;complete;2980.0;0.001022;3792.0;0.000686;2980.0;0.001465
895;erdos;69079.0;0.001124;69441.0;0.00033;69079.0;0.003128
895;regular;5825323.0;0.000801;5825323.0;0.00018;5825323.0;0.02629
895;watts;183733.0;0.000997;183733.0;0.000284;183733.0;0.00478
897;barabasi;44768.0;0.001136;44797.0;0.000381;44768.0;0.002611
897;complete;2953.0;0.00101;3714.0;0.000682;2953.0;0.001464
897;erdos;56999.0;0.001118;57249.0;0.000323;56999.0;0.003483
897;regular;4344646.0;0.0007;4344646.0;0.000183;4344646.0;0.019966
897;watts;231956.0;0.001023;231956.0;0.000277;231956.0;0.006225
898;regular;297031.0;0.001075;297031.0;0.000258;297031.0;0.00354
898;watts;194297.0;0.001062;194297.0;0.000324;194297.0;0.004618
898;erdos;78812.0;0.001109;79160.0;0.000319;78812.0;0.003527
898;barabasi;58347.0;0.001061;58347.0;0.000329;58347.0;0.003995
898;complete;2817.0;0.000972;3366.0;0.000679;2817.0;0.00147
899;barabasi;52053.0;0.001235;52053.0;0.000368;52053.0;0.002847
899;complete;2852.0;0.000993;3447.0;0.000682;2852.0;0.00147
899;erdos;110736.0;0.00123;111167.0;0.000401;110736.0;0.003865
899;regular;62446.0;7.1e-05;62446.0;2.4e-05;62446.0;0.001241
899;watts;223953.0;0.000999;223953.0;0.00027;223953.0;0.00469
901;barabasi;56347.0;0.001092;56347.0;0.0003;56347.0;0.002861
901;complete;3018.0;0.001035;3723.0;0.000682;3018.0;0.001478
901;erdos;65774.0;0.001123;66381.0;0.000358;65774.0;0.00346
901;regular;2581088.0;0.000524;2581088.0;0.000121;2581088.0;0.012051
901;watts;184308.0;0.001224;184308.0;0.000274;184308.0;0.005242
902;barabasi;50034.0;0.00124;50034.0;0.000418;50034.0;0.00287
902;complete;2914.0;0.001007;3538.0;0.000696;2914.0;0.001485
902;erdos;72524.0;0.001418;72980.0;0.000326;72524.0;0.004302
902;regular;323313.0;0.001063;323313.0;0.000257;323313.0;0.003547
902;watts;197913.0;0.001033;197913.0;0.000297;197913.0;0.004025
903;barabasi;54812.0;0.001176;54812.0;0.000316;54812.0;0.002494
903;complete;3357.0;0.000979;4057.0;0.000685;3357.0;0.001481
903;erdos;61044.0;0.001132;61347.0;0.000331;61044.0;0.003467
903;regular;7446541.0;0.000924;7446541.0;0.000196;7446541.0;0.034265
903;watts;236176.0;0.001009;236176.0;0.000274;236176.0;0.004524
905;barabasi;56240.0;0.001083;56240.0;0.000303;56240.0;0.003264
905;complete;3093.0;0.001067;3805.0;0.000697;3093.0;0.001858
905;erdos;58558.0;0.00114;58840.0;0.000321;58558.0;0.003148
905;regular;3356400.0;0.000603;3356400.0;0.000133;3356400.0;0.016148
905;watts;210410.0;0.001034;210410.0;0.00034;210410.0;0.005276
906;barabasi;48116.0;0.001081;48144.0;0.000303;48116.0;0.00267
906;complete;2931.0;0.0011;3656.0;0.000691;2931.0;0.001494
906;erdos;69791.0;0.001131;70092.0;0.000324;69791.0;0.003576
906;regular;313545.0;0.001079;313545.0;0.000262;313545.0;0.003629
906;watts;218937.0;0.001204;218937.0;0.000278;218937.0;0.004943
907;barabasi;49162.0;0.001297;49162.0;0.000309;49162.0;0.002504
907;complete;3057.0;0.001048;3750.0;0.000694;3057.0;0.0015
907;erdos;73136.0;0.001161;73645.0;0.000323;73136.0;0.003568
907;regular;3300230.0;0.000614;3300230.0;0.000133;3300230.0;0.015141
907;watts;197517.0;0.001125;197517.0;0.000271;197517.0;0.004529
909;barabasi;57380.0;0.001106;57380.0;0.000346;57380.0;0.002904
909;complete;3046.0;0.001073;3865.0;0.000699;3046.0;0.001871
909;erdos;66426.0;0.001151;66650.0;0.000345;66426.0;0.003525
909;regular;4677305.0;0.000831;4677305.0;0.000198;4677305.0;0.019635
909;watts;208059.0;0.001024;208059.0;0.000281;208059.0;0.004317
910;complete;2848.0;0.000999;3579.0;0.0007;2848.0;0.001508
910;erdos;83859.0;0.001154;84250.0;0.000337;83859.0;0.003584
910;regular;289717.0;0.001166;289717.0;0.000337;289717.0;0.003022
910;watts;244677.0;0.001233;244677.0;0.000363;244677.0;0.004726
910;barabasi;53275.0;0.001109;53275.0;0.000364;53275.0;0.00352
911;barabasi;46694.0;0.001131;46694.0;0.000306;46694.0;0.002522
911;complete;2681.0;0.000975;3184.0;0.000705;2681.0;0.001509
911;erdos;65732.0;0.001168;66239.0;0.000331;65732.0;0.003642
911;regular;6800424.0;0.0009;6800424.0;0.000241;6800424.0;0.030334
911;watts;213734.0;0.001037;213734.0;0.000278;213734.0;0.0043
913;barabasi;50997.0;0.001197;50997.0;0.00031;50997.0;0.002925
913;complete;3082.0;0.001048;3803.0;0.000703;3082.0;0.001887
913;erdos;57704.0;0.001165;58134.0;0.000325;57704.0;0.004134
913;regular;823.0;1.1e-05;823.0;7e-06;823.0;0.000617
913;watts;219773.0;0.001039;219773.0;0.000274;219773.0;0.004125
914;barabasi;49721.0;0.001116;49721.0;0.000306;49721.0;0.003078
914;complete;3139.0;0.001068;3965.0;0.000701;3139.0;0.001894
914;erdos;106880.0;0.001161;107113.0;0.000337;106880.0;0.00376
914;regular;351448.0;0.001099;351448.0;0.000284;351448.0;0.003532
914;watts;188142.0;0.00118;188142.0;0.000278;188142.0;0.005519
916;barabasi;54534.0;0.001107;54537.0;0.000321;54534.0;0.003332
916;complete;3047.0;0.001056;3661.0;0.000703;3047.0;0.001896
916;erdos;66131.0;0.001166;66383.0;0.000328;66131.0;0.004089
916;regular;238003.0;0.001029;238003.0;0.000251;238003.0;0.003374
916;watts;175366.0;0.001204;175366.0;0.000279;175366.0;0.006207
917;barabasi;60627.0;0.001108;60627.0;0.000311;60627.0;0.003544
917;complete;2841.0;0.001016;3453.0;0.000711;2841.0;0.001531
917;erdos;79060.0;0.001295;79301.0;0.000428;79060.0;0.003483
917;regular;2097593.0;0.000462;2097593.0;0.000109;2097593.0;0.010657
917;watts;183498.0;0.00105;183498.0;0.000276;183498.0;0.004359
918;barabasi;58585.0;0.001337;58585.0;0.000325;58585.0;0.003798
918;complete;3164.0;0.001082;3860.0;0.000699;3164.0;0.00153
918;erdos;85449.0;0.001179;85697.0;0.000332;85449.0;0.004067
918;regular;312280.0;0.001097;312280.0;0.000266;312280.0;0.003124
918;watts;201539.0;0.001252;201539.0;0.00028;201539.0;0.004242
920;barabasi;56742.0;0.001241;56742.0;0.000342;56742.0;0.002968
920;complete;3083.0;0.001078;3923.0;0.000711;3083.0;0.001916
920;erdos;64633.0;0.001174;65064.0;0.000359;64633.0;0.003538
920;regular;318653.0;0.001108;318653.0;0.000302;318653.0;0.003664
920;watts;184769.0;0.001107;184769.0;0.000285;184769.0;0.005548
921;regular;7798967.0;0.000949;7798967.0;0.000199;7798967.0;0.034286
921;watts;274793.0;0.001153;274793.0;0.000284;274793.0;0.005025
921;erdos;63068.0;0.001189;63193.0;0.000335;63068.0;0.003273
921;barabasi;54573.0;0.001208;54573.0;0.000324;54573.0;0.002973
921;complete;2956.0;0.001041;3752.0;0.00071;2956.0;0.001923
922;barabasi;54400.0;0.001117;54415.0;0.000312;54400.0;0.003378
922;complete;3056.0;0.001134;3655.0;0.000721;3056.0;0.001917
922;erdos;70234.0;0.001183;70889.0;0.000335;70234.0;0.003692
922;regular;321901.0;0.001122;321901.0;0.000266;321901.0;0.003523
922;watts;218263.0;0.001044;218263.0;0.000281;218263.0;0.00559
924;barabasi;54700.0;0.001116;54700.0;0.000311;54700.0;0.003409
924;complete;2911.0;0.001034;3508.0;0.000708;2911.0;0.001552
924;regular;320603.0;0.001122;320603.0;0.000266;320603.0;0.003677
924;watts;265311.0;0.001053;265311.0;0.000323;265311.0;0.00482
924;erdos;86202.0;0.00119;86603.0;0.000366;86202.0;0.003732
925;barabasi;65690.0;0.00112;65690.0;0.000316;65690.0;0.003402
925;complete;2882.0;0.001018;3462.0;0.000719;2882.0;0.001555
925;erdos;89047.0;0.001194;89467.0;0.000344;89047.0;0.004117
925;regular;5757552.0;0.000842;5757552.0;0.00018;5757552.0;0.031335
925;watts;232352.0;0.001095;232352.0;0.000284;232352.0;0.004945
927;barabasi;78829.0;0.001139;78829.0;0.000322;78829.0;0.003409
927;complete;3147.0;0.001145;3820.0;0.000731;3147.0;0.001942
927;erdos;72702.0;0.00119;73055.0;0.000365;72702.0;0.003375
927;regular;8835581.0;0.001241;8835581.0;0.000243;8835581.0;0.041127
927;watts;181386.0;0.001078;181386.0;0.000308;181386.0;0.005061
928;barabasi;58143.0;0.001127;58143.0;0.000318;58143.0;0.003021
928;complete;2888.0;0.001026;3492.0;0.000717;2888.0;0.001567
928;erdos;64205.0;0.001189;64489.0;0.00034;64205.0;0.004128
928;regular;336535.0;0.001169;336535.0;0.000271;336535.0;0.004415
928;watts;174752.0;0.001072;174752.0;0.000289;174752.0;0.004487
929;barabasi;48998.0;0.001228;48998.0;0.000334;48998.0;0.003656
929;complete;3082.0;0.001101;3855.0;0.00073;3082.0;0.001947
929;erdos;69285.0;0.001204;69696.0;0.000341;69285.0;0.004352
929;regular;4587144.0;0.000731;4587144.0;0.00016;4587144.0;0.022532
929;watts;250615.0;0.001075;250615.0;0.000284;250615.0;0.005259
931;barabasi;66298.0;0.001154;66298.0;0.000392;66298.0;0.003204
931;complete;2894.0;0.001036;3452.0;0.000717;2894.0;0.001573
931;erdos;63984.0;0.001201;64397.0;0.000344;63984.0;0.003389
931;regular;3666356.0;0.000773;3666356.0;0.000189;3666356.0;0.018087
931;watts;246394.0;0.001166;246394.0;0.000287;246394.0;0.005426
932;barabasi;77716.0;0.001143;77716.0;0.000324;77716.0;0.003969
932;complete;2899.0;0.001048;3418.0;0.00074;2899.0;0.001582
932;erdos;81628.0;0.001412;82083.0;0.000349;81628.0;0.003769
932;regular;337550.0;0.001132;337550.0;0.000294;337550.0;0.00385
932;watts;203794.0;0.001098;203794.0;0.000303;203794.0;0.004497
934;barabasi;60744.0;0.001145;60744.0;0.00032;60744.0;0.003057
934;complete;2915.0;0.001128;3767.0;0.000735;2915.0;0.001597
934;erdos;85393.0;0.001207;85745.0;0.000346;85393.0;0.003698
934;regular;269969.0;0.00118;269969.0;0.000277;269969.0;0.003705
934;watts;176964.0;0.001085;176964.0;0.000299;176964.0;0.004924
935;barabasi;55721.0;0.001148;55721.0;0.000324;55721.0;0.002653
935;complete;3015.0;0.001129;3614.0;0.000728;3015.0;0.001978
935;erdos;93127.0;0.001209;93387.0;0.000348;93127.0;0.0036
935;regular;10369223.0;0.001106;10369223.0;0.000304;10369223.0;0.046845
935;watts;184800.0;0.001077;184800.0;0.000291;184800.0;0.004551
936;watts;189792.0;0.001088;189792.0;0.000299;189792.0;0.005048
936;barabasi;47492.0;0.001374;47492.0;0.000318;47492.0;0.002813
936;complete;2815.0;0.001031;3433.0;0.000731;2815.0;0.001595
936;erdos;62638.0;0.001321;63182.0;0.000354;62638.0;0.004201
936;regular;302938.0;0.00115;302938.0;0.000274;302938.0;0.003673
938;barabasi;42974.0;0.001264;42974.0;0.000337;42974.0;0.003087
938;complete;3170.0;0.001187;4003.0;0.000745;3170.0;0.001988
938;erdos;87068.0;0.00123;87605.0;0.000345;87068.0;0.004239
938;regular;291301.0;0.001279;291301.0;0.000283;291301.0;0.00476
938;watts;220279.0;0.001097;220279.0;0.00029;220279.0;0.004959
939;watts;225160.0;0.001093;225160.0;0.000289;225160.0;0.005252
939;barabasi;59267.0;0.001149;59267.0;0.000323;59267.0;0.00309
939;complete;3118.0;0.001181;3935.0;0.000744;3118.0;0.001994
939;erdos;84493.0;0.00139;84906.0;0.000369;84493.0;0.003643
939;regular;3902834.0;0.000674;3902834.0;0.000147;3902834.0;0.020204
941;barabasi;62311.0;0.001279;62311.0;0.00042;62311.0;0.003111
941;complete;3161.0;0.001113;3959.0;0.000749;3161.0;0.002001
941;erdos;64504.0;0.00122;65123.0;0.000345;64504.0;0.004736
941;regular;287964.0;0.000158;287964.0;4.6e-05;287964.0;0.002164
941;watts;235569.0;0.001307;235569.0;0.000339;235569.0;0.005026
942;barabasi;60031.0;0.001162;60031.0;0.000321;60031.0;0.003103
942;complete;3329.0;0.001319;4322.0;0.000748;3329.0;0.00201
942;erdos;77776.0;0.001244;78118.0;0.000354;77776.0;0.004369
942;regular;331327.0;0.001202;331327.0;0.000377;331327.0;0.003334
942;watts;207353.0;0.001114;207353.0;0.000325;207353.0;0.005008
943;barabasi;50695.0;0.001415;50695.0;0.000323;50695.0;0.003113
943;complete;3142.0;0.001128;3660.0;0.000739;3142.0;0.001609
943;erdos;59873.0;0.001239;60334.0;0.000346;59873.0;0.00493
943;regular;4436865.0;0.000724;4436865.0;0.000156;4436865.0;0.019282
943;watts;247075.0;0.001098;247075.0;0.000287;247075.0;0.005062
945;barabasi;46883.0;0.001172;46883.0;0.000325;46883.0;0.003121
945;complete;3021.0;0.001092;3599.0;0.000749;3021.0;0.001617
945;erdos;72437.0;0.001236;72776.0;0.000351;72437.0;0.005717
945;regular;3985976.0;0.000712;3985976.0;0.000156;3985976.0;0.018954
945;watts;178430.0;0.001122;178430.0;0.000294;178430.0;0.005155
946;barabasi;53973.0;0.00118;53973.0;0.000329;53973.0;0.003237
946;complete;2956.0;0.001074;3448.0;0.000753;2956.0;0.001619
946;erdos;70681.0;0.001231;71113.0;0.00035;70681.0;0.003863
946;regular;327455.0;0.001254;327455.0;0.000319;327455.0;0.00335
946;watts;218427.0;0.00116;218427.0;0.000301;218427.0;0.005309
948;erdos;76229.0;0.001281;76589.0;0.000356;76229.0;0.003928
948;barabasi;51171.0;0.001178;51171.0;0.000328;51171.0;0.003147
948;complete;2880.0;0.001075;3304.0;0.000752;2880.0;0.001625
948;regular;340125.0;0.001176;340125.0;0.000277;340125.0;0.005079
948;watts;246985.0;0.00115;246985.0;0.00029;246985.0;0.00552
949;barabasi;55486.0;0.001184;55486.0;0.000331;55486.0;0.00384
949;complete;2853.0;0.00113;3464.0;0.000748;2853.0;0.001633
949;erdos;105046.0;0.001236;105511.0;0.000347;105046.0;0.004854
949;regular;3212.0;1.7e-05;3212.0;1e-05;3212.0;0.000628
949;watts;213767.0;0.001135;213767.0;0.000301;213767.0;0.005698
951;barabasi;57511.0;0.001179;57511.0;0.000332;57511.0;0.00316
951;complete;3345.0;0.001142;4397.0;0.000773;3345.0;0.002042
951;erdos;56605.0;0.001253;57044.0;0.000357;56605.0;0.004409
951;regular;2476608.0;0.000561;2476608.0;0.00012;2476608.0;0.011448
951;watts;204998.0;0.001108;204998.0;0.000296;204998.0;0.004926
952;barabasi;54416.0;0.001374;54416.0;0.000381;54416.0;0.002969
952;complete;3454.0;0.001129;4144.0;0.000752;3454.0;0.002046
952;erdos;57911.0;0.001252;58259.0;0.000352;57911.0;0.003922
952;regular;241632.0;0.001127;241632.0;0.000266;241632.0;0.003306
952;watts;230992.0;0.001123;230992.0;0.000313;230992.0;0.005061
953;barabasi;67356.0;0.001211;67356.0;0.000392;67356.0;0.003805
953;complete;2739.0;0.001072;3203.0;0.000754;2739.0;0.001646
953;erdos;61109.0;0.001259;61821.0;0.000351;61109.0;0.00415
953;regular;9762730.0;0.001152;9762730.0;0.000245;9762730.0;0.043659
953;watts;196927.0;0.001151;196927.0;0.000297;196927.0;0.005134
955;erdos;76518.0;0.001264;77200.0;0.000354;76518.0;0.004146
955;barabasi;53407.0;0.001205;53407.0;0.000344;53407.0;0.003185
955;complete;2930.0;0.001081;3558.0;0.000756;2930.0;0.001672
955;regular;7420633.0;0.000968;7420633.0;0.000203;7420633.0;0.033464
955;watts;182319.0;0.001151;182319.0;0.000334;182319.0;0.005555
956;barabasi;73383.0;0.001193;73383.0;0.000329;73383.0;0.002789
956;complete;3089.0;0.001123;3766.0;0.00076;3089.0;0.001662
956;erdos;74976.0;0.001276;75311.0;0.000363;74976.0;0.003934
956;regular;366249.0;0.001193;366249.0;0.000283;366249.0;0.003384
956;watts;179921.0;0.0014;179921.0;0.000337;179921.0;0.00522
958;barabasi;63196.0;0.001197;63196.0;0.000332;63196.0;0.003973
958;complete;2955.0;0.001086;3579.0;0.000761;2955.0;0.001666
958;erdos;59053.0;0.001267;59915.0;0.000356;59053.0;0.004059
958;regular;338220.0;0.001212;338220.0;0.000288;338220.0;0.003895
958;watts;208887.0;0.001157;208887.0;0.000296;208887.0;0.006095
959;barabasi;50403.0;0.001359;50403.0;0.000332;50403.0;0.003844
959;complete;3219.0;0.0012;3902.0;0.000775;3219.0;0.002168
959;erdos;65591.0;0.001275;66074.0;0.000362;65591.0;0.004452
959;regular;6935080.0;0.000969;6935080.0;0.000206;6935080.0;0.035169
959;watts;210107.0;0.001143;210107.0;0.000304;210107.0;0.004968
961;barabasi;58646.0;0.001216;58646.0;0.000337;58646.0;0.003464
961;complete;3152.0;0.001245;3742.0;0.000771;3152.0;0.002093
961;erdos;82229.0;0.001382;82702.0;0.000358;82229.0;0.003623
961;regular;10159776.0;0.001108;10159776.0;0.000235;10159776.0;0.044581
961;watts;238382.0;0.001136;238382.0;0.000298;238382.0;0.005252
962;barabasi;60388.0;0.001217;60388.0;0.000352;60388.0;0.003744
962;complete;3153.0;0.001197;3939.0;0.000778;3153.0;0.001681
962;erdos;66880.0;0.001274;67457.0;0.000356;66880.0;0.004984
962;regular;351434.0;0.001215;351434.0;0.000286;351434.0;0.003712
962;watts;240819.0;0.001155;240819.0;0.0003;240819.0;0.005652
963;barabasi;53721.0;0.001208;53721.0;0.000385;53721.0;0.003685
963;complete;2952.0;0.001084;3515.0;0.000763;2952.0;0.001681
963;erdos;90403.0;0.001278;90960.0;0.000362;90403.0;0.004185
963;regular;6075.0;2.3e-05;6075.0;1.4e-05;6075.0;0.000677
963;watts;224104.0;0.001144;224104.0;0.000331;224104.0;0.007203
965;barabasi;65572.0;0.001217;65572.0;0.000335;65572.0;0.003261
965;complete;3626.0;0.001086;4483.0;0.000779;3626.0;0.002099
965;erdos;70369.0;0.001291;70851.0;0.000365;70369.0;0.004053
965;regular;9236663.0;0.001085;9236663.0;0.00023;9236663.0;0.043351
965;watts;222238.0;0.001192;222238.0;0.000306;222238.0;0.005667
966;erdos;83105.0;0.001299;83565.0;0.000362;83105.0;0.00405
966;barabasi;57499.0;0.001234;57499.0;0.000336;57499.0;0.003262
966;complete;3048.0;0.001127;3681.0;0.000773;3048.0;0.00169
966;regular;372592.0;0.001216;372592.0;0.000288;372592.0;0.003497
966;watts;214855.0;0.001144;214855.0;0.000305;214855.0;0.004821
968;barabasi;66775.0;0.001232;66775.0;0.000352;66775.0;0.003276
968;complete;3066.0;0.001142;3794.0;0.000795;3066.0;0.002116
968;erdos;79162.0;0.001518;79616.0;0.000377;79162.0;0.004525
968;regular;357400.0;0.001225;357400.0;0.000308;357400.0;0.00425
968;watts;218692.0;0.001141;218692.0;0.000308;218692.0;0.00524
969;erdos;76353.0;0.001314;76526.0;0.000368;76353.0;0.003917
969;regular;9969646.0;0.001138;9969646.0;0.000244;9969646.0;0.049905
969;watts;197955.0;0.001194;197955.0;0.000306;197955.0;0.005301
969;barabasi;60500.0;0.001258;60500.0;0.000339;60500.0;0.00284
969;complete;3002.0;0.001108;3535.0;0.000785;3002.0;0.001706
971;barabasi;75628.0;0.001302;75628.0;0.000408;75628.0;0.003352
971;complete;3274.0;0.001231;3935.0;0.000789;3274.0;0.001702
971;erdos;74019.0;0.001312;74584.0;0.000367;74019.0;0.00507
971;regular;12005921.0;0.001203;12005921.0;0.000259;12005921.0;0.055377
971;watts;207801.0;0.001163;207801.0;0.000304;207801.0;0.006211
972;erdos;76127.0;0.001306;76554.0;0.000369;76127.0;0.004233
972;barabasi;57118.0;0.001239;57118.0;0.00034;57118.0;0.002859
972;complete;3189.0;0.00118;3820.0;0.000795;3189.0;0.001714
972;regular;196286.0;0.001191;196286.0;0.000299;196286.0;0.0031
972;watts;184580.0;0.001163;184580.0;0.000305;184580.0;0.006389
974;barabasi;54851.0;0.00124;54851.0;0.000343;54851.0;0.003558
974;complete;3069.0;0.00115;3838.0;0.000791;3069.0;0.001732
974;erdos;66335.0;0.00131;66839.0;0.000395;66335.0;0.004371
974;regular;300540.0;0.001186;300540.0;0.000279;300540.0;0.003344
974;watts;198610.0;0.001165;198610.0;0.000306;198610.0;0.00583
975;barabasi;71719.0;0.001252;71719.0;0.000344;71719.0;0.003321
975;complete;3395.0;0.001214;4134.0;0.000798;3395.0;0.002157
975;erdos;92715.0;0.001412;93157.0;0.000462;92715.0;0.004162
975;regular;4104450.0;0.000699;4104450.0;0.000157;4104450.0;0.019128
975;watts;209384.0;0.001169;209384.0;0.000305;209384.0;0.006051
977;barabasi;54010.0;0.00126;54010.0;0.000345;54010.0;0.004594
977;complete;2985.0;0.001114;3596.0;0.000792;2985.0;0.00174
977;erdos;83448.0;0.001329;83956.0;0.00037;83448.0;0.0042
977;regular;92464.0;9.3e-05;92464.0;2.8e-05;92464.0;0.001159
977;watts;246416.0;0.001171;246416.0;0.000312;246416.0;0.006287
978;barabasi;73154.0;0.001247;73154.0;0.000342;73154.0;0.003353
978;complete;3283.0;0.001212;3969.0;0.000803;3283.0;0.002162
978;erdos;83252.0;0.001329;83850.0;0.000377;83252.0;0.004262
978;regular;317336.0;0.001247;317336.0;0.00031;317336.0;0.003863
978;watts;235370.0;0.001353;235370.0;0.000314;235370.0;0.004519
979;erdos;73809.0;0.00133;74280.0;0.00037;73809.0;0.004247
979;barabasi;66299.0;0.001257;66299.0;0.00036;66299.0;0.002904
979;complete;2966.0;0.001103;3545.0;0.000789;2966.0;0.00174
979;regular;1504779.0;0.000376;1504779.0;9.6e-05;1504779.0;0.007977
979;watts;252424.0;0.001189;252424.0;0.00031;252424.0;0.005382
981;barabasi;57357.0;0.001261;57357.0;0.000343;57357.0;0.003573
981;complete;3160.0;0.001183;3697.0;0.000798;3160.0;0.001743
981;erdos;83407.0;0.001328;83955.0;0.000388;83407.0;0.004698
981;regular;10527944.0;0.001192;10527944.0;0.000254;10527944.0;0.051116
981;watts;231398.0;0.001194;231398.0;0.000307;231398.0;0.004551
982;barabasi;71418.0;0.001276;71421.0;0.000343;71418.0;0.003896
982;complete;2940.0;0.001202;3488.0;0.000806;2940.0;0.00218
982;erdos;74056.0;0.00134;74774.0;0.000368;74056.0;0.003699
982;regular;343711.0;0.001262;343711.0;0.000296;343711.0;0.003848
982;watts;252268.0;0.001211;252268.0;0.000342;252268.0;0.005915
984;erdos;65822.0;0.001412;66629.0;0.00051;65822.0;0.004761
984;barabasi;66447.0;0.001275;66447.0;0.000349;66447.0;0.003373
984;complete;3142.0;0.001184;3735.0;0.000802;3142.0;0.002178
984;regular;336532.0;0.001258;336532.0;0.000301;336532.0;0.004543
984;watts;191232.0;0.001199;191232.0;0.000314;191232.0;0.00538
985;barabasi;52820.0;0.001533;52820.0;0.000349;52820.0;0.003834
985;complete;3216.0;0.001275;3767.0;0.00081;3216.0;0.00177
985;erdos;85014.0;0.001333;85369.0;0.000379;85014.0;0.005169
985;regular;5112818.0;0.000828;5112818.0;0.000177;5112818.0;0.027256
985;watts;234185.0;0.001189;234185.0;0.000316;234185.0;0.005684
987;barabasi;62052.0;0.001402;62052.0;0.000356;62052.0;0.003077
987;complete;3095.0;0.001204;3745.0;0.000811;3095.0;0.001769
987;erdos;82021.0;0.001343;82725.0;0.000422;82021.0;0.004766
987;regular;633349.0;0.00029;633349.0;6.8e-05;633349.0;0.00392
987;watts;224896.0;0.001202;224896.0;0.00033;224896.0;0.006319
988;barabasi;66053.0;0.001278;66053.0;0.000349;66053.0;0.003083
988;complete;2972.0;0.001119;3605.0;0.000806;2972.0;0.001763
988;erdos;77932.0;0.001344;78384.0;0.00038;77932.0;0.004241
988;regular;366401.0;0.001277;366401.0;0.000306;366401.0;0.004058
988;watts;229513.0;0.0012;229513.0;0.000325;229513.0;0.005502
990;barabasi;58345.0;0.001283;58345.0;0.00035;58345.0;0.004049
990;complete;3109.0;0.001163;3820.0;0.000818;3109.0;0.002205
990;erdos;83144.0;0.001354;83613.0;0.000379;83144.0;0.00381
990;regular;359953.0;0.001284;359953.0;0.0003;359953.0;0.004278
990;watts;221637.0;0.001212;221637.0;0.00032;221637.0;0.006621
991;watts;235160.0;0.001223;235160.0;0.000319;235160.0;0.00574
991;barabasi;61226.0;0.00128;61226.0;0.000373;61226.0;0.003419
991;complete;3280.0;0.001216;4052.0;0.000812;3280.0;0.002214
991;erdos;68589.0;0.00141;69489.0;0.000378;68589.0;0.003838
991;regular;9086509.0;0.001119;9086509.0;0.000241;9086509.0;0.046207
993;barabasi;61300.0;0.00129;61300.0;0.000351;61300.0;0.003442
993;complete;3083.0;0.001253;3695.0;0.000816;3083.0;0.002225
993;erdos;69749.0;0.001364;70308.0;0.000392;69749.0;0.004693
993;regular;12547525.0;0.001258;12547525.0;0.000268;12547525.0;0.06032
993;watts;249721.0;0.001213;249721.0;0.000319;249721.0;0.007264
994;erdos;102830.0;0.001363;103529.0;0.000382;102830.0;0.004443
994;barabasi;64086.0;0.001297;64086.0;0.000357;64086.0;0.003448
994;complete;3070.0;0.001167;3700.0;0.000806;3070.0;0.001791
994;regular;335873.0;0.001291;335873.0;0.000308;335873.0;0.004373
994;watts;261589.0;0.001214;261589.0;0.000324;261589.0;0.006047
996;barabasi;63743.0;0.001297;63743.0;0.000353;63743.0;0.003461
996;complete;3083.0;0.001159;3633.0;0.000816;3083.0;0.001797
996;erdos;82380.0;0.001379;82768.0;0.00038;82380.0;0.004376
996;regular;351982.0;0.001238;351982.0;0.000295;351982.0;0.004304
996;watts;260838.0;0.001323;260838.0;0.000407;260838.0;0.005441
997;complete;3028.0;0.001168;3516.0;0.000827;3028.0;0.001798
997;erdos;78306.0;0.001372;78994.0;0.000381;78306.0;0.004326
997;regular;5264986.0;0.000839;5264986.0;0.000238;5264986.0;0.026248
997;watts;214940.0;0.001228;214940.0;0.000319;214940.0;0.006071
997;barabasi;67660.0;0.001317;67660.0;0.00036;67660.0;0.004153
999;barabasi;70427.0;0.001467;70427.0;0.000368;70427.0;0.003521
999;complete;3510.0;0.00127;4280.0;0.00082;3510.0;0.002252
999;erdos;72127.0;0.001628;72939.0;0.000385;72127.0;0.004452
999;regular;10020649.0;0.001156;10020649.0;0.000267;10020649.0;0.0445
999;watts;268275.0;0.001251;268275.0;0.000321;268275.0;0.005648
1000;barabasi;57636.0;0.001331;57636.0;0.000357;57636.0;0.003157
1000;complete;3237.0;0.001269;3785.0;0.000836;3237.0;0.001813
1000;erdos;72605.0;0.001375;73179.0;0.000392;72605.0;0.005357
1000;regular;345677.0;0.001305;345677.0;0.000309;345677.0;0.003882
1000;watts;265621.0;0.001255;265621.0;0.000351;265621.0;0.006091
1002;barabasi;62040.0;0.001311;62040.0;0.000447;62040.0;0.003527
1002;complete;3358.0;0.001274;4040.0;0.000831;3358.0;0.002263
1002;erdos;75813.0;0.001397;76488.0;0.000382;75813.0;0.003969
1002;regular;362898.0;0.001292;362898.0;0.00031;362898.0;0.004454
1002;watts;267233.0;0.001241;267233.0;0.000343;267233.0;0.005821
1003;barabasi;58440.0;0.001331;58450.0;0.000359;58440.0;0.003098
1003;complete;2923.0;0.001249;3500.0;0.000836;2923.0;0.001824
1003;erdos;61715.0;0.001389;62342.0;0.000393;61715.0;0.00489
1003;regular;12195149.0;0.001265;12195149.0;0.000307;12195149.0;0.058038
1003;watts;264287.0;0.001263;264287.0;0.000326;264287.0;0.005698
1005;complete;3311.0;0.001261;4083.0;0.000839;3311.0;0.001846
1005;erdos;77564.0;0.0014;78519.0;0.000408;77564.0;0.004293
1005;regular;2872379.0;0.000618;2872379.0;0.000146;2872379.0;0.015353
1005;watts;229645.0;0.001255;229645.0;0.000325;229645.0;0.006364
1005;barabasi;63804.0;0.001323;63804.0;0.000359;63804.0;0.003047
1006;barabasi;58208.0;0.001319;58208.0;0.000382;58208.0;0.003061
1006;complete;3295.0;0.001252;3917.0;0.000842;3295.0;0.00184
1006;erdos;70354.0;0.001403;70895.0;0.000396;70354.0;0.003889
1006;regular;322935.0;0.001314;322935.0;0.000329;322935.0;0.00436
1006;watts;218835.0;0.001248;218835.0;0.000327;218835.0;0.005652
1008;barabasi;61332.0;0.001338;61332.0;0.000374;61332.0;0.003086
1008;complete;2974.0;0.001177;3501.0;0.000835;2974.0;0.001842
1008;erdos;62513.0;0.001401;62936.0;0.000395;62513.0;0.003893
1008;regular;334852.0;0.001508;334852.0;0.000414;334852.0;0.003738
1008;watts;271641.0;0.001258;271641.0;0.000324;271641.0;0.0061
1009;barabasi;75901.0;0.00133;75901.0;0.000368;75901.0;0.003545
1009;complete;3225.0;0.001303;3797.0;0.000843;3225.0;0.001841
1009;erdos;86702.0;0.001422;87108.0;0.000401;86702.0;0.005479
1009;regular;927773.0;0.000307;927773.0;8e-05;927773.0;0.005705
1009;watts;232191.0;0.001442;232191.0;0.000354;232191.0;0.007122
1011;barabasi;71267.0;0.001349;71267.0;0.000363;71267.0;0.003083
1011;complete;3347.0;0.001268;3935.0;0.000842;3347.0;0.00231
1011;erdos;67022.0;0.001468;67686.0;0.000449;67022.0;0.005528
1011;regular;9531660.0;0.00115;9531660.0;0.000241;9531660.0;0.045355
1011;watts;221858.0;0.001266;221858.0;0.000332;221858.0;0.005311
1012;barabasi;63275.0;0.001344;63275.0;0.000368;63275.0;0.00419
1012;complete;3022.0;0.001187;3475.0;0.00085;3022.0;0.001855
1012;erdos;85380.0;0.001422;86287.0;0.000392;85380.0;0.004161
1012;regular;250732.0;0.001264;250732.0;0.000384;250732.0;0.003827
1012;watts;252095.0;0.001271;252095.0;0.00035;252095.0;0.006448
1014;barabasi;60314.0;0.001356;60314.0;0.000368;60314.0;0.003577
1014;complete;3173.0;0.001226;3742.0;0.000848;3173.0;0.00186
1014;erdos;66926.0;0.001418;67665.0;0.000426;66926.0;0.004699
1014;regular;353295.0;0.00134;353295.0;0.000319;353295.0;0.005158
1014;watts;221979.0;0.001266;221979.0;0.000331;221979.0;0.007418
1015;barabasi;65498.0;0.001405;65498.0;0.000368;65498.0;0.004141
1015;complete;3146.0;0.001307;3752.0;0.000851;3146.0;0.001866
1015;erdos;58336.0;0.001425;58887.0;0.00039;58336.0;0.004557
1015;regular;631876.0;0.000251;631876.0;7.1e-05;631876.0;0.004187
1015;watts;256747.0;0.001324;256747.0;0.000333;256747.0;0.006072
1017;regular;6129879.0;0.000912;6129879.0;0.000199;6129879.0;0.028113
1017;watts;236800.0;0.001276;236800.0;0.00033;236800.0;0.005849
1017;erdos;103645.0;0.001426;104130.0;0.000455;103645.0;0.004507
1017;barabasi;67780.0;0.001658;67780.0;0.000393;67780.0;0.003606
1017;complete;3144.0;0.001228;3789.0;0.000855;3144.0;0.001872
1018;barabasi;66857.0;0.001349;66857.0;0.000371;66857.0;0.004091
1018;complete;3269.0;0.001261;3890.0;0.000859;3269.0;0.002333
1018;erdos;74256.0;0.001646;75051.0;0.00041;74256.0;0.005563
1018;regular;196085.0;0.001275;196085.0;0.000304;196085.0;0.003573
1018;watts;242450.0;0.001299;242450.0;0.000347;242450.0;0.006187
1020;barabasi;70635.0;0.001524;70635.0;0.00037;70635.0;0.004597
1020;complete;3009.0;0.001186;3564.0;0.000867;3009.0;0.001881
1020;erdos;81074.0;0.001441;81779.0;0.000398;81074.0;0.004851
1020;regular;331766.0;0.001356;331766.0;0.000316;331766.0;0.005011
1020;watts;237145.0;0.001297;237145.0;0.00036;237145.0;0.005187
1021;barabasi;53351.0;0.001625;53351.0;0.000435;53351.0;0.003644
1021;complete;3274.0;0.001265;3948.0;0.000853;3274.0;0.001888
1021;erdos;77947.0;0.001433;78627.0;0.000396;77947.0;0.004304
1021;regular;13024893.0;0.001326;13024893.0;0.000284;13024893.0;0.06349
1021;watts;271904.0;0.001284;271904.0;0.000339;271904.0;0.005995
1023;barabasi;75416.0;0.001462;75416.0;0.000464;75416.0;0.003689
1023;complete;3317.0;0.001394;3919.0;0.000856;3317.0;0.001894
1023;erdos;79507.0;0.001442;80357.0;0.000442;79507.0;0.004846
1023;regular;915131.0;0.00031;915131.0;8.4e-05;915131.0;0.006491
1023;watts;237381.0;0.001286;237381.0;0.000332;237381.0;0.005906
1024;barabasi;63078.0;0.001637;63078.0;0.00038;63078.0;0.003159
1024;complete;3435.0;0.001335;4261.0;0.000871;3435.0;0.002363
1024;erdos;66173.0;0.001496;66710.0;0.000441;66173.0;0.004965
1024;regular;185325.0;0.001299;185325.0;0.000306;185325.0;0.003899
1024;watts;248190.0;0.001289;248190.0;0.000338;248190.0;0.005846
1026;barabasi;70322.0;0.001456;70322.0;0.00039;70322.0;0.003682
1026;complete;3098.0;0.001258;3554.0;0.000857;3098.0;0.001906
1026;erdos;75367.0;0.001449;76497.0;0.000402;75367.0;0.004408
1026;regular;213698.0;0.001291;213698.0;0.0003;213698.0;0.00349
1026;watts;266772.0;0.001285;266772.0;0.000333;266772.0;0.006023
1028;barabasi;60219.0;0.00139;60219.0;0.000371;60219.0;0.004289
1028;complete;3198.0;0.001247;3884.0;0.000872;3198.0;0.001915
1028;erdos;60907.0;0.001461;61692.0;0.000409;60907.0;0.004623
1028;regular;324212.0;0.001328;324212.0;0.000311;324212.0;0.004155
1028;watts;235014.0;0.001296;235014.0;0.000337;235014.0;0.006525
1029;regular;7156682.0;0.001017;7156682.0;0.000213;7156682.0;0.032408
1029;watts;214781.0;0.001302;214781.0;0.000337;214781.0;0.006459
1029;erdos;59491.0;0.001468;60208.0;0.000403;59491.0;0.00477
1029;barabasi;57120.0;0.001393;57120.0;0.000407;57120.0;0.003684
1029;complete;3161.0;0.001241;3732.0;0.000875;3161.0;0.001911
1031;barabasi;61085.0;0.00139;61085.0;0.000378;61085.0;0.004192
1031;complete;3217.0;0.001262;3975.0;0.000871;3217.0;0.001922
1031;erdos;73287.0;0.001465;74238.0;0.000404;73287.0;0.00465
1031;regular;13026404.0;0.00136;13026404.0;0.000381;13026404.0;0.067272
1031;watts;229342.0;0.001321;229342.0;0.000345;229342.0;0.004888
1032;barabasi;68107.0;0.001396;68107.0;0.000385;68107.0;0.0037
1032;complete;3000.0;0.001321;3558.0;0.000872;3000.0;0.001932
1032;erdos;92901.0;0.001473;93634.0;0.000414;92901.0;0.005361
1032;regular;239298.0;0.001442;239298.0;0.000317;239298.0;0.00462
1032;watts;222521.0;0.001312;222521.0;0.000341;222521.0;0.007102
1034;barabasi;62141.0;0.001429;62141.0;0.000373;62141.0;0.003718
1034;complete;3233.0;0.001361;3929.0;0.000889;3233.0;0.001942
1034;erdos;70373.0;0.001479;70885.0;0.000404;70373.0;0.005692
1034;regular;343206.0;0.001562;343206.0;0.000326;343206.0;0.0041
1034;watts;219517.0;0.001304;219517.0;0.000342;219517.0;0.006723
1035;barabasi;60046.0;0.001395;60046.0;0.000381;60046.0;0.00372
1035;complete;3258.0;0.001277;3957.0;0.0009;3258.0;0.001955
1035;erdos;64512.0;0.001498;65294.0;0.000436;64512.0;0.004148
1035;regular;13144455.0;0.00136;13144455.0;0.000297;13144455.0;0.066491
1035;watts;284445.0;0.001343;284445.0;0.000367;284445.0;0.006453
1037;barabasi;56394.0;0.001397;56394.0;0.000376;56394.0;0.004769
1037;complete;3141.0;0.001253;3766.0;0.000882;3141.0;0.001959
1037;erdos;82136.0;0.001734;82507.0;0.000406;82136.0;0.004567
1037;regular;9805090.0;0.001199;9805090.0;0.000249;9805090.0;0.044899
1037;watts;232127.0;0.001565;232127.0;0.000349;232127.0;0.006025
1038;barabasi;73215.0;0.001411;73215.0;0.000376;73215.0;0.004264
1038;complete;3251.0;0.001297;3842.0;0.000883;3251.0;0.001947
1038;erdos;91253.0;0.001498;91944.0;0.000408;91253.0;0.005484
1038;regular;356951.0;0.001404;356951.0;0.000325;356951.0;0.004384
1038;watts;226176.0;0.001414;226176.0;0.000343;226176.0;0.00697
1040;barabasi;62964.0;0.001404;62964.0;0.00038;62964.0;0.00334
1040;complete;3035.0;0.001273;3546.0;0.000882;3035.0;0.001971
1040;erdos;76693.0;0.00163;77569.0;0.000407;76693.0;0.005239
1040;regular;340460.0;0.001417;340460.0;0.000328;340460.0;0.005263
1040;watts;235976.0;0.001321;235976.0;0.000351;235976.0;0.006692
1042;regular;333112.0;0.001427;333112.0;0.000333;333112.0;0.004113
1042;watts;268494.0;0.001464;268494.0;0.000355;268494.0;0.006132
1042;erdos;72001.0;0.001505;72900.0;0.000411;72001.0;0.003907
1042;barabasi;72835.0;0.001412;72835.0;0.000458;72835.0;0.003352
1042;complete;3566.0;0.001366;4402.0;0.000882;3566.0;0.002443
1043;barabasi;85039.0;0.001436;85039.0;0.000384;85039.0;0.003272
1043;complete;3125.0;0.001256;3671.0;0.000892;3125.0;0.001968
1043;erdos;67154.0;0.001498;67795.0;0.000418;67154.0;0.004843
1043;regular;10266735.0;0.001226;10266735.0;0.000255;10266735.0;0.049063
1043;watts;224133.0;0.001325;224133.0;0.00035;224133.0;0.006157
1045;barabasi;68908.0;0.001434;68908.0;0.000386;68908.0;0.00454
1045;complete;3224.0;0.001308;3810.0;0.000887;3224.0;0.001978
1045;erdos;65026.0;0.001508;65903.0;0.000428;65026.0;0.004296
1045;regular;1642502.0;0.000435;1642502.0;0.00012;1642502.0;0.008823
1045;watts;265101.0;0.001349;265101.0;0.000362;265101.0;0.007326
1046;barabasi;63911.0;0.001425;63989.0;0.000384;63911.0;0.004051
1046;complete;3287.0;0.001347;3995.0;0.000893;3287.0;0.001979
1046;erdos;78728.0;0.001511;79532.0;0.000425;78728.0;0.006382
1046;regular;340282.0;0.001422;340282.0;0.000352;340282.0;0.004734
1046;watts;238491.0;0.001353;238491.0;0.00037;238491.0;0.007248
1048;barabasi;67199.0;0.001431;67199.0;0.000387;67199.0;0.003905
1048;complete;3133.0;0.001268;3639.0;0.000908;3133.0;0.001997
1048;erdos;69882.0;0.001525;70484.0;0.000412;69882.0;0.005309
1048;regular;338473.0;0.001435;338473.0;0.000343;338473.0;0.004365
1048;watts;227575.0;0.001338;227575.0;0.000369;227575.0;0.007207
1049;barabasi;57859.0;0.001454;57859.0;0.000403;57859.0;0.003828
1049;complete;3620.0;0.001404;4423.0;0.000898;3620.0;0.001987
1049;erdos;79811.0;0.001603;80773.0;0.000418;79811.0;0.004853
1049;regular;1865065.0;0.000481;1865065.0;0.000113;1865065.0;0.011501
1049;watts;207724.0;0.00135;207724.0;0.000342;207724.0;0.00613
1051;barabasi;65320.0;0.001451;65320.0;0.000391;65320.0;0.005543
1051;complete;3261.0;0.001297;3977.0;0.00091;3261.0;0.001998
1051;erdos;67632.0;0.00158;68402.0;0.000562;67632.0;0.005782
1051;regular;1238508.0;0.00038;1238508.0;0.000103;1238508.0;0.00887
1051;watts;242581.0;0.001368;242581.0;0.000357;242581.0;0.005798
1053;barabasi;65529.0;0.001445;65529.0;0.00039;65529.0;0.003845
1053;complete;3262.0;0.001323;3992.0;0.000906;3262.0;0.002002
1053;erdos;92313.0;0.001527;93202.0;0.000414;92313.0;0.004897
1053;regular;12509238.0;0.001359;12509238.0;0.000321;12509238.0;0.065857
1053;watts;270654.0;0.001454;270654.0;0.000349;270654.0;0.006274
1054;regular;387466.0;0.001384;387466.0;0.000331;387466.0;0.004487
1054;watts;285104.0;0.00137;285104.0;0.00043;285104.0;0.0073
1054;erdos;66337.0;0.001538;67229.0;0.000425;66337.0;0.005451
1054;barabasi;73491.0;0.001532;73491.0;0.000386;73491.0;0.005412
1054;complete;3235.0;0.001388;3860.0;0.000917;3235.0;0.00202
1056;barabasi;60264.0;0.001449;60264.0;0.000384;60264.0;0.003352
1056;complete;3357.0;0.001337;3994.0;0.000905;3357.0;0.002014
1056;erdos;68977.0;0.001671;69845.0;0.000422;68977.0;0.005438
1056;regular;345473.0;0.001448;345473.0;0.000335;345473.0;0.005001
1056;watts;264947.0;0.001393;264947.0;0.000386;264947.0;0.006267
1057;barabasi;61872.0;0.001459;61872.0;0.000387;61872.0;0.005218
1057;complete;3392.0;0.001424;4289.0;0.000912;3392.0;0.002025
1057;erdos;61124.0;0.001552;61977.0;0.000421;61124.0;0.004952
1057;regular;12124891.0;0.001333;12124891.0;0.000293;12124891.0;0.058471
1057;watts;261028.0;0.001374;261028.0;0.000368;261028.0;0.00598
1059;barabasi;56868.0;0.001478;56868.0;0.000431;56868.0;0.004442
1059;complete;3357.0;0.001393;3942.0;0.000913;3357.0;0.002026
1059;erdos;94716.0;0.00156;95568.0;0.000424;94716.0;0.005923
1059;regular;13314798.0;0.001402;13314798.0;0.000294;13314798.0;0.06457
1059;watts;243187.0;0.001364;243187.0;0.000384;243187.0;0.006827
1060;barabasi;64082.0;0.001471;64082.0;0.000468;64082.0;0.004102
1060;complete;3417.0;0.001369;4029.0;0.000918;3417.0;0.002032
1060;erdos;84479.0;0.001572;85561.0;0.00042;84479.0;0.005464
1060;regular;363834.0;0.001451;363834.0;0.000338;363834.0;0.004783
1060;watts;305399.0;0.001392;305399.0;0.000353;305399.0;0.00698
1062;barabasi;61348.0;0.001482;61348.0;0.00039;61348.0;0.004012
1062;complete;3228.0;0.001317;3922.0;0.000921;3228.0;0.002536
1062;erdos;85658.0;0.001699;86625.0;0.000433;85658.0;0.006477
1062;regular;370718.0;0.001454;370718.0;0.000341;370718.0;0.005513
1062;watts;269679.0;0.001388;269679.0;0.000354;269679.0;0.005858
1064;barabasi;77588.0;0.001481;77588.0;0.00039;77588.0;0.0046
1064;complete;3392.0;0.001369;4144.0;0.000941;3392.0;0.002565
1064;erdos;84734.0;0.001567;85080.0;0.000427;84734.0;0.004568
1064;regular;363089.0;0.001382;363089.0;0.000321;363089.0;0.004263
1064;watts;214693.0;0.001436;214693.0;0.000447;214693.0;0.007068
1065;barabasi;64829.0;0.00154;64829.0;0.000675;64829.0;0.003488
1065;complete;3395.0;0.001436;3965.0;0.000915;3395.0;0.002047
1065;erdos;74798.0;0.001569;75519.0;0.000426;74798.0;0.004506
1065;regular;9943429.0;0.001273;9943429.0;0.000281;9943429.0;0.050899
1065;watts;236099.0;0.001375;236099.0;0.000353;236099.0;0.006472
1067;regular;386978.0;0.000213;386978.0;5.7e-05;386978.0;0.003852
1067;watts;229338.0;0.001402;229338.0;0.000376;229338.0;0.005843
1067;erdos;103931.0;0.001699;104728.0;0.000537;103931.0;0.004808
1067;barabasi;74686.0;0.001491;74686.0;0.000392;74686.0;0.004479
1067;complete;3320.0;0.001436;4122.0;0.000922;3320.0;0.002062
1068;barabasi;70135.0;0.001501;70135.0;0.000395;70135.0;0.003965
1068;complete;3124.0;0.00143;3675.0;0.000932;3124.0;0.002275
1068;erdos;85136.0;0.001635;85926.0;0.000427;85136.0;0.00551
1068;regular;335204.0;0.00153;335204.0;0.00034;335204.0;0.004811
1068;watts;335319.0;0.001407;335319.0;0.000361;335319.0;0.007353
1070;barabasi;58879.0;0.001629;58879.0;0.000425;58879.0;0.003444
1070;complete;3551.0;0.001458;4265.0;0.000927;3551.0;0.002577
1070;erdos;78639.0;0.00176;79348.0;0.000426;78639.0;0.00558
1070;regular;379030.0;0.001487;379030.0;0.000346;379030.0;0.005707
1070;watts;269717.0;0.00143;269717.0;0.000358;269717.0;0.006425
1072;barabasi;60807.0;0.001525;60807.0;0.000406;60807.0;0.004113
1072;complete;3222.0;0.001333;3820.0;0.000937;3222.0;0.002085
1072;erdos;106866.0;0.001645;107387.0;0.000441;106866.0;0.005033
1072;regular;457956.0;0.001418;457956.0;0.000333;457956.0;0.004351
1072;watts;293785.0;0.001401;293785.0;0.000428;293785.0;0.006605
1073;barabasi;77590.0;0.001513;77590.0;0.000404;77590.0;0.00415
1073;complete;3211.0;0.001331;3788.0;0.000951;3211.0;0.002091
1073;erdos;77415.0;0.001696;78414.0;0.000536;77415.0;0.005027
1073;regular;14399485.0;0.001465;14399485.0;0.000354;14399485.0;0.072109
1073;watts;265387.0;0.001453;265387.0;0.00037;265387.0;0.006468
1075;barabasi;71701.0;0.001509;71701.0;0.000417;71701.0;0.003475
1075;complete;3519.0;0.001467;4234.0;0.000939;3519.0;0.002081
1075;erdos;76800.0;0.001717;77647.0;0.00045;76800.0;0.004566
1075;regular;465664.0;0.000283;465664.0;7.5e-05;465664.0;0.003605
1075;watts;234608.0;0.001447;234608.0;0.000381;234608.0;0.007055
1076;barabasi;62709.0;0.001786;62709.0;0.000403;62709.0;0.004072
1076;complete;3321.0;0.001384;3982.0;0.00094;3321.0;0.002089
1076;erdos;83876.0;0.001597;84831.0;0.000433;83876.0;0.005501
1076;regular;379327.0;0.001501;379327.0;0.000347;379327.0;0.00503
1076;watts;275241.0;0.001435;275241.0;0.000372;275241.0;0.007529
1078;barabasi;63054.0;0.001708;63054.0;0.000403;63054.0;0.003491
1078;complete;3544.0;0.001506;4156.0;0.000948;3544.0;0.002666
1078;erdos;72478.0;0.001614;73337.0;0.000436;72478.0;0.005133
1078;regular;445728.0;0.0015;445728.0;0.000351;445728.0;0.00501
1078;watts;276645.0;0.001447;276645.0;0.000369;276645.0;0.006148
1080;regular;234635.0;0.001431;234635.0;0.000327;234635.0;0.004329
1080;watts;259665.0;0.001498;259665.0;0.000402;259665.0;0.008896
1080;erdos;85932.0;0.001606;86903.0;0.000446;85932.0;0.005801
1080;barabasi;58594.0;0.001603;58594.0;0.000409;58594.0;0.004042
1080;complete;3251.0;0.001409;3839.0;0.000947;3251.0;0.002109
1081;barabasi;67175.0;0.00153;67175.0;0.000405;67175.0;0.004053
1081;complete;3501.0;0.001443;4178.0;0.000956;3501.0;0.00211
1081;erdos;73828.0;0.001607;74716.0;0.000445;73828.0;0.004621
1081;regular;527664.0;0.000242;527664.0;6.5e-05;527664.0;0.003736
1081;watts;207547.0;0.00152;207547.0;0.000366;207547.0;0.006647
1083;barabasi;72480.0;0.001523;72480.0;0.0004;72480.0;0.004617
1083;complete;3234.0;0.001365;3908.0;0.000958;3234.0;0.002162
1083;erdos;64256.0;0.001609;65590.0;0.000448;64256.0;0.004511
1083;regular;13176758.0;0.001632;13176758.0;0.000301;13176758.0;0.068971
1083;watts;234347.0;0.001454;234347.0;0.000367;234347.0;0.006101
1085;barabasi;59547.0;0.001528;59547.0;0.000423;59547.0;0.004731
1085;complete;3338.0;0.001456;3923.0;0.000961;3338.0;0.002134
1085;erdos;72458.0;0.001631;73371.0;0.000435;72458.0;0.005749
1085;regular;13597532.0;0.001471;13597532.0;0.000308;13597532.0;0.068381
1085;watts;312415.0;0.001449;312415.0;0.000374;312415.0;0.006622
1086;barabasi;67612.0;0.001538;67612.0;0.000428;67612.0;0.00425
1086;complete;3577.0;0.00151;4233.0;0.000958;3577.0;0.002139
1086;erdos;79611.0;0.001631;80491.0;0.00045;79611.0;0.004658
1086;regular;418380.0;0.001525;418380.0;0.000353;418380.0;0.005738
1086;watts;280732.0;0.00146;280732.0;0.000368;280732.0;0.00735
1088;barabasi;72800.0;0.001559;72800.0;0.000407;72800.0;0.004109
1088;complete;3236.0;0.001398;3736.0;0.00097;3236.0;0.002143
1088;erdos;79221.0;0.001641;79891.0;0.00045;79221.0;0.005209
1088;regular;226210.0;0.001451;226210.0;0.000346;226210.0;0.004924
1088;watts;276955.0;0.001462;276955.0;0.000383;276955.0;0.006048
1089;barabasi;64735.0;0.001673;64735.0;0.000411;64735.0;0.004665
1089;complete;3699.0;0.001522;4390.0;0.000977;3699.0;0.002675
1089;erdos;67152.0;0.001638;67989.0;0.000444;67152.0;0.005748
1089;regular;5140896.0;0.000899;5140896.0;0.000212;5140896.0;0.027774
1089;watts;233063.0;0.001473;233063.0;0.000374;233063.0;0.006874
1091;barabasi;59692.0;0.001537;59692.0;0.000532;59692.0;0.004823
1091;complete;3385.0;0.001455;4029.0;0.000967;3385.0;0.002166
1091;erdos;65034.0;0.001646;66044.0;0.000442;65034.0;0.005158
1091;regular;9218319.0;0.00122;9218319.0;0.000257;9218319.0;0.048698
1091;watts;243800.0;0.001617;243800.0;0.000378;243800.0;0.007832
1093;regular;8772628.0;0.001247;8772628.0;0.000311;8772628.0;0.043931
1093;watts;222082.0;0.001466;222082.0;0.000382;222082.0;0.007272
1093;erdos;87294.0;0.00182;87885.0;0.00045;87294.0;0.005297
1093;barabasi;59369.0;0.001553;59369.0;0.000433;59369.0;0.003697
1093;complete;3324.0;0.001371;3893.0;0.000977;3324.0;0.002157
1094;barabasi;65244.0;0.001734;65244.0;0.000421;65244.0;0.004152
1094;complete;3408.0;0.001447;4084.0;0.00099;3408.0;0.002172
1094;erdos;97995.0;0.001666;98749.0;0.000442;97995.0;0.004685
1094;regular;387956.0;0.001564;387956.0;0.000359;387956.0;0.00527
1094;watts;266880.0;0.001469;266880.0;0.00037;266880.0;0.00619
1096;barabasi;66955.0;0.001567;66955.0;0.000441;66955.0;0.004162
1096;complete;3224.0;0.001382;3841.0;0.000976;3224.0;0.002172
1096;erdos;84227.0;0.001672;85241.0;0.000454;84227.0;0.00577
1096;regular;266927.0;0.00147;266927.0;0.000342;266927.0;0.003729
1096;watts;289338.0;0.001454;289338.0;0.000377;289338.0;0.007555
1098;barabasi;65184.0;0.001574;65184.0;0.000413;65184.0;0.005299
1098;complete;3153.0;0.001458;3648.0;0.000966;3153.0;0.002207
1098;erdos;79526.0;0.00177;80358.0;0.000452;79526.0;0.005872
1098;regular;406739.0;0.001575;406739.0;0.000375;406739.0;0.004897
1098;watts;239543.0;0.001465;239543.0;0.000374;239543.0;0.007913
1099;barabasi;63442.0;0.001578;63442.0;0.000415;63442.0;0.004188
1099;complete;3570.0;0.001494;4179.0;0.000978;3570.0;0.002189
1099;erdos;76032.0;0.001802;77165.0;0.000447;76032.0;0.004829
1099;regular;2063051.0;0.000518;2063051.0;0.000123;2063051.0;0.011689
1099;watts;372450.0;0.001516;372450.0;0.000399;372450.0;0.008066
1101;barabasi;69169.0;0.001566;69169.0;0.000427;69169.0;0.004759
1101;complete;3333.0;0.001395;3913.0;0.000995;3333.0;0.002192
1101;erdos;76412.0;0.001671;77086.0;0.000481;76412.0;0.006566
1101;regular;10517571.0;0.001322;10517571.0;0.000274;10517571.0;0.053835
1101;watts;318953.0;0.00148;318953.0;0.000388;318953.0;0.008982
1103;barabasi;61303.0;0.001711;61303.0;0.000424;61303.0;0.00478
1103;complete;3716.0;0.001549;4303.0;0.000986;3716.0;0.002202
1103;erdos;69967.0;0.001721;71300.0;0.000451;69967.0;0.005592
1103;regular;15249442.0;0.001547;15249442.0;0.00032;15249442.0;0.078886
1103;watts;248275.0;0.001504;248275.0;0.00041;248275.0;0.006809
1104;barabasi;63284.0;0.001589;63284.0;0.000517;63284.0;0.004405
1104;complete;3417.0;0.001429;4034.0;0.000982;3417.0;0.002193
1104;erdos;57590.0;0.001671;58615.0;0.000461;57590.0;0.005421
1104;regular;355421.0;0.001583;355421.0;0.000365;355421.0;0.004855
1104;watts;284752.0;0.001504;284752.0;0.000379;284752.0;0.005828
1106;regular;416342.0;0.00158;416342.0;0.00037;416342.0;0.005027
1106;watts;300095.0;0.001644;300095.0;0.000404;300095.0;0.007472
1106;erdos;75997.0;0.001679;77174.0;0.000472;75997.0;0.006187
1106;barabasi;77279.0;0.001616;77279.0;0.000416;77279.0;0.004232
1106;complete;3521.0;0.001461;4361.0;0.001002;3521.0;0.00224
1108;barabasi;65221.0;0.001608;65221.0;0.000426;65221.0;0.005426
1108;complete;3229.0;0.001369;3753.0;0.001;3229.0;0.002212
1108;erdos;84299.0;0.0017;84939.0;0.000479;84299.0;0.005313
1108;regular;412309.0;0.001603;412309.0;0.000411;412309.0;0.005722
1108;watts;247715.0;0.001529;247715.0;0.000385;247715.0;0.008597
1109;barabasi;61768.0;0.001729;61768.0;0.000574;61768.0;0.004256
1109;complete;3559.0;0.001499;4333.0;0.001013;3559.0;0.002219
1109;erdos;93062.0;0.001703;93858.0;0.000458;93062.0;0.006213
1109;regular;270415.0;0.000185;270415.0;5.1e-05;270415.0;0.002723
1109;watts;241863.0;0.001582;241863.0;0.00048;241863.0;0.007212
1111;barabasi;67768.0;0.001839;67768.0;0.000437;67768.0;0.003941
1111;complete;3553.0;0.001499;4302.0;0.001001;3553.0;0.002233
1111;erdos;84765.0;0.001977;85417.0;0.000468;84765.0;0.005963
1111;regular;15686596.0;0.001579;15686596.0;0.000328;15686596.0;0.080416
1111;watts;298728.0;0.001509;298728.0;0.000388;298728.0;0.007455
1113;barabasi;76261.0;0.001733;76261.0;0.000433;76261.0;0.004336
1113;complete;3398.0;0.001442;4117.0;0.001013;3398.0;0.002264
1113;erdos;71681.0;0.001699;72520.0;0.000503;71681.0;0.005532
1113;regular;15386122.0;0.001587;15386122.0;0.000331;15386122.0;0.086209
1113;watts;270786.0;0.001516;270786.0;0.000393;270786.0;0.006334
1114;barabasi;74570.0;0.001608;74570.0;0.000446;74570.0;0.004876
1114;complete;3290.0;0.001516;3892.0;0.001014;3290.0;0.002243
1114;erdos;75922.0;0.001733;76915.0;0.000467;75922.0;0.006043
1114;regular;446642.0;0.001614;446642.0;0.000371;446642.0;0.005931
1114;watts;237952.0;0.001544;237952.0;0.000386;237952.0;0.006859
1116;barabasi;69291.0;0.001614;69291.0;0.000445;69291.0;0.004306
1116;complete;3525.0;0.001489;4282.0;0.001018;3525.0;0.002254
1116;erdos;88276.0;0.001725;89128.0;0.000465;88276.0;0.005419
1116;regular;445053.0;0.00187;445053.0;0.000375;445053.0;0.004881
1116;watts;267750.0;0.001644;267750.0;0.000404;267750.0;0.007062
1118;barabasi;77766.0;0.001651;77766.0;0.000437;77766.0;0.005189
1118;complete;3468.0;0.001569;4240.0;0.001042;3468.0;0.002255
1118;erdos;82696.0;0.001725;83618.0;0.000458;82696.0;0.005773
1118;regular;393880.0;0.00161;393880.0;0.000409;393880.0;0.005352
1118;watts;263347.0;0.001549;263347.0;0.000388;263347.0;0.008828
1119;regular;14927760.0;0.001573;14927760.0;0.000344;14927760.0;0.080279
1119;watts;234367.0;0.001519;234367.0;0.000405;234367.0;0.007057
1119;erdos;70801.0;0.001861;72025.0;0.000498;70801.0;0.006179
1119;barabasi;74130.0;0.001645;74130.0;0.000445;74130.0;0.00434
1119;complete;3211.0;0.001421;3761.0;0.001007;3211.0;0.00237
1121;barabasi;64686.0;0.001633;64686.0;0.000476;64686.0;0.004345
1121;complete;3369.0;0.001442;4111.0;0.001017;3369.0;0.00227
1121;erdos;88334.0;0.001737;89360.0;0.00047;88334.0;0.005648
1121;regular;14337965.0;0.001534;14337965.0;0.000337;14337965.0;0.07467
1121;watts;252095.0;0.001553;252095.0;0.000415;252095.0;0.007013
1123;barabasi;66911.0;0.001719;66911.0;0.000549;66911.0;0.00443
1123;complete;3437.0;0.001524;4031.0;0.001009;3437.0;0.002276
1123;erdos;76019.0;0.001841;77069.0;0.000505;76019.0;0.005475
1123;regular;9077937.0;0.001263;9077937.0;0.000265;9077937.0;0.051205
1123;watts;254383.0;0.001551;254383.0;0.000414;254383.0;0.006755
1124;barabasi;67760.0;0.001639;67760.0;0.000453;67760.0;0.004709
1124;complete;3347.0;0.001418;3895.0;0.00103;3347.0;0.002287
1124;erdos;119649.0;0.001735;120657.0;0.000496;119649.0;0.005525
1124;regular;296282.0;0.001567;296282.0;0.000359;296282.0;0.004863
1124;watts;285512.0;0.001553;285512.0;0.000497;285512.0;0.008464
1126;barabasi;76000.0;0.001777;76000.0;0.000439;76000.0;0.005399
1126;complete;3777.0;0.001617;4542.0;0.001026;3777.0;0.002286
1126;erdos;73921.0;0.001752;74950.0;0.000497;73921.0;0.004878
1126;regular;397395.0;0.001655;397395.0;0.00038;397395.0;0.007042
1126;watts;245967.0;0.001557;245967.0;0.000394;245967.0;0.008526
1128;barabasi;81907.0;0.001647;81907.0;0.000435;81907.0;0.004396
1128;complete;3845.0;0.001624;4657.0;0.001027;3845.0;0.002851
1128;erdos;112281.0;0.001762;113155.0;0.000474;112281.0;0.006148
1128;regular;403095.0;0.001674;403095.0;0.000383;403095.0;0.00619
1128;watts;234667.0;0.001565;234667.0;0.000392;234667.0;0.006775
1129;barabasi;73430.0;0.001657;73430.0;0.000434;73430.0;0.005202
1129;complete;3453.0;0.001493;4044.0;0.001031;3453.0;0.002483
1129;erdos;73169.0;0.001747;74593.0;0.000499;73169.0;0.005588
1129;regular;2897788.0;0.00064;2897788.0;0.000191;2897788.0;0.017434
1129;watts;256864.0;0.001541;256864.0;0.000423;256864.0;0.006574
1131;barabasi;68220.0;0.001664;68220.0;0.000432;68220.0;0.005275
1131;complete;3544.0;0.001563;4121.0;0.00104;3544.0;0.002306
1131;erdos;60901.0;0.001771;61965.0;0.000472;60901.0;0.006242
1131;regular;2542717.0;0.000607;2542717.0;0.000159;2542717.0;0.01359
1131;watts;237621.0;0.001602;237621.0;0.000396;237621.0;0.007771
1133;regular;14597730.0;0.001566;14597730.0;0.000352;14597730.0;0.080195
1133;watts;218020.0;0.00158;218020.0;0.000396;218020.0;0.00721
1133;erdos;87391.0;0.002003;88396.0;0.000511;87391.0;0.006697
1133;barabasi;86598.0;0.001677;86598.0;0.000435;86598.0;0.005185
1133;complete;3476.0;0.001499;4072.0;0.001051;3476.0;0.002365
1134;barabasi;86343.0;0.001679;86343.0;0.000455;86343.0;0.005043
1134;complete;3525.0;0.001596;4070.0;0.001034;3525.0;0.00231
1134;erdos;75127.0;0.001771;76335.0;0.00048;75127.0;0.005565
1134;regular;339976.0;0.001591;339976.0;0.000368;339976.0;0.004786
1134;watts;304651.0;0.001589;304651.0;0.000397;304651.0;0.007914
1136;barabasi;82956.0;0.00167;82956.0;0.000443;82956.0;0.005146
1136;complete;3682.0;0.001689;4590.0;0.001041;3682.0;0.002321
1136;erdos;93152.0;0.001782;94173.0;0.000477;93152.0;0.005798
1136;regular;383965.0;0.001687;383965.0;0.000385;383965.0;0.00603
1136;watts;278432.0;0.001588;278432.0;0.000394;278432.0;0.008166
1138;barabasi;65805.0;0.0017;65805.0;0.00044;65805.0;0.004485
1138;complete;3519.0;0.001502;4072.0;0.001038;3519.0;0.00233
1138;erdos;89782.0;0.001784;90810.0;0.000511;89782.0;0.00569
1138;regular;393799.0;0.001672;393799.0;0.000383;393799.0;0.005377
1138;watts;261111.0;0.00162;261111.0;0.0004;261111.0;0.007271
1140;barabasi;85102.0;0.001693;85102.0;0.000441;85102.0;0.004616
1140;complete;3448.0;0.001497;4138.0;0.001057;3448.0;0.002363
1140;erdos;113780.0;0.001807;114905.0;0.00048;113780.0;0.006356
1140;regular;448525.0;0.001687;448525.0;0.000386;448525.0;0.005856
1140;watts;264624.0;0.001597;264624.0;0.00043;264624.0;0.00804
1141;barabasi;78545.0;0.00169;78545.0;0.00046;78545.0;0.005097
1141;complete;3576.0;0.001538;4333.0;0.001054;3576.0;0.002346
1141;erdos;79321.0;0.001981;80266.0;0.000511;79321.0;0.005696
1141;regular;13563663.0;0.001551;13563663.0;0.000397;13563663.0;0.07195
1141;watts;307435.0;0.001608;307435.0;0.000399;307435.0;0.00821
1143;barabasi;75971.0;0.002026;75971.0;0.000445;75971.0;0.005133
1143;complete;3432.0;0.001532;4173.0;0.001058;3432.0;0.002353
1143;erdos;82763.0;0.001812;83868.0;0.000477;82763.0;0.005733
1143;regular;3746955.0;0.000775;3746955.0;0.00017;3746955.0;0.024361
1143;watts;301843.0;0.00162;301843.0;0.000401;301843.0;0.008796
1145;barabasi;65534.0;0.001723;65534.0;0.00045;65534.0;0.005992
1145;complete;3496.0;0.00165;4209.0;0.001092;3496.0;0.002368
1145;erdos;81707.0;0.001806;82771.0;0.000486;81707.0;0.006374
1145;regular;5448460.0;0.000973;5448460.0;0.000236;5448460.0;0.031352
1145;watts;276940.0;0.001606;276940.0;0.000404;276940.0;0.006745
1146;regular;408962.0;0.00183;408962.0;0.000416;408962.0;0.006147
1146;watts;285112.0;0.0016;285112.0;0.000438;285112.0;0.007479
1146;erdos;73714.0;0.001834;75169.0;0.000498;73714.0;0.005992
1146;barabasi;67953.0;0.001708;67953.0;0.000444;67953.0;0.003934
1146;complete;3699.0;0.00161;4525.0;0.00106;3699.0;0.002369
1148;barabasi;69894.0;0.001701;69894.0;0.000466;69894.0;0.005157
1148;complete;3432.0;0.001493;4035.0;0.001058;3432.0;0.002371
1148;erdos;69387.0;0.002019;70558.0;0.000498;69387.0;0.005807
1148;regular;230885.0;0.001612;230885.0;0.000404;230885.0;0.004899
1148;watts;243323.0;0.001633;243323.0;0.000419;243323.0;0.007045
1150;barabasi;68645.0;0.00172;68645.0;0.00048;68645.0;0.004696
1150;complete;3603.0;0.001567;4206.0;0.001074;3603.0;0.002395
1150;erdos;71825.0;0.002048;73209.0;0.000479;71825.0;0.005861
1150;regular;401079.0;0.001718;401079.0;0.00041;401079.0;0.006109
1150;watts;314068.0;0.001648;314068.0;0.00041;314068.0;0.009374
1152;barabasi;70802.0;0.001736;70927.0;0.000446;70802.0;0.003973
1152;complete;3396.0;0.001492;3996.0;0.001061;3396.0;0.002404
1152;erdos;111049.0;0.001837;112309.0;0.00055;111049.0;0.007084
1152;regular;406390.0;0.001817;406390.0;0.000506;406390.0;0.005015
1152;watts;268751.0;0.001622;268751.0;0.000421;268751.0;0.006302
1153;barabasi;68837.0;0.00173;68837.0;0.000465;68837.0;0.005202
1153;complete;3463.0;0.001511;4020.0;0.001069;3463.0;0.0024
1153;erdos;81967.0;0.001831;83020.0;0.000517;81967.0;0.005165
1153;regular;1488736.0;0.000435;1488736.0;0.000107;1488736.0;0.008848
1153;watts;299889.0;0.00163;299889.0;0.000428;299889.0;0.007489
1155;barabasi;71455.0;0.001757;71455.0;0.000449;71455.0;0.004604
1155;complete;3678.0;0.001632;4509.0;0.00108;3678.0;0.002405
1155;erdos;65428.0;0.001852;66944.0;0.000513;65428.0;0.005936
1155;regular;14706684.0;0.001694;14706684.0;0.000412;14706684.0;0.075578
1155;watts;241308.0;0.001676;241308.0;0.000442;241308.0;0.007679
1157;barabasi;72140.0;0.001914;72140.0;0.000457;72140.0;0.005449
1157;complete;3411.0;0.001621;3894.0;0.001065;3411.0;0.002409
1157;erdos;84983.0;0.00185;86202.0;0.000494;84983.0;0.006538
1157;regular;16714909.0;0.001798;16714909.0;0.000448;16714909.0;0.089112
1157;watts;293196.0;0.001661;293196.0;0.000412;293196.0;0.006821
1159;barabasi;75752.0;0.001765;75752.0;0.000459;75752.0;0.005258
1159;complete;3883.0;0.001732;4572.0;0.001073;3883.0;0.002424
1159;erdos;60276.0;0.00187;61628.0;0.000489;60276.0;0.005955
1159;regular;8380094.0;0.001218;8380094.0;0.000322;8380094.0;0.045385
1159;watts;295387.0;0.00172;295387.0;0.000438;295387.0;0.00754
1160;regular;464511.0;0.001894;464511.0;0.000442;464511.0;0.005843
1160;watts;238213.0;0.001687;238213.0;0.000443;238213.0;0.008051
1160;erdos;83295.0;0.002028;84853.0;0.000505;83295.0;0.008027
1160;barabasi;68302.0;0.00192;68302.0;0.000465;68302.0;0.004652
1160;complete;3417.0;0.001565;4073.0;0.00108;3417.0;0.002433
1162;barabasi;74794.0;0.001738;74794.0;0.000463;74794.0;0.004657
1162;complete;3705.0;0.001638;4265.0;0.001085;3705.0;0.00243
1162;erdos;64968.0;0.001883;66205.0;0.000501;64968.0;0.005958
1162;regular;482090.0;0.001781;482090.0;0.000409;482090.0;0.005222
1162;watts;243685.0;0.001654;243685.0;0.000415;243685.0;0.007964
1164;barabasi;62928.0;0.001792;62947.0;0.000464;62928.0;0.005296
1164;complete;3573.0;0.00167;4303.0;0.001087;3573.0;0.002449
1164;erdos;68075.0;0.001865;69034.0;0.000497;68075.0;0.005941
1164;regular;363906.0;0.001746;363906.0;0.000493;363906.0;0.007103
1164;watts;298412.0;0.001684;298412.0;0.000414;298412.0;0.009372
1165;barabasi;75296.0;0.001764;75296.0;0.000464;75296.0;0.004055
1165;complete;3754.0;0.001656;4511.0;0.001087;3754.0;0.002446
1165;erdos;74729.0;0.001886;76066.0;0.00051;74729.0;0.005908
1165;regular;14530987.0;0.001719;14530987.0;0.000343;14530987.0;0.076808
1165;watts;269577.0;0.001654;269577.0;0.000448;269577.0;0.008844
1167;barabasi;73683.0;0.001808;73683.0;0.000464;73683.0;0.004702
1167;complete;3743.0;0.001779;4312.0;0.001088;3743.0;0.002448
1167;erdos;68730.0;0.002026;70096.0;0.000516;68730.0;0.005932
1167;regular;3313329.0;0.000763;3313329.0;0.000184;3313329.0;0.02062
1167;watts;268818.0;0.001672;268818.0;0.000415;268818.0;0.007339
1169;barabasi;77887.0;0.001774;77895.0;0.000464;77887.0;0.005351
1169;complete;3462.0;0.001545;4045.0;0.001099;3462.0;0.002466
1169;erdos;64342.0;0.001881;65586.0;0.000509;64342.0;0.006744
1169;regular;16433224.0;0.001869;16433224.0;0.000426;16433224.0;0.091636
1169;watts;292031.0;0.001695;292031.0;0.000442;292031.0;0.008486
1171;barabasi;77324.0;0.001799;77324.0;0.000466;77324.0;0.004742
1171;complete;3733.0;0.001754;4358.0;0.001093;3733.0;0.002472
1171;erdos;81122.0;0.001998;82016.0;0.000511;81122.0;0.007327
1171;regular;16713387.0;0.001738;16713387.0;0.000381;16713387.0;0.095964
1171;watts;254187.0;0.001695;254187.0;0.000427;254187.0;0.008326
1173;barabasi;83490.0;0.001776;83490.0;0.00052;83490.0;0.006009
1173;complete;3319.0;0.001561;3877.0;0.001117;3319.0;0.002473
1173;erdos;75203.0;0.001902;76180.0;0.000519;75203.0;0.005995
1173;regular;17359152.0;0.001953;17359152.0;0.000458;17359152.0;0.092921
1173;watts;292798.0;0.001687;292798.0;0.000431;292798.0;0.008489
1174;regular;452538.0;0.0018;452538.0;0.000437;452538.0;0.004994
1174;watts;250467.0;0.001721;250467.0;0.000461;250467.0;0.007295
1174;erdos;99123.0;0.001928;100524.0;0.000511;99123.0;0.00565
1174;barabasi;81541.0;0.001788;81541.0;0.000461;81541.0;0.005396
1174;complete;3853.0;0.00174;4642.0;0.00111;3853.0;0.002493
1176;barabasi;64382.0;0.002012;64382.0;0.000466;64382.0;0.004148
1176;complete;3477.0;0.001575;4123.0;0.001111;3477.0;0.002503
1176;erdos;81801.0;0.001921;83152.0;0.000503;81801.0;0.006063
1176;regular;308344.0;0.00172;308344.0;0.000389;308344.0;0.004674
1176;watts;277166.0;0.001717;277166.0;0.00042;277166.0;0.007258
1178;barabasi;72498.0;0.001809;72498.0;0.000465;72498.0;0.006065
1178;complete;3778.0;0.001811;4570.0;0.001108;3778.0;0.002507
1178;erdos;69000.0;0.001906;70216.0;0.000499;69000.0;0.00615
1178;regular;350927.0;0.001802;350927.0;0.00053;350927.0;0.005603
1178;watts;302942.0;0.001748;302942.0;0.000428;302942.0;0.007357
1180;barabasi;71530.0;0.001814;71530.0;0.000477;71530.0;0.004804
1180;complete;3537.0;0.001624;4198.0;0.001114;3537.0;0.002521
1180;erdos;84867.0;0.002088;86469.0;0.000533;84867.0;0.006116
1180;regular;429294.0;0.002024;429294.0;0.00043;429294.0;0.004754
1180;watts;225487.0;0.001764;225487.0;0.000596;225487.0;0.008762
1181;barabasi;74067.0;0.001806;74067.0;0.00049;74067.0;0.006301
1181;complete;3434.0;0.001557;4048.0;0.001117;3434.0;0.002514
1181;erdos;65956.0;0.001926;67080.0;0.000513;65956.0;0.007515
1181;regular;17857939.0;0.001775;17857939.0;0.000378;17857939.0;0.094914
1181;watts;260924.0;0.001731;260924.0;0.00044;260924.0;0.008331
1183;barabasi;69119.0;0.001897;69119.0;0.000495;69119.0;0.004198
1183;complete;3497.0;0.001573;4098.0;0.001116;3497.0;0.002533
1183;erdos;75057.0;0.001945;76312.0;0.000517;75057.0;0.00682
1183;regular;16667.0;5e-05;16667.0;1.6e-05;16667.0;0.001049
1183;watts;256375.0;0.001729;256375.0;0.000463;256375.0;0.007455
1185;barabasi;83476.0;0.001807;83476.0;0.000486;83476.0;0.00551
1185;complete;3603.0;0.001657;4230.0;0.001121;3603.0;0.00257
1185;erdos;74366.0;0.001959;75959.0;0.000514;74366.0;0.007577
1185;regular;14812701.0;0.001771;14812701.0;0.000339;14812701.0;0.080246
1185;watts;250073.0;0.001818;250073.0;0.000432;250073.0;0.00851
1187;barabasi;89313.0;0.002082;89313.0;0.00048;89313.0;0.004862
1187;complete;3571.0;0.001627;4212.0;0.001141;3571.0;0.002536
1187;erdos;78560.0;0.001961;79783.0;0.000517;78560.0;0.006119
1187;regular;8401223.0;0.001493;8401223.0;0.000302;8401223.0;0.045369
1187;watts;298969.0;0.001945;298969.0;0.000439;298969.0;0.00773
1188;regular;459734.0;0.001997;459734.0;0.000577;459734.0;0.006148
1188;watts;308001.0;0.001742;308001.0;0.000441;308001.0;0.00839
1188;erdos;100742.0;0.001954;101754.0;0.000539;100742.0;0.006667
1188;barabasi;70569.0;0.001831;70569.0;0.000481;70569.0;0.005516
1188;complete;3438.0;0.001575;4040.0;0.001139;3438.0;0.002553
1190;barabasi;80175.0;0.001856;80175.0;0.00051;80175.0;0.005528
1190;complete;3617.0;0.001643;4437.0;0.001137;3617.0;0.002562
1190;erdos;88914.0;0.00197;90332.0;0.000539;88914.0;0.006901
1190;regular;441197.0;0.001998;441197.0;0.000433;441197.0;0.006496
1190;watts;336916.0;0.001762;336916.0;0.000563;336916.0;0.009416
1192;barabasi;80267.0;0.00183;80267.0;0.000497;80267.0;0.005852
1192;complete;3625.0;0.001773;4264.0;0.001146;3625.0;0.002591
1192;erdos;74803.0;0.001958;76229.0;0.000548;74803.0;0.005542
1192;regular;452037.0;0.001977;452037.0;0.000513;452037.0;0.005502
1192;watts;271923.0;0.001741;271923.0;0.000464;271923.0;0.009449
1194;barabasi;80340.0;0.001851;80340.0;0.000477;80340.0;0.005062
1194;complete;3654.0;0.001688;4231.0;0.001137;3654.0;0.002578
1194;erdos;75979.0;0.001961;77003.0;0.000523;75979.0;0.006508
1194;regular;289363.0;0.002029;289363.0;0.000415;289363.0;0.005212
1194;watts;285823.0;0.001744;285823.0;0.00047;285823.0;0.008844
1196;erdos;71502.0;0.001987;72505.0;0.000523;71502.0;0.007889
1196;barabasi;84225.0;0.001893;84225.0;0.000479;84225.0;0.004269
1196;complete;3500.0;0.00162;4101.0;0.001149;3500.0;0.002571
1196;regular;395986.0;0.002081;395986.0;0.000422;395986.0;0.006042
1196;watts;311850.0;0.001795;311850.0;0.000507;311850.0;0.009381
1197;barabasi;74527.0;0.001863;74527.0;0.000526;74527.0;0.004392
1197;complete;3645.0;0.001643;4238.0;0.001152;3645.0;0.002593
1197;erdos;65444.0;0.002122;66587.0;0.000556;65444.0;0.006996
1197;regular;10522245.0;0.001578;10522245.0;0.000516;10522245.0;0.05987
1197;watts;281170.0;0.001764;281170.0;0.000446;281170.0;0.009328
1199;barabasi;94940.0;0.001879;94940.0;0.000495;94940.0;0.004972
1199;complete;3690.0;0.00167;4298.0;0.001153;3690.0;0.002588
1199;erdos;112580.0;0.001983;114159.0;0.000523;112580.0;0.007567
1199;regular;17694369.0;0.001908;17694369.0;0.000412;17694369.0;0.106043
1199;watts;307184.0;0.001766;307184.0;0.000443;307184.0;0.008953
1201;barabasi;76793.0;0.001924;76793.0;0.000482;76793.0;0.004974
1201;complete;3760.0;0.001704;4695.0;0.001158;3760.0;0.0033
1201;erdos;76700.0;0.001992;77968.0;0.000535;76700.0;0.006319
1201;regular;10735261.0;0.001459;10735261.0;0.00031;10735261.0;0.063188
1201;watts;341025.0;0.001771;341025.0;0.000454;341025.0;0.008711
1203;regular;4637340.0;0.000914;4637340.0;0.000201;4637340.0;0.027779
1203;watts;294258.0;0.001931;294258.0;0.000446;294258.0;0.008099
1203;erdos;81490.0;0.002334;82537.0;0.000538;81490.0;0.006341
1203;barabasi;72820.0;0.001916;72820.0;0.000511;72820.0;0.005137
1203;complete;3723.0;0.001687;4456.0;0.001158;3723.0;0.002602
1205;barabasi;78528.0;0.001904;78528.0;0.000491;78528.0;0.005827
1205;complete;3572.0;0.001755;4379.0;0.001163;3572.0;0.002623
1205;erdos;74729.0;0.002021;75985.0;0.000526;74729.0;0.006497
1205;regular;18346060.0;0.00203;18346060.0;0.0004;18346060.0;0.103577
1205;watts;311205.0;0.001771;311205.0;0.00044;311205.0;0.00881
1206;barabasi;60740.0;0.001914;60740.0;0.000484;60740.0;0.005045
1206;complete;3603.0;0.001666;4350.0;0.001159;3603.0;0.002627
1206;erdos;75690.0;0.002006;77147.0;0.000524;75690.0;0.006371
1206;regular;429507.0;0.001878;429507.0;0.000427;429507.0;0.006632
1206;watts;324117.0;0.001813;324117.0;0.000448;324117.0;0.008219
1208;barabasi;83114.0;0.001899;83114.0;0.000538;83114.0;0.005746
1208;complete;3588.0;0.001652;4389.0;0.00118;3588.0;0.002656
1208;erdos;80993.0;0.00202;82156.0;0.000566;80993.0;0.006487
1208;regular;469472.0;0.001883;469472.0;0.000448;469472.0;0.005544
1208;watts;264396.0;0.001851;264396.0;0.000447;264396.0;0.010707
1210;barabasi;74804.0;0.002064;74804.0;0.000483;74804.0;0.005046
1210;complete;3628.0;0.001664;4394.0;0.001163;3628.0;0.00263
1210;erdos;95439.0;0.002018;96567.0;0.000535;95439.0;0.006385
1210;regular;472586.0;0.00212;472586.0;0.000432;472586.0;0.004585
1210;watts;349795.0;0.001801;349795.0;0.000459;349795.0;0.009285
1212;barabasi;87340.0;0.001914;87340.0;0.000487;87340.0;0.006362
1212;complete;3647.0;0.001681;4399.0;0.001173;3647.0;0.002644
1212;erdos;99035.0;0.002014;100135.0;0.000529;99035.0;0.006533
1212;regular;462754.0;0.002148;462754.0;0.000439;462754.0;0.005356
1212;watts;300588.0;0.001815;300588.0;0.000449;300588.0;0.008475
1214;barabasi;77073.0;0.002159;77073.0;0.000545;77073.0;0.004547
1214;complete;4114.0;0.001936;4925.0;0.001184;4114.0;0.003304
1214;erdos;89818.0;0.00203;90982.0;0.000566;89818.0;0.007039
1214;regular;430114.0;0.001994;430114.0;0.000445;430114.0;0.007691
1214;watts;258290.0;0.001813;258290.0;0.000463;258290.0;0.008301
1215;barabasi;83237.0;0.001935;83237.0;0.000492;83237.0;0.005868
1215;complete;3639.0;0.00165;4286.0;0.001173;3639.0;0.002647
1215;erdos;69456.0;0.002038;70928.0;0.00054;69456.0;0.006472
1215;regular;18349794.0;0.002021;18349794.0;0.000405;18349794.0;0.109904
1215;watts;265137.0;0.001814;265137.0;0.000451;265137.0;0.007837
1217;erdos;69476.0;0.002091;70579.0;0.000541;69476.0;0.00584
1217;regular;9316799.0;0.001371;9316799.0;0.000283;9316799.0;0.055024
1217;watts;327548.0;0.00181;327548.0;0.000455;327548.0;0.007311
1217;barabasi;78092.0;0.002119;78092.0;0.0005;78092.0;0.005116
1217;complete;3911.0;0.001806;4600.0;0.001187;3911.0;0.002684
1219;barabasi;80737.0;0.001933;80737.0;0.000508;80737.0;0.005803
1219;complete;3403.0;0.001741;3931.0;0.001185;3403.0;0.002672
1219;erdos;111396.0;0.002059;112072.0;0.000544;111396.0;0.007313
1219;regular;43967.0;7.6e-05;43967.0;2.4e-05;43967.0;0.001277
1219;watts;289893.0;0.001814;289893.0;0.00047;289893.0;0.008371
1221;barabasi;69062.0;0.001904;69415.0;0.000501;69062.0;0.005825
1221;complete;3673.0;0.001725;4350.0;0.0012;3673.0;0.002686
1221;erdos;86812.0;0.002073;88625.0;0.000535;86812.0;0.006578
1221;regular;2524565.0;0.000666;2524565.0;0.000192;2524565.0;0.017511
1221;watts;272277.0;0.001852;272277.0;0.000453;272277.0;0.01094
1223;barabasi;76599.0;0.001928;76599.0;0.000497;76599.0;0.005315
1223;complete;3392.0;0.00174;3835.0;0.001196;3392.0;0.002696
1223;erdos;79145.0;0.002078;80528.0;0.000572;79145.0;0.006658
1223;regular;18845027.0;0.001994;18845027.0;0.000402;18845027.0;0.106988
1223;watts;324638.0;0.001825;324638.0;0.000455;324638.0;0.010007
1225;erdos;76037.0;0.002073;77347.0;0.000543;76037.0;0.006616
1225;barabasi;75910.0;0.002137;75910.0;0.000531;75910.0;0.005179
1225;complete;3530.0;0.001791;4130.0;0.001199;3530.0;0.002702
1225;regular;10728135.0;0.001474;10728135.0;0.000299;10728135.0;0.061257
1225;watts;284936.0;0.001804;284936.0;0.00046;284936.0;0.009719
1226;barabasi;89184.0;0.001942;89184.0;0.000526;89184.0;0.005174
1226;complete;3657.0;0.001721;4331.0;0.00119;3657.0;0.002702
1226;erdos;93151.0;0.002073;94334.0;0.000544;93151.0;0.006399
1226;regular;226798.0;0.001886;226798.0;0.000421;226798.0;0.005636
1226;watts;310857.0;0.00183;310857.0;0.000567;310857.0;0.008491
1228;barabasi;78465.0;0.001969;78465.0;0.000505;78465.0;0.005497
1228;complete;3841.0;0.001907;4394.0;0.00121;3841.0;0.002716
1228;erdos;71297.0;0.002072;72495.0;0.000546;71297.0;0.006682
1228;regular;417625.0;0.002136;417625.0;0.000447;417625.0;0.007028
1228;watts;330166.0;0.002097;330166.0;0.000467;330166.0;0.011295
1230;barabasi;67230.0;0.001951;67230.0;0.000501;67230.0;0.005517
1230;complete;3817.0;0.001777;4544.0;0.001222;3817.0;0.002721
1230;erdos;69531.0;0.002086;70772.0;0.000558;69531.0;0.008211
1230;regular;435901.0;0.001952;435901.0;0.000469;435901.0;0.006248
1230;watts;347058.0;0.001936;347058.0;0.000576;347058.0;0.008529
1232;regular;469137.0;0.00195;469137.0;0.000451;469137.0;0.006411
1232;watts;325717.0;0.00186;325717.0;0.000458;325717.0;0.010137
1232;erdos;69844.0;0.002297;70992.0;0.000573;69844.0;0.007438
1232;barabasi;75791.0;0.001998;75791.0;0.000504;75791.0;0.004528
1232;complete;3689.0;0.001745;4288.0;0.00121;3689.0;0.002729
1234;barabasi;75277.0;0.001956;75277.0;0.000502;75277.0;0.00595
1234;complete;3665.0;0.001724;4237.0;0.001209;3665.0;0.002737
1234;erdos;71747.0;0.00209;73210.0;0.000563;71747.0;0.007435
1234;regular;467941.0;0.001984;467941.0;0.000465;467941.0;0.006984
1234;watts;279686.0;0.001921;279686.0;0.000536;279686.0;0.00929
1236;barabasi;71451.0;0.002015;71451.0;0.000508;71451.0;0.005419
1236;complete;3944.0;0.001911;4760.0;0.001214;3944.0;0.002747
1236;erdos;105235.0;0.002105;106553.0;0.000553;105235.0;0.006755
1236;regular;405136.0;0.002194;405136.0;0.000454;405136.0;0.007618
1236;watts;286779.0;0.001887;286779.0;0.000527;286779.0;0.009878
1238;barabasi;71920.0;0.00203;71920.0;0.000652;71920.0;0.005584
1238;complete;3931.0;0.001902;4586.0;0.001216;3931.0;0.002759
1238;erdos;65986.0;0.002114;67380.0;0.000576;65986.0;0.006615
1238;regular;457536.0;0.002258;457536.0;0.00045;457536.0;0.006396
1238;watts;291591.0;0.001872;291591.0;0.000465;291591.0;0.008832
1239;barabasi;73252.0;0.001969;73252.0;0.000505;73252.0;0.006264
1239;complete;3657.0;0.001718;4278.0;0.001208;3657.0;0.00276
1239;erdos;112606.0;0.002131;114178.0;0.000555;112606.0;0.006771
1239;regular;11298894.0;0.001556;11298894.0;0.000317;11298894.0;0.062667
1239;watts;358027.0;0.001879;358027.0;0.000462;358027.0;0.008624
1241;barabasi;81671.0;0.001997;81671.0;0.000529;81671.0;0.006022
1241;complete;3790.0;0.001782;4641.0;0.001225;3790.0;0.002768
1241;erdos;68436.0;0.002126;69717.0;0.000555;68436.0;0.006829
1241;regular;12546773.0;0.001638;12546773.0;0.000337;12546773.0;0.075866
1241;watts;288530.0;0.001922;288530.0;0.000468;288530.0;0.007865
1243;barabasi;80513.0;0.002068;80513.0;0.000522;80513.0;0.005366
1243;complete;3677.0;0.001874;4271.0;0.001218;3677.0;0.002775
1243;erdos;69587.0;0.002125;70835.0;0.000573;69587.0;0.006855
1243;regular;6759454.0;0.001268;6759454.0;0.000253;6759454.0;0.045075
1243;watts;322309.0;0.001895;322309.0;0.000511;322309.0;0.008642
1245;barabasi;85763.0;0.002044;85763.0;0.000514;85763.0;0.004643
1245;complete;3955.0;0.001987;4728.0;0.001224;3955.0;0.002787
1245;erdos;63195.0;0.002139;65182.0;0.000566;63195.0;0.007514
1245;regular;19552561.0;0.001957;19552561.0;0.00043;19552561.0;0.114417
1245;watts;262778.0;0.001928;262778.0;0.000513;262778.0;0.007936
1247;erdos;126768.0;0.002197;128013.0;0.000578;126768.0;0.006703
1247;regular;9526300.0;0.001448;9526300.0;0.000369;9526300.0;0.056892
1247;watts;318677.0;0.001916;318677.0;0.000491;318677.0;0.008808
1247;barabasi;79061.0;0.002;79061.0;0.000518;79061.0;0.005351
1247;complete;3557.0;0.001792;4082.0;0.001225;3557.0;0.002796
1249;barabasi;82991.0;0.002008;82991.0;0.000544;82991.0;0.006134
1249;complete;3476.0;0.00181;4003.0;0.001243;3476.0;0.002812
1249;erdos;81549.0;0.002145;83038.0;0.000608;81549.0;0.006912
1249;regular;13631143.0;0.001887;13631143.0;0.00035;13631143.0;0.075982
1249;watts;343341.0;0.001977;343341.0;0.000509;343341.0;0.008618
1251;barabasi;86263.0;0.002028;86263.0;0.000521;86263.0;0.006823
1251;complete;3625.0;0.001821;4254.0;0.001262;3625.0;0.002808
1251;erdos;69990.0;0.002172;71401.0;0.000572;69990.0;0.007819
1251;regular;1316937.0;0.000456;1316937.0;0.000117;1316937.0;0.009509
1251;watts;251768.0;0.002066;251768.0;0.000478;251768.0;0.009231
1252;barabasi;93328.0;0.002165;93328.0;0.000527;93328.0;0.006854
1252;complete;3799.0;0.001863;4551.0;0.001247;3799.0;0.002819
1252;erdos;96450.0;0.002173;97687.0;0.000573;96450.0;0.007545
1252;regular;462772.0;0.002081;462772.0;0.000534;462772.0;0.00657
1252;watts;318074.0;0.001891;318074.0;0.000572;318074.0;0.008861
1254;erdos;69615.0;0.002198;71747.0;0.000714;69615.0;0.007573
1254;barabasi;70555.0;0.00203;70555.0;0.000519;70555.0;0.006347
1254;complete;3652.0;0.00176;4206.0;0.001237;3652.0;0.002826
1254;regular;511758.0;0.002239;511758.0;0.000461;511758.0;0.006968
1254;watts;343581.0;0.001953;343581.0;0.000485;343581.0;0.010476
1256;barabasi;81855.0;0.00228;81897.0;0.000523;81855.0;0.006888
1256;complete;3906.0;0.001973;4743.0;0.001244;3906.0;0.002842
1256;erdos;75147.0;0.002169;76525.0;0.000571;75147.0;0.006983
1256;regular;531749.0;0.002098;531749.0;0.000466;531749.0;0.006548
1256;watts;329585.0;0.001999;329585.0;0.000601;329585.0;0.00948
1258;barabasi;86331.0;0.002033;86331.0;0.000545;86331.0;0.005438
1258;complete;3866.0;0.001851;4439.0;0.001244;3866.0;0.002854
1258;erdos;69097.0;0.002188;70705.0;0.000584;69097.0;0.007704
1258;regular;290949.0;0.001988;290949.0;0.000441;290949.0;0.005201
1258;watts;280191.0;0.001994;280191.0;0.000505;280191.0;0.009632
1260;barabasi;96909.0;0.002056;96909.0;0.000536;96909.0;0.006351
1260;complete;3641.0;0.001795;4105.0;0.001267;3641.0;0.002859
1260;erdos;79015.0;0.002188;80053.0;0.000582;79015.0;0.007066
1260;regular;302844.0;0.002073;302844.0;0.000482;302844.0;0.005307
1260;watts;241746.0;0.001957;241746.0;0.000517;241746.0;0.010495
1262;regular;442606.0;0.002056;442606.0;0.000486;442606.0;0.006879
1262;watts;299572.0;0.001941;299572.0;0.000488;299572.0;0.008285
1262;erdos;65777.0;0.002205;67504.0;0.000587;65777.0;0.006401
1262;barabasi;101621.0;0.002055;101621.0;0.00053;101621.0;0.00547
1262;complete;3948.0;0.001899;4753.0;0.001267;3948.0;0.002866
1264;barabasi;78599.0;0.0021;78599.0;0.000526;78599.0;0.006226
1264;complete;3706.0;0.001805;4239.0;0.001272;3706.0;0.002878
1264;erdos;69858.0;0.002195;71438.0;0.000581;69858.0;0.007603
1264;regular;411424.0;0.002085;411424.0;0.000462;411424.0;0.00668
1264;watts;318921.0;0.002108;318921.0;0.000508;318921.0;0.010426
1266;barabasi;109889.0;0.002229;109889.0;0.000579;109889.0;0.006252
1266;complete;4000.0;0.001939;4767.0;0.001276;4000.0;0.002873
1266;erdos;82100.0;0.002237;83648.0;0.000571;82100.0;0.007797
1266;regular;488654.0;0.00207;488654.0;0.000492;488654.0;0.007846
1266;watts;277666.0;0.002142;277666.0;0.000492;277666.0;0.009093
1268;barabasi;79783.0;0.002252;79783.0;0.000546;79783.0;0.005527
1268;complete;3721.0;0.001947;4360.0;0.001273;3721.0;0.002891
1268;erdos;77930.0;0.002215;79808.0;0.000582;77930.0;0.007741
1268;regular;312100.0;0.001977;312100.0;0.000456;312100.0;0.006085
1268;watts;313719.0;0.00195;313719.0;0.000609;313719.0;0.008618
1269;barabasi;71844.0;0.002067;71844.0;0.000528;71844.0;0.00555
1269;complete;3625.0;0.001799;4137.0;0.00128;3625.0;0.002881
1269;erdos;72829.0;0.002227;74373.0;0.000594;72829.0;0.006509
1269;regular;19908150.0;0.002047;19908150.0;0.000441;19908150.0;0.128971
1269;watts;299700.0;0.001972;299700.0;0.000493;299700.0;0.00979
1271;barabasi;88526.0;0.002136;88526.0;0.000534;88526.0;0.007891
1271;complete;3920.0;0.002023;4568.0;0.001275;3920.0;0.002909
1271;erdos;82339.0;0.002243;84150.0;0.000587;82339.0;0.008291
1271;regular;10159108.0;0.001486;10159108.0;0.000324;10159108.0;0.06319
1271;watts;293184.0;0.00196;293184.0;0.000526;293184.0;0.010494
1273;barabasi;98376.0;0.002111;98376.0;0.000538;98376.0;0.005578
1273;complete;3853.0;0.00186;4489.0;0.001283;3853.0;0.002916
1273;erdos;104208.0;0.002244;105733.0;0.000585;104208.0;0.007956
1273;regular;20209973.0;0.00221;20209973.0;0.000476;20209973.0;0.121643
1273;watts;317532.0;0.002088;317532.0;0.000492;317532.0;0.009183
1275;barabasi;81688.0;0.002171;81688.0;0.000566;81688.0;0.006332
1275;complete;4037.0;0.00199;4917.0;0.001285;4037.0;0.002914
1275;erdos;104391.0;0.002255;105495.0;0.000579;104391.0;0.00694
1275;regular;20608055.0;0.002123;20608055.0;0.000427;20608055.0;0.127621
1275;watts;327436.0;0.002083;327436.0;0.000527;327436.0;0.009005
1277;erdos;80267.0;0.002304;81949.0;0.000579;80267.0;0.007908
1277;regular;19280436.0;0.002009;19280436.0;0.000442;19280436.0;0.10997
1277;watts;374413.0;0.00216;374413.0;0.000562;374413.0;0.009014
1277;barabasi;81085.0;0.002395;81085.0;0.000548;81085.0;0.004853
1277;complete;3759.0;0.001839;4385.0;0.001298;3759.0;0.002925
1279;barabasi;107485.0;0.002134;107485.0;0.000534;107485.0;0.005637
1279;complete;3840.0;0.002;4716.0;0.001317;3840.0;0.002939
1279;erdos;62138.0;0.002248;63814.0;0.000613;62138.0;0.008874
1279;regular;11406325.0;0.001631;11406325.0;0.000326;11406325.0;0.070028
1279;watts;288723.0;0.002031;288723.0;0.000513;288723.0;0.00906
1281;barabasi;91823.0;0.002151;91823.0;0.000558;91823.0;0.006413
1281;complete;3695.0;0.001865;4396.0;0.001303;3695.0;0.002947
1281;erdos;72383.0;0.002264;74012.0;0.000646;72383.0;0.008067
1281;regular;17797539.0;0.001976;17797539.0;0.000397;17797539.0;0.103176
1281;watts;382389.0;0.002014;382389.0;0.000545;382389.0;0.009764
1283;barabasi;74297.0;0.00213;74297.0;0.00054;74297.0;0.005669
1283;complete;3895.0;0.001903;4583.0;0.001307;3895.0;0.002955
1283;erdos;76271.0;0.002247;78083.0;0.000581;76271.0;0.00808
1283;regular;20955782.0;0.002074;20955782.0;0.000428;20955782.0;0.124668
1283;watts;333096.0;0.002027;333096.0;0.000494;333096.0;0.009961
1285;erdos;94724.0;0.002262;96006.0;0.000593;94724.0;0.00724
1285;barabasi;67962.0;0.002152;67968.0;0.00055;67962.0;0.006419
1285;complete;3814.0;0.00186;4391.0;0.001326;3814.0;0.002966
1285;regular;20657154.0;0.002343;20657154.0;0.000573;20657154.0;0.117352
1285;watts;304185.0;0.002017;304185.0;0.000544;304185.0;0.011459
1287;barabasi;74558.0;0.002125;74558.0;0.000544;74558.0;0.004946
1287;complete;3658.0;0.00187;4219.0;0.001307;3658.0;0.002972
1287;erdos;67154.0;0.002289;68738.0;0.000592;67154.0;0.008187
1287;regular;13890641.0;0.001738;13890641.0;0.000364;13890641.0;0.088444
1287;watts;270317.0;0.002051;270317.0;0.000517;270317.0;0.008854
1289;barabasi;82054.0;0.002171;82054.0;0.000561;82054.0;0.005714
1289;complete;3934.0;0.001929;4674.0;0.001327;3934.0;0.00299
1289;erdos;61487.0;0.002291;63230.0;0.000596;61487.0;0.008116
1289;regular;4695276.0;0.00102;4695276.0;0.000218;4695276.0;0.032747
1289;watts;298541.0;0.002019;298541.0;0.000498;298541.0;0.010049
1291;barabasi;81449.0;0.002145;81449.0;0.000543;81449.0;0.00652
1291;complete;3626.0;0.002012;4087.0;0.001312;3626.0;0.002994
1291;erdos;92608.0;0.002308;94122.0;0.000598;92608.0;0.007209
1291;regular;20781110.0;0.002121;20781110.0;0.000431;20781110.0;0.123997
1291;watts;299634.0;0.002057;299634.0;0.000595;299634.0;0.009367
1293;regular;21302243.0;0.002136;21302243.0;0.000442;21302243.0;0.123349
1293;watts;389006.0;0.002053;389006.0;0.000503;389006.0;0.010841
1293;erdos;79158.0;0.002304;81173.0;0.000643;79158.0;0.008142
1293;barabasi;90577.0;0.002163;90577.0;0.000546;90577.0;0.007274
1293;complete;3845.0;0.001992;4428.0;0.001322;3845.0;0.002998
1294;barabasi;89731.0;0.002147;89731.0;0.000551;89731.0;0.005741
1294;complete;4201.0;0.002113;5085.0;0.001327;4201.0;0.003772
1294;erdos;85829.0;0.002292;87307.0;0.000595;85829.0;0.008918
1294;regular;478605.0;0.002186;478605.0;0.00049;478605.0;0.007651
1294;watts;298507.0;0.002281;298507.0;0.000522;298507.0;0.009359
1296;barabasi;76386.0;0.002198;76386.0;0.000566;76386.0;0.00576
1296;complete;3787.0;0.001868;4402.0;0.001326;3787.0;0.003014
1296;erdos;81660.0;0.002338;83193.0;0.000602;81660.0;0.007441
1296;regular;279520.0;0.00237;279520.0;0.000459;279520.0;0.005848
1296;watts;295837.0;0.002221;295837.0;0.000643;295837.0;0.009424
1298;barabasi;82430.0;0.002296;82430.0;0.000554;82430.0;0.006567
1298;complete;3943.0;0.001967;4808.0;0.001334;3943.0;0.003024
1298;erdos;73684.0;0.002325;74752.0;0.000711;73684.0;0.008218
1298;regular;445710.0;0.002177;445710.0;0.000482;445710.0;0.00726
1298;watts;300144.0;0.002112;300144.0;0.000513;300144.0;0.010152
1300;barabasi;82479.0;0.002177;82479.0;0.000562;82479.0;0.005805
1300;complete;4161.0;0.002067;5008.0;0.001334;4161.0;0.003031
1300;erdos;88373.0;0.00235;90146.0;0.000599;88373.0;0.00654
1300;regular;469689.0;0.002229;469689.0;0.000497;469689.0;0.009101
1300;watts;291639.0;0.002264;291639.0;0.000507;291639.0;0.01088
1302;barabasi;83643.0;0.002193;83643.0;0.00055;83643.0;0.005049
1302;complete;3975.0;0.001999;4641.0;0.001335;3975.0;0.003049
1302;erdos;96632.0;0.002374;98140.0;0.000607;96632.0;0.007734
1302;regular;473044.0;0.002224;473044.0;0.000499;473044.0;0.006863
1302;watts;310082.0;0.002061;310082.0;0.000527;310082.0;0.009457
1304;barabasi;86777.0;0.002179;86777.0;0.000581;86777.0;0.005836
1304;complete;3706.0;0.001916;4234.0;0.00133;3706.0;0.003056
1304;erdos;103313.0;0.002341;104804.0;0.000638;103313.0;0.007493
1304;regular;447829.0;0.002183;447829.0;0.000498;447829.0;0.006799
1304;watts;344094.0;0.00218;344094.0;0.000508;344094.0;0.011004
1306;barabasi;78593.0;0.002205;78593.0;0.000558;78593.0;0.005075
1306;complete;3760.0;0.00197;4232.0;0.001354;3760.0;0.003067
1306;erdos;109274.0;0.002531;111093.0;0.000619;109274.0;0.008406
1306;regular;537285.0;0.002408;537285.0;0.000553;537285.0;0.007147
1306;watts;350332.0;0.002114;350332.0;0.000514;350332.0;0.011143
1308;erdos;95800.0;0.002358;97307.0;0.000696;95800.0;0.007748
1308;regular;469724.0;0.002224;469724.0;0.000495;469724.0;0.006694
1308;watts;331472.0;0.00214;331472.0;0.000513;331472.0;0.011265
1308;barabasi;81488.0;0.002202;81488.0;0.000556;81488.0;0.006074
1308;complete;3993.0;0.002003;4698.0;0.001351;3993.0;0.003073
1310;barabasi;85710.0;0.002199;85710.0;0.000557;85710.0;0.006703
1310;complete;4318.0;0.002195;5318.0;0.001367;4318.0;0.003091
1310;erdos;87573.0;0.002361;89381.0;0.000633;87573.0;0.00882
1310;regular;461055.0;0.002227;461055.0;0.000525;461055.0;0.007154
1310;watts;298262.0;0.002273;298262.0;0.000517;298262.0;0.011816
1312;barabasi;91219.0;0.002203;91219.0;0.000565;91219.0;0.006703
1312;complete;3930.0;0.001909;4569.0;0.001359;3930.0;0.003102
1312;erdos;69814.0;0.002382;71282.0;0.000618;69814.0;0.007554
1312;regular;300017.0;0.002059;300017.0;0.000474;300017.0;0.005932
1312;watts;311553.0;0.002246;311553.0;0.000532;311553.0;0.009594
1314;barabasi;83996.0;0.002442;83996.0;0.000584;83996.0;0.006718
1314;complete;3806.0;0.0021;4500.0;0.001365;3806.0;0.003102
1314;erdos;64989.0;0.002402;67235.0;0.00061;64989.0;0.007759
1314;regular;333448.0;0.002146;333448.0;0.000469;333448.0;0.005648
1314;watts;368355.0;0.002118;368355.0;0.000513;368355.0;0.010321
1316;erdos;71412.0;0.002374;72991.0;0.000624;71412.0;0.007848
1316;barabasi;91226.0;0.00243;91341.0;0.000567;91226.0;0.006134
1316;complete;3821.0;0.001937;4481.0;0.001364;3821.0;0.00311
1316;regular;514342.0;0.002227;514342.0;0.000497;514342.0;0.006999
1316;watts;299195.0;0.002393;299195.0;0.000531;299195.0;0.011227
1318;barabasi;82401.0;0.002223;82401.0;0.000568;82401.0;0.008367
1318;complete;3828.0;0.00196;4396.0;0.001373;3828.0;0.003116
1318;erdos;75284.0;0.002395;77035.0;0.000628;75284.0;0.010779
1318;regular;444266.0;0.002251;444266.0;0.000537;444266.0;0.006243
1318;watts;316493.0;0.002125;316493.0;0.000524;316493.0;0.010545
1320;barabasi;100857.0;0.002243;100857.0;0.000571;100857.0;0.006877
1320;complete;3883.0;0.001992;4546.0;0.001365;3883.0;0.003131
1320;erdos;66387.0;0.002503;68764.0;0.000632;66387.0;0.008623
1320;regular;321413.0;0.002267;321413.0;0.000511;321413.0;0.008707
1320;watts;348552.0;0.002168;348552.0;0.000597;348552.0;0.00972
1322;barabasi;87052.0;0.002419;87052.0;0.00057;87052.0;0.006788
1322;complete;3948.0;0.002033;4551.0;0.001383;3948.0;0.003136
1322;erdos;83822.0;0.002419;85721.0;0.000617;83822.0;0.007737
1322;regular;516197.0;0.002304;516197.0;0.000542;516197.0;0.007354
1322;watts;297424.0;0.002126;297424.0;0.000516;297424.0;0.011889
1324;regular;451793.0;0.00226;451793.0;0.000532;451793.0;0.008061
1324;watts;287442.0;0.002137;287442.0;0.000534;287442.0;0.009731
1324;erdos;81683.0;0.002523;83414.0;0.000634;81683.0;0.007779
1324;barabasi;99308.0;0.002303;99308.0;0.000596;99308.0;0.006815
1324;complete;4046.0;0.002082;4803.0;0.001388;4046.0;0.003142
1326;barabasi;82842.0;0.002246;82842.0;0.000614;82842.0;0.006027
1326;complete;3855.0;0.001962;4321.0;0.001378;3855.0;0.003146
1326;erdos;66650.0;0.002422;68502.0;0.000648;66650.0;0.008607
1326;regular;320196.0;0.002162;320196.0;0.000483;320196.0;0.006813
1326;watts;272005.0;0.002311;272005.0;0.000531;272005.0;0.009777
1328;barabasi;81915.0;0.002355;81915.0;0.000575;81915.0;0.006084
1328;complete;3909.0;0.001942;4595.0;0.001378;3909.0;0.003166
1328;erdos;91029.0;0.002444;92801.0;0.000625;91029.0;0.0093
1328;regular;504117.0;0.002287;504117.0;0.000506;504117.0;0.007498
1328;watts;368694.0;0.002184;368694.0;0.000555;368694.0;0.009606
1330;barabasi;78919.0;0.002276;78919.0;0.000574;78919.0;0.006152
1330;complete;3779.0;0.002013;4258.0;0.001391;3779.0;0.003176
1330;erdos;72567.0;0.002673;74525.0;0.000622;72567.0;0.007814
1330;regular;543864.0;0.002503;543864.0;0.00058;543864.0;0.007241
1330;watts;319140.0;0.00224;319140.0;0.000526;319140.0;0.00966
1332;barabasi;103269.0;0.002302;103269.0;0.000577;103269.0;0.008553
1332;complete;4060.0;0.002073;4713.0;0.001393;4060.0;0.003183
1332;erdos;79871.0;0.002449;81841.0;0.000655;79871.0;0.007205
1332;regular;544634.0;0.002273;544634.0;0.000509;544634.0;0.007314
1332;watts;302387.0;0.002153;302387.0;0.00055;302387.0;0.009282
1334;barabasi;74066.0;0.002304;74066.0;0.000574;74066.0;0.006956
1334;complete;4696.0;0.002326;5540.0;0.001407;4696.0;0.003203
1334;erdos;102139.0;0.002447;103669.0;0.000626;102139.0;0.00792
1334;regular;475902.0;0.002319;475902.0;0.000513;475902.0;0.007469
1334;watts;337912.0;0.00215;337912.0;0.000526;337912.0;0.011513
1336;barabasi;79855.0;0.002296;79855.0;0.000582;79855.0;0.006138
1336;complete;3942.0;0.001997;4716.0;0.001413;3942.0;0.00322
1336;erdos;68077.0;0.002472;70211.0;0.000678;68077.0;0.007919
1336;regular;491150.0;0.002294;491150.0;0.000516;491150.0;0.007225
1336;watts;320753.0;0.002248;320753.0;0.000563;320753.0;0.009207
1338;barabasi;88805.0;0.002314;88805.0;0.000577;88805.0;0.005323
1338;complete;3771.0;0.002216;4335.0;0.00141;3771.0;0.00321
1338;erdos;81149.0;0.002458;82889.0;0.000655;81149.0;0.007054
1338;regular;453492.0;0.002293;453492.0;0.000518;453492.0;0.008486
1338;watts;380372.0;0.002213;380372.0;0.000533;380372.0;0.009959
1340;erdos;62388.0;0.002473;64340.0;0.00063;62388.0;0.009751
1340;regular;363990.0;0.002208;363990.0;0.000497;363990.0;0.005997
1340;watts;360379.0;0.002221;360379.0;0.000597;360379.0;0.01167
1340;barabasi;97330.0;0.00229;97330.0;0.000582;97330.0;0.00615
1340;complete;4119.0;0.002094;5028.0;0.001407;4119.0;0.003241
1342;barabasi;87705.0;0.002317;87705.0;0.000583;87705.0;0.006177
1342;complete;3998.0;0.002142;4836.0;0.001419;3998.0;0.003251
1342;erdos;72834.0;0.002468;74794.0;0.000637;72834.0;0.008798
1342;regular;519257.0;0.002355;519257.0;0.000517;519257.0;0.00859
1342;watts;278461.0;0.002182;278461.0;0.000536;278461.0;0.010724
1344;barabasi;82943.0;0.002341;82943.0;0.000587;82943.0;0.007051
1344;complete;4021.0;0.002082;4718.0;0.00142;4021.0;0.003242
1344;erdos;79694.0;0.002709;81263.0;0.000652;79694.0;0.007958
1344;regular;388606.0;0.002443;388606.0;0.000568;388606.0;0.006632
1344;watts;335056.0;0.002172;335056.0;0.000536;335056.0;0.011967
1346;barabasi;94078.0;0.002333;94078.0;0.000623;94078.0;0.007041
1346;complete;3901.0;0.002156;4626.0;0.001424;3901.0;0.003261
1346;erdos;80798.0;0.002514;82468.0;0.000657;80798.0;0.008797
1346;regular;313826.0;0.002239;313826.0;0.000494;313826.0;0.006756
1346;watts;353711.0;0.002235;353711.0;0.00059;353711.0;0.012397
1348;erdos;80013.0;0.002491;81681.0;0.000646;80013.0;0.00801
1348;barabasi;99086.0;0.00236;99086.0;0.00059;99086.0;0.007059
1348;complete;3927.0;0.002034;4531.0;0.001423;3927.0;0.003281
1348;regular;541158.0;0.002336;541158.0;0.000518;541158.0;0.006508
1348;watts;274841.0;0.002414;274841.0;0.000572;274841.0;0.011697
1350;barabasi;85128.0;0.002539;85128.0;0.000593;85128.0;0.007923
1350;complete;4132.0;0.002213;4784.0;0.001427;4132.0;0.00328
1350;erdos;83125.0;0.002517;84591.0;0.000642;83125.0;0.008021
1350;regular;520273.0;0.002424;520273.0;0.000531;520273.0;0.008282
1350;watts;283566.0;0.002467;283566.0;0.000549;283566.0;0.010086
1352;barabasi;94322.0;0.002382;94322.0;0.000619;94322.0;0.006265
1352;complete;4098.0;0.002113;5147.0;0.001438;4098.0;0.003294
1352;erdos;84175.0;0.002536;86073.0;0.000649;84175.0;0.008954
1352;regular;492428.0;0.002362;492428.0;0.000538;492428.0;0.006936
1352;watts;286222.0;0.002234;286222.0;0.000559;286222.0;0.010184
1354;barabasi;93223.0;0.002368;93223.0;0.000591;93223.0;0.007137
1354;complete;4246.0;0.002186;5027.0;0.001433;4246.0;0.003293
1354;erdos;73602.0;0.002567;75379.0;0.000663;73602.0;0.009871
1354;regular;538548.0;0.00235;538548.0;0.000527;538548.0;0.009251
1354;watts;352495.0;0.002448;352495.0;0.000554;352495.0;0.011014
1356;regular;525652.0;0.002389;525652.0;0.000529;525652.0;0.00838
1356;watts;324677.0;0.002486;324677.0;0.000556;324677.0;0.012654
1356;erdos;76646.0;0.002512;78581.0;0.000642;76646.0;0.009912
1356;barabasi;89549.0;0.002381;89549.0;0.000604;89549.0;0.008147
1356;complete;4161.0;0.002097;4969.0;0.001446;4161.0;0.003309
1358;barabasi;76074.0;0.002385;76074.0;0.000594;76074.0;0.006337
1358;complete;3822.0;0.002213;4359.0;0.001452;3822.0;0.003316
1358;erdos;76059.0;0.002555;77869.0;0.000696;76059.0;0.007071
1358;regular;546952.0;0.002413;546952.0;0.000579;546952.0;0.009156
1358;watts;328730.0;0.002244;328730.0;0.000579;328730.0;0.012617
1360;barabasi;79770.0;0.002466;79770.0;0.000598;79770.0;0.007185
1360;complete;4055.0;0.002054;4815.0;0.001454;4055.0;0.003329
1360;erdos;82758.0;0.002549;84556.0;0.00066;82758.0;0.008903
1360;regular;514546.0;0.002398;514546.0;0.000531;514546.0;0.00779
1360;watts;291083.0;0.002314;291083.0;0.000551;291083.0;0.010338
1362;barabasi;82436.0;0.002404;82436.0;0.000608;82436.0;0.009303
1362;complete;3876.0;0.00227;4499.0;0.001462;3876.0;0.003341
1362;erdos;76925.0;0.002554;78555.0;0.000675;76925.0;0.009132
1362;regular;575828.0;0.002394;575828.0;0.000532;575828.0;0.006856
1362;watts;343306.0;0.002298;343306.0;0.000571;343306.0;0.011129
1364;barabasi;92589.0;0.002423;92589.0;0.000649;92589.0;0.00551
1364;complete;3932.0;0.002083;4551.0;0.001445;3932.0;0.003337
1364;erdos;103589.0;0.002571;105154.0;0.000661;103589.0;0.007133
1364;regular;574486.0;0.002377;574486.0;0.000533;574486.0;0.007991
1364;watts;307490.0;0.002314;307490.0;0.000559;307490.0;0.011949
1366;barabasi;95794.0;0.002429;95794.0;0.000613;95794.0;0.006398
1366;complete;4054.0;0.002064;4628.0;0.001462;4054.0;0.003344
1366;erdos;85617.0;0.002575;87456.0;0.000674;85617.0;0.008336
1366;regular;626352.0;0.002662;626352.0;0.00059;626352.0;0.006552
1366;watts;338078.0;0.00247;338078.0;0.000565;338078.0;0.00979
1368;barabasi;83867.0;0.002413;83867.0;0.000609;83867.0;0.007261
1368;complete;3906.0;0.002153;4591.0;0.001454;3906.0;0.003364
1368;erdos;91439.0;0.00257;93233.0;0.000663;91439.0;0.009133
1368;regular;492685.0;0.002414;492685.0;0.000566;492685.0;0.007953
1368;watts;362501.0;0.0023;362501.0;0.000569;362501.0;0.010391
1370;barabasi;75960.0;0.00242;75960.0;0.000631;75960.0;0.005952
1370;complete;4033.0;0.002239;4759.0;0.001467;4033.0;0.003362
1370;erdos;72665.0;0.002576;74262.0;0.000666;72665.0;0.008374
1370;regular;374452.0;0.002322;374452.0;0.000514;374452.0;0.008468
1370;watts;264552.0;0.002287;264552.0;0.000554;264552.0;0.010415
1372;erdos;62548.0;0.002594;64599.0;0.000669;62548.0;0.008173
1372;regular;556281.0;0.002426;556281.0;0.000561;556281.0;0.007081
1372;watts;319150.0;0.00232;319150.0;0.000566;319150.0;0.008829
1372;barabasi;83103.0;0.002424;83103.0;0.000606;83103.0;0.008168
1372;complete;3997.0;0.002087;4620.0;0.001492;3997.0;0.003369
1374;barabasi;85015.0;0.002396;85015.0;0.000613;85015.0;0.006819
1374;complete;4227.0;0.002224;5116.0;0.001477;4227.0;0.003423
1374;erdos;61905.0;0.002575;64247.0;0.000664;61905.0;0.007532
1374;regular;545156.0;0.002511;545156.0;0.000545;545156.0;0.007104
1374;watts;329229.0;0.00232;329229.0;0.000589;329229.0;0.010318
1377;barabasi;81323.0;0.002459;81323.0;0.000614;81323.0;0.006494
1377;complete;4021.0;0.002093;4729.0;0.001475;4021.0;0.003459
1377;erdos;73324.0;0.00262;75115.0;0.000695;73324.0;0.009409
1377;regular;20331450.0;0.002268;20331450.0;0.000457;20331450.0;0.13899
1377;watts;302124.0;0.002301;302124.0;0.000567;302124.0;0.010165
1379;barabasi;84208.0;0.002456;84208.0;0.00063;84208.0;0.006758
1379;complete;4055.0;0.002138;4722.0;0.001487;4055.0;0.003407
1379;erdos;70446.0;0.002616;72239.0;0.000669;70446.0;0.009306
1379;regular;22613932.0;0.002377;22613932.0;0.000482;22613932.0;0.150037
1379;watts;306254.0;0.002315;306254.0;0.000567;306254.0;0.01392
1381;erdos;68938.0;0.002631;70895.0;0.000689;68938.0;0.008565
1381;barabasi;86928.0;0.002471;86928.0;0.000617;86928.0;0.007559
1381;complete;3959.0;0.002298;4645.0;0.001481;3959.0;0.003414
1381;regular;146318.0;0.000165;146318.0;4.5e-05;146318.0;0.002315
1381;watts;265691.0;0.002331;265691.0;0.000561;265691.0;0.009951
1383;barabasi;95793.0;0.002464;95793.0;0.000622;95793.0;0.005683
1383;complete;4051.0;0.002199;4585.0;0.001498;4051.0;0.003445
1383;erdos;80180.0;0.002634;81955.0;0.000866;80180.0;0.008755
1383;regular;2930896.0;0.000769;2930896.0;0.000174;2930896.0;0.018841
1383;watts;403712.0;0.002308;403712.0;0.000593;403712.0;0.010972
1385;barabasi;87341.0;0.002565;87341.0;0.000648;87341.0;0.007631
1385;complete;4057.0;0.002143;4820.0;0.001515;4057.0;0.003452
1385;erdos;61852.0;0.002648;63438.0;0.000687;61852.0;0.010442
1385;regular;12254775.0;0.00179;12254775.0;0.000413;12254775.0;0.079982
1385;watts;385642.0;0.002337;385642.0;0.000597;385642.0;0.010736
1387;barabasi;79776.0;0.002501;79776.0;0.000634;79776.0;0.005727
1387;complete;4319.0;0.002414;5136.0;0.001506;4319.0;0.003449
1387;erdos;101732.0;0.002652;103474.0;0.000705;101732.0;0.009277
1387;regular;12030615.0;0.001757;12030615.0;0.000377;12030615.0;0.081043
1387;watts;345255.0;0.002387;345255.0;0.000575;345255.0;0.010702
1389;regular;21942609.0;0.002337;21942609.0;0.000513;21942609.0;0.142154
1389;watts;412001.0;0.002346;412001.0;0.000576;412001.0;0.012521
1389;erdos;67688.0;0.002681;69853.0;0.000687;67688.0;0.008699
1389;barabasi;90373.0;0.002496;90373.0;0.000632;90373.0;0.007761
1389;complete;3984.0;0.002307;4896.0;0.001509;3984.0;0.003459
1391;barabasi;90494.0;0.002488;90494.0;0.000621;90494.0;0.007666
1391;complete;4026.0;0.002181;4619.0;0.001496;4026.0;0.003469
1391;erdos;79316.0;0.002662;81815.0;0.000668;79316.0;0.008524
1391;regular;15296952.0;0.002065;15296952.0;0.000418;15296952.0;0.105106
1391;watts;357049.0;0.002372;357049.0;0.000589;357049.0;0.01165
1393;barabasi;89058.0;0.002476;89058.0;0.000638;89058.0;0.006654
1393;complete;4128.0;0.002185;4848.0;0.001513;4128.0;0.003491
1393;erdos;69866.0;0.002653;71599.0;0.000717;69866.0;0.011438
1393;regular;15692352.0;0.002001;15692352.0;0.000426;15692352.0;0.10121
1393;watts;325561.0;0.002369;325561.0;0.000571;325561.0;0.010172
1395;barabasi;83905.0;0.002539;83905.0;0.000627;83905.0;0.005776
1395;complete;3967.0;0.002197;4727.0;0.001535;3967.0;0.003622
1395;erdos;62394.0;0.00268;64374.0;0.000694;62394.0;0.010363
1395;regular;18008482.0;0.002174;18008482.0;0.000442;18008482.0;0.126781
1395;watts;344812.0;0.002388;344812.0;0.000576;344812.0;0.011902
1397;barabasi;92018.0;0.002502;92018.0;0.000625;92018.0;0.006757
1397;complete;4155.0;0.002161;4969.0;0.001541;4155.0;0.003501
1397;erdos;83159.0;0.002679;85181.0;0.000694;83159.0;0.01045
1397;regular;8082972.0;0.00143;8082972.0;0.000294;8082972.0;0.056379
1397;watts;355136.0;0.002391;355136.0;0.000601;355136.0;0.010892
1399;barabasi;82165.0;0.002506;82165.0;0.000633;82165.0;0.006858
1399;complete;4287.0;0.002252;5050.0;0.001538;4287.0;0.003527
1399;erdos;80172.0;0.002715;81928.0;0.000711;80172.0;0.010726
1399;regular;18161722.0;0.002447;18161722.0;0.000449;18161722.0;0.120678
1399;watts;318913.0;0.00241;318913.0;0.000583;318913.0;0.009074
1402;barabasi;82477.0;0.00252;82477.0;0.000637;82477.0;0.006771
1402;complete;4223.0;0.002278;5000.0;0.001538;4223.0;0.003524
1402;erdos;86146.0;0.002699;88341.0;0.000695;86146.0;0.010688
1402;regular;346509.0;0.002405;346509.0;0.000542;346509.0;0.007101
1402;watts;383912.0;0.002401;383912.0;0.000591;383912.0;0.01196
1404;barabasi;95013.0;0.00254;95013.0;0.000634;95013.0;0.006766
1404;complete;4155.0;0.002328;4871.0;0.001555;4155.0;0.003526
1404;erdos;76227.0;0.002721;78362.0;0.000692;76227.0;0.009873
1404;regular;525401.0;0.002547;525401.0;0.00056;525401.0;0.008452
1404;watts;392543.0;0.002403;392543.0;0.000585;392543.0;0.012934
1406;erdos;80111.0;0.002729;83013.0;0.000697;80111.0;0.00884
1406;regular;557449.0;0.002533;557449.0;0.000583;557449.0;0.008472
1406;watts;342569.0;0.002402;342569.0;0.000601;342569.0;0.010732
1406;barabasi;96434.0;0.002542;96434.0;0.000767;96434.0;0.007769
1406;complete;4075.0;0.002346;4768.0;0.001543;4075.0;0.003546
1408;barabasi;79317.0;0.00281;79317.0;0.000651;79317.0;0.006823
1408;complete;4056.0;0.002209;4630.0;0.001542;4056.0;0.003548
1408;erdos;113999.0;0.002727;115749.0;0.000718;113999.0;0.00968
1408;regular;543566.0;0.002557;543566.0;0.000585;543566.0;0.008827
1408;watts;350831.0;0.002486;350831.0;0.000599;350831.0;0.018286
1410;barabasi;77259.0;0.002595;77259.0;0.000672;77259.0;0.006813
1410;complete;4260.0;0.002315;4913.0;0.001563;4260.0;0.003582
1410;erdos;89734.0;0.002719;91621.0;0.000698;89734.0;0.010663
1410;regular;333507.0;0.00243;333507.0;0.00055;333507.0;0.009805
1410;watts;389416.0;0.002502;389416.0;0.000593;389416.0;0.012459
1412;barabasi;94470.0;0.002587;94470.0;0.000645;94470.0;0.007922
1412;complete;4012.0;0.002276;4560.0;0.001564;4012.0;0.003574
1412;erdos;74336.0;0.002735;76040.0;0.000701;74336.0;0.008866
1412;regular;521088.0;0.00255;521088.0;0.000563;521088.0;0.009765
1412;watts;363671.0;0.00241;363671.0;0.00059;363671.0;0.010025
1414;erdos;87165.0;0.002773;89176.0;0.000732;87165.0;0.009103
1414;barabasi;83195.0;0.002805;83195.0;0.00064;83195.0;0.005923
1414;complete;4000.0;0.002274;4600.0;0.001559;4000.0;0.003593
1414;regular;542721.0;0.002583;542721.0;0.000572;542721.0;0.007514
1414;watts;308376.0;0.002555;308376.0;0.000594;308376.0;0.010406
1416;barabasi;108727.0;0.002592;108727.0;0.000643;108727.0;0.008001
1416;complete;4140.0;0.002243;4897.0;0.001571;4140.0;0.003591
1416;erdos;87122.0;0.002741;89073.0;0.000743;87122.0;0.00985
1416;regular;337215.0;0.002462;337215.0;0.000547;337215.0;0.007944
1416;watts;362595.0;0.002463;362595.0;0.000585;362595.0;0.013019
1418;barabasi;105461.0;0.002597;105461.0;0.000668;105461.0;0.007071
1418;complete;4320.0;0.00247;5081.0;0.001566;4320.0;0.003608
1418;erdos;67999.0;0.002751;70239.0;0.000704;67999.0;0.008819
1418;regular;471703.0;0.00258;471703.0;0.000586;471703.0;0.010489
1418;watts;343880.0;0.002433;343880.0;0.00059;343880.0;0.011945
1421;barabasi;97592.0;0.002626;97592.0;0.000676;97592.0;0.007156
1421;complete;4372.0;0.002354;5166.0;0.001568;4372.0;0.003636
1421;erdos;91976.0;0.002833;94370.0;0.000705;91976.0;0.009625
1421;regular;25782265.0;0.002541;25782265.0;0.000524;25782265.0;0.16542
1421;watts;318382.0;0.002507;318382.0;0.000604;318382.0;0.010042
1423;regular;7783980.0;0.001444;7783980.0;0.000318;7783980.0;0.056597
1423;watts;292288.0;0.002496;292288.0;0.000605;292288.0;0.016333
1423;erdos;64664.0;0.002763;66669.0;0.000714;64664.0;0.010953
1423;barabasi;119953.0;0.00261;119953.0;0.000643;119953.0;0.008762
1423;complete;4413.0;0.002404;5035.0;0.001577;4413.0;0.003637
1425;barabasi;77637.0;0.002596;77637.0;0.000657;77637.0;0.006965
1425;complete;4363.0;0.002351;5215.0;0.001591;4363.0;0.003643
1425;erdos;81105.0;0.002784;83564.0;0.000719;81105.0;0.011274
1425;regular;15201779.0;0.002108;15201779.0;0.000475;15201779.0;0.099035
1425;watts;366429.0;0.002478;366429.0;0.000646;366429.0;0.011417
1427;barabasi;90107.0;0.002646;90107.0;0.00065;90107.0;0.007129
1427;complete;4121.0;0.002391;4808.0;0.001582;4121.0;0.003654
1427;erdos;84152.0;0.002786;85865.0;0.000715;84152.0;0.010017
1427;regular;15786860.0;0.002099;15786860.0;0.000445;15786860.0;0.108397
1427;watts;345008.0;0.002497;345008.0;0.000599;345008.0;0.012994
1429;barabasi;92556.0;0.002643;92556.0;0.000664;92556.0;0.007245
1429;complete;4518.0;0.002623;5348.0;0.001595;4518.0;0.003662
1429;erdos;71939.0;0.002858;74446.0;0.000779;71939.0;0.010082
1429;regular;2581028.0;0.000729;2581028.0;0.000173;2581028.0;0.018804
1429;watts;379749.0;0.00253;379749.0;0.000637;379749.0;0.010601
1431;barabasi;92113.0;0.002613;92113.0;0.000658;92113.0;0.007128
1431;complete;4368.0;0.002456;5003.0;0.001586;4368.0;0.003682
1431;erdos;93806.0;0.002829;95763.0;0.000737;93806.0;0.009269
1431;regular;25549034.0;0.002599;25549034.0;0.000521;25549034.0;0.168736
1431;watts;398844.0;0.002505;398844.0;0.000645;398844.0;0.011605
1433;barabasi;95788.0;0.002648;95788.0;0.000652;95788.0;0.007247
1433;complete;4108.0;0.002299;4667.0;0.001603;4108.0;0.003692
1433;erdos;73119.0;0.002898;75236.0;0.000795;73119.0;0.009145
1433;regular;25222704.0;0.002577;25222704.0;0.000525;25222704.0;0.171704
1433;watts;327824.0;0.002517;327824.0;0.000609;327824.0;0.012566
1436;barabasi;95555.0;0.002755;95555.0;0.000803;95555.0;0.00799
1436;complete;4262.0;0.002296;4974.0;0.001611;4262.0;0.003707
1436;erdos;69978.0;0.003079;71748.0;0.000775;69978.0;0.010263
1436;regular;575927.0;0.002735;575927.0;0.000589;575927.0;0.01012
1436;watts;299922.0;0.002534;299922.0;0.000605;299922.0;0.01536
1438;barabasi;86115.0;0.002892;86115.0;0.000661;86115.0;0.007058
1438;complete;4216.0;0.002383;4761.0;0.001603;4216.0;0.003706
1438;erdos;72744.0;0.00296;74805.0;0.00073;72744.0;0.008908
1438;regular;575019.0;0.002791;575019.0;0.000603;575019.0;0.00782
1438;watts;315980.0;0.002669;315980.0;0.000615;315980.0;0.014207
1440;regular;561852.0;0.002656;561852.0;0.000609;561852.0;0.010276
1440;watts;309618.0;0.002539;309618.0;0.000607;309618.0;0.01339
1440;barabasi;101572.0;0.002645;101572.0;0.000654;101572.0;0.007078
1440;complete;4248.0;0.002324;4837.0;0.001611;4248.0;0.003714
1440;erdos;73338.0;0.002898;75529.0;0.000717;73338.0;0.009253
1442;barabasi;88658.0;0.002653;88696.0;0.000671;88658.0;0.009009
1442;complete;4092.0;0.002517;4637.0;0.001636;4092.0;0.003733
1442;erdos;70247.0;0.002901;72226.0;0.000757;70247.0;0.009924
1442;regular;498793.0;0.002585;498793.0;0.000619;498793.0;0.008167
1442;watts;316284.0;0.002532;316284.0;0.000619;316284.0;0.012314
1444;barabasi;83323.0;0.002678;83323.0;0.000663;83323.0;0.007123
1444;complete;4079.0;0.00252;4716.0;0.001621;4079.0;0.003739
1444;erdos;98238.0;0.002895;100158.0;0.000766;98238.0;0.009252
1444;regular;561545.0;0.002668;561545.0;0.000622;561545.0;0.009973
1444;watts;341821.0;0.00257;341821.0;0.000621;341821.0;0.011716
1446;barabasi;100962.0;0.00268;100962.0;0.000668;100962.0;0.007412
1446;complete;4100.0;0.00237;4567.0;0.001611;4100.0;0.003755
1446;erdos;101448.0;0.002874;103184.0;0.000719;101448.0;0.010333
1446;regular;575544.0;0.002687;575544.0;0.000596;575544.0;0.008356
1446;watts;392164.0;0.002576;392164.0;0.000614;392164.0;0.011734
1448;barabasi;99162.0;0.002708;99162.0;0.000716;99162.0;0.009274
1448;complete;4605.0;0.0025;5412.0;0.001627;4605.0;0.003761
1448;erdos;80421.0;0.002888;82528.0;0.00079;80421.0;0.010429
1448;regular;592145.0;0.002717;592145.0;0.000602;592145.0;0.008801
1448;watts;333744.0;0.002624;333744.0;0.000625;333744.0;0.011678
1451;barabasi;86959.0;0.00271;86959.0;0.000672;86959.0;0.00828
1451;complete;4220.0;0.002315;4905.0;0.001638;4220.0;0.003778
1451;erdos;81902.0;0.002872;84497.0;0.000736;81902.0;0.008305
1451;regular;23879858.0;0.00255;23879858.0;0.000535;23879858.0;0.164543
1451;watts;350026.0;0.002545;350026.0;0.00069;350026.0;0.011742
1453;barabasi;125656.0;0.002711;125656.0;0.000706;125656.0;0.007206
1453;complete;4307.0;0.002384;5010.0;0.001637;4307.0;0.003782
1453;erdos;91201.0;0.002917;93111.0;0.000748;91201.0;0.01165
1453;regular;10728349.0;0.001739;10728349.0;0.000356;10728349.0;0.071799
1453;watts;472627.0;0.002582;472627.0;0.000628;472627.0;0.012486
1455;barabasi;114531.0;0.002865;114531.0;0.000894;114531.0;0.008194
1455;complete;4621.0;0.002625;5323.0;0.001637;4621.0;0.003797
1455;erdos;87528.0;0.00305;89570.0;0.000761;87528.0;0.010347
1455;regular;25536581.0;0.002599;25536581.0;0.000538;25536581.0;0.169676
1455;watts;415837.0;0.002589;415837.0;0.000628;415837.0;0.011829
1457;regular;12799676.0;0.00189;12799676.0;0.000388;12799676.0;0.082526
1457;watts;344634.0;0.002599;344634.0;0.00063;344634.0;0.013011
1457;erdos;81113.0;0.002907;83882.0;0.00074;81113.0;0.008335
1457;barabasi;75915.0;0.002712;75915.0;0.000667;75915.0;0.00724
1457;complete;4222.0;0.002352;4874.0;0.001666;4222.0;0.003795
1459;barabasi;86909.0;0.002702;86909.0;0.000673;86909.0;0.008239
1459;complete;4257.0;0.002389;4865.0;0.001661;4257.0;0.003928
1459;erdos;102098.0;0.002914;103681.0;0.000762;102098.0;0.010463
1459;regular;9952819.0;0.001652;9952819.0;0.000333;9952819.0;0.064743
1459;watts;365835.0;0.002789;365835.0;0.000793;365835.0;0.014001
1462;barabasi;86029.0;0.002762;86029.0;0.00069;86029.0;0.007684
1462;complete;4607.0;0.002582;5595.0;0.001677;4607.0;0.00383
1462;erdos;84482.0;0.002929;86445.0;0.000748;84482.0;0.009422
1462;regular;598314.0;0.003029;598314.0;0.000632;598314.0;0.009705
1462;watts;354115.0;0.002714;354115.0;0.000672;354115.0;0.014108
1464;barabasi;85993.0;0.00304;85993.0;0.000692;85993.0;0.00732
1464;complete;4375.0;0.002581;5063.0;0.001665;4375.0;0.003836
1464;erdos;74331.0;0.002972;76485.0;0.000755;74331.0;0.009601
1464;regular;401136.0;0.00263;401136.0;0.000619;401136.0;0.010697
1464;watts;298957.0;0.002683;298957.0;0.000667;298957.0;0.01257
1466;barabasi;84559.0;0.002883;84559.0;0.000695;84559.0;0.007332
1466;complete;4191.0;0.00243;4855.0;0.001673;4191.0;0.003849
1466;erdos;72607.0;0.002953;75043.0;0.000752;72607.0;0.010771
1466;regular;537623.0;0.002788;537623.0;0.000617;537623.0;0.011068
1466;watts;475820.0;0.002623;475820.0;0.000671;475820.0;0.01404
1468;barabasi;100398.0;0.00278;100398.0;0.000748;100398.0;0.008356
1468;complete;4096.0;0.002589;4598.0;0.001674;4096.0;0.003855
1468;erdos;71504.0;0.002983;73587.0;0.000796;71504.0;0.009549
1468;regular;327647.0;0.002604;327647.0;0.00063;327647.0;0.008543
1468;watts;329821.0;0.002712;329821.0;0.000679;329821.0;0.014781
1470;barabasi;95571.0;0.00295;95571.0;0.000754;95571.0;0.008355
1470;complete;4355.0;0.002564;5136.0;0.001677;4355.0;0.003867
1470;erdos;82510.0;0.002987;84995.0;0.000753;82510.0;0.010705
1470;regular;344158.0;0.002636;344158.0;0.000581;344158.0;0.009503
1470;watts;314519.0;0.002614;314519.0;0.000635;314519.0;0.012108
1473;barabasi;111660.0;0.002867;111660.0;0.00084;111660.0;0.007395
1473;complete;4358.0;0.002456;5102.0;0.001685;4358.0;0.003884
1473;erdos;81994.0;0.002988;84315.0;0.000767;81994.0;0.009739
1473;regular;7410355.0;0.001417;7410355.0;0.000364;7410355.0;0.052532
1473;watts;310636.0;0.002635;310636.0;0.000656;310636.0;0.012981
1475;regular;8605419.0;0.001543;8605419.0;0.000316;8605419.0;0.059437
1475;watts;363026.0;0.002626;363026.0;0.000662;363026.0;0.013049
1475;erdos;124101.0;0.002965;126431.0;0.000753;124101.0;0.011648
1475;barabasi;81894.0;0.002776;81894.0;0.00072;81894.0;0.008439
1475;complete;4149.0;0.002536;4726.0;0.001679;4149.0;0.003894
1477;barabasi;93804.0;0.002812;93804.0;0.000696;93804.0;0.008448
1477;complete;4395.0;0.002626;5094.0;0.001688;4395.0;0.003905
1477;erdos;102758.0;0.003006;105265.0;0.000757;102758.0;0.009646
1477;regular;25528753.0;0.002743;25528753.0;0.00055;25528753.0;0.179374
1477;watts;339241.0;0.002944;339241.0;0.000657;339241.0;0.013283
1479;barabasi;93949.0;0.002814;93949.0;0.000842;93949.0;0.008678
1479;complete;4430.0;0.002436;5157.0;0.001694;4430.0;0.003923
1479;erdos;79891.0;0.003032;82260.0;0.000785;79891.0;0.009606
1479;regular;16205973.0;0.002182;16205973.0;0.000435;16205973.0;0.106683
1479;watts;406915.0;0.002698;406915.0;0.000649;406915.0;0.015258
1481;barabasi;87393.0;0.002836;87393.0;0.000694;87393.0;0.008488
1481;complete;4201.0;0.002485;4811.0;0.001689;4201.0;0.003921
1481;erdos;74335.0;0.00307;77134.0;0.000774;74335.0;0.010005
1481;regular;151265.0;0.000184;151265.0;5.2e-05;151265.0;0.002663
1481;watts;404741.0;0.002897;404741.0;0.000683;404741.0;0.012072
1484;barabasi;89419.0;0.00282;89419.0;0.000693;89419.0;0.007519
1484;complete;4415.0;0.00243;5151.0;0.001727;4415.0;0.003951
1484;erdos;74110.0;0.003051;76601.0;0.000788;74110.0;0.009971
1484;regular;523674.0;0.00285;523674.0;0.000626;523674.0;0.010048
1484;watts;344243.0;0.00286;344243.0;0.000666;344243.0;0.012162
1486;barabasi;92846.0;0.00282;92846.0;0.000696;92846.0;0.007534
1486;complete;4275.0;0.002476;4953.0;0.001715;4275.0;0.003951
1486;erdos;114289.0;0.003056;116851.0;0.000801;114289.0;0.012038
1486;regular;569167.0;0.002839;569167.0;0.000655;569167.0;0.009019
1486;watts;358980.0;0.002713;358980.0;0.000728;358980.0;0.013213
1488;barabasi;90868.0;0.002832;90868.0;0.000711;90868.0;0.008605
1488;complete;4334.0;0.002524;4887.0;0.001714;4334.0;0.003968
1488;erdos;68890.0;0.00305;71265.0;0.000773;68890.0;0.011069
1488;regular;538456.0;0.002839;538456.0;0.000632;538456.0;0.009454
1488;watts;325169.0;0.002718;325169.0;0.000677;325169.0;0.015273
1490;barabasi;93413.0;0.002851;93413.0;0.000696;93413.0;0.006551
1490;complete;4404.0;0.002485;5017.0;0.001713;4404.0;0.003973
1490;erdos;78108.0;0.00305;80704.0;0.000798;78108.0;0.011004
1490;regular;613637.0;0.00286;613637.0;0.000681;613637.0;0.009564
1490;watts;351432.0;0.00278;351432.0;0.000662;351432.0;0.012546
1493;regular;28490567.0;0.002947;28490567.0;0.000583;28490567.0;0.192891
1493;watts;392416.0;0.00268;392416.0;0.000658;392416.0;0.01231
1493;erdos;75683.0;0.003053;78307.0;0.00085;75683.0;0.010674
1493;barabasi;92717.0;0.002842;92717.0;0.000702;92717.0;0.007611
1493;complete;4395.0;0.002473;5093.0;0.001732;4395.0;0.003992
1495;barabasi;88502.0;0.002899;88502.0;0.000717;88502.0;0.007607
1495;complete;4249.0;0.002525;4889.0;0.001731;4249.0;0.003997
1495;erdos;115059.0;0.003073;117424.0;0.000776;115059.0;0.013058
1495;regular;13339722.0;0.002035;13339722.0;0.000407;13339722.0;0.103865
1495;watts;371220.0;0.002745;371220.0;0.000653;371220.0;0.012579
1497;barabasi;106283.0;0.002932;106283.0;0.000733;106283.0;0.007954
1497;complete;4292.0;0.00253;4992.0;0.001741;4292.0;0.00401
1497;erdos;61905.0;0.003076;64818.0;0.000783;61905.0;0.009937
1497;regular;19175925.0;0.002372;19175925.0;0.000508;19175925.0;0.130032
1497;watts;351996.0;0.00279;351996.0;0.000674;351996.0;0.013384
1499;barabasi;116553.0;0.002841;116553.0;0.000744;116553.0;0.007684
1499;complete;4530.0;0.002652;5289.0;0.001733;4530.0;0.004025
1499;erdos;78524.0;0.003092;81405.0;0.00085;78524.0;0.009903
1499;regular;1412.0;2e-05;1412.0;8e-06;1412.0;0.001515
1499;watts;354112.0;0.002751;354112.0;0.000754;354112.0;0.015459
1502;barabasi;110983.0;0.002917;110983.0;0.000712;110983.0;0.00885
1502;complete;4469.0;0.002746;5333.0;0.001777;4469.0;0.004049
1502;erdos;74291.0;0.003116;76630.0;0.000815;74291.0;0.009154
1502;regular;601799.0;0.002917;601799.0;0.000639;601799.0;0.008182
1502;watts;362751.0;0.002715;362751.0;0.000662;362751.0;0.013459
1504;barabasi;100189.0;0.003013;100189.0;0.000754;100189.0;0.007938
1504;complete;4266.0;0.002578;4853.0;0.001735;4266.0;0.004056
1504;erdos;72095.0;0.003093;74512.0;0.000796;72095.0;0.010124
1504;regular;615930.0;0.002755;615930.0;0.000605;615930.0;0.008784
1504;watts;495047.0;0.002776;495047.0;0.000683;495047.0;0.015935
1506;barabasi;90835.0;0.003004;90835.0;0.000755;90835.0;0.009809
1506;complete;4544.0;0.002568;5235.0;0.00176;4544.0;0.004058
1506;erdos;68051.0;0.003149;70842.0;0.000827;68051.0;0.012308
1506;regular;381705.0;0.002756;381705.0;0.000611;381705.0;0.009327
1506;watts;332460.0;0.00279;332460.0;0.000666;332460.0;0.016881
1508;barabasi;95494.0;0.002986;95494.0;0.000721;95494.0;0.007743
1508;complete;4395.0;0.002531;5092.0;0.001762;4395.0;0.004076
1508;erdos;72589.0;0.003125;74842.0;0.000791;72589.0;0.011203
1508;regular;429254.0;0.002769;429254.0;0.000611;429254.0;0.008428
1508;watts;374407.0;0.002899;374407.0;0.000711;374407.0;0.013617
1511;regular;9466797.0;0.001798;9466797.0;0.000433;9466797.0;0.06612
1511;watts;315187.0;0.002817;315187.0;0.000696;315187.0;0.014006
1511;erdos;88447.0;0.003445;90525.0;0.001024;88447.0;0.012335
1511;barabasi;98039.0;0.002913;98039.0;0.000724;98039.0;0.008843
1511;complete;4454.0;0.002508;5155.0;0.001762;4454.0;0.00409
1513;barabasi;100938.0;0.00299;100938.0;0.000748;100938.0;0.007945
1513;complete;4545.0;0.002671;5495.0;0.001772;4545.0;0.004097
1513;erdos;67556.0;0.003131;70010.0;0.000785;67556.0;0.010185
1513;regular;18344879.0;0.002333;18344879.0;0.000506;18344879.0;0.126937
1513;watts;372373.0;0.002751;372373.0;0.000699;372373.0;0.014756
1515;barabasi;85182.0;0.002976;85182.0;0.000742;85182.0;0.008329
1515;complete;4356.0;0.002534;5066.0;0.001783;4356.0;0.004125
1515;erdos;102388.0;0.00316;104734.0;0.0008;102388.0;0.012333
1515;regular;26784950.0;0.002862;26784950.0;0.000594;26784950.0;0.193187
1515;watts;370356.0;0.002822;370356.0;0.000697;370356.0;0.015013
1517;barabasi;87579.0;0.003199;87579.0;0.000739;87579.0;0.008897
1517;complete;4682.0;0.002819;5430.0;0.001787;4682.0;0.004135
1517;erdos;98193.0;0.003442;100920.0;0.000812;98193.0;0.010222
1517;regular;9996580.0;0.001749;9996580.0;0.000378;9996580.0;0.074345
1517;watts;376779.0;0.002769;376779.0;0.000685;376779.0;0.012446
1520;barabasi;98385.0;0.002935;98385.0;0.000757;98385.0;0.008928
1520;complete;4551.0;0.002719;5215.0;0.001783;4551.0;0.004157
1520;erdos;72113.0;0.003141;74224.0;0.000799;72113.0;0.013647
1520;regular;406916.0;0.002781;406916.0;0.000617;406916.0;0.008031
1520;watts;370598.0;0.002844;370598.0;0.000675;370598.0;0.01182
1522;barabasi;95889.0;0.003026;95889.0;0.000731;95889.0;0.01002
1522;complete;4127.0;0.002808;4517.0;0.001792;4127.0;0.004373
1522;erdos;93454.0;0.003166;96172.0;0.000821;93454.0;0.01248
1522;regular;629145.0;0.002959;629145.0;0.000658;629145.0;0.011558
1522;watts;344459.0;0.002873;344459.0;0.000699;344459.0;0.013474
1524;barabasi;96209.0;0.003001;96209.0;0.000761;96209.0;0.009039
1524;complete;4385.0;0.002606;5028.0;0.001786;4385.0;0.004153
1524;erdos;69313.0;0.0032;71691.0;0.000804;69313.0;0.009016
1524;regular;557570.0;0.003024;557570.0;0.000666;557570.0;0.009265
1524;watts;375431.0;0.002925;375431.0;0.000755;375431.0;0.015065
1527;barabasi;83108.0;0.003139;83110.0;0.000758;83108.0;0.009009
1527;complete;4404.0;0.002586;5047.0;0.001812;4404.0;0.00417
1527;erdos;73005.0;0.00321;75976.0;0.00084;73005.0;0.011455
1527;regular;1785758.0;0.000641;1785758.0;0.000149;1785758.0;0.014766
1527;watts;385211.0;0.003235;385211.0;0.000759;385211.0;0.017194
1529;regular;26232204.0;0.002816;26232204.0;0.000578;26232204.0;0.18059
1529;watts;297066.0;0.002916;297066.0;0.00069;297066.0;0.016112
1529;erdos;80383.0;0.003235;83106.0;0.000833;80383.0;0.01167
1529;barabasi;103259.0;0.003017;103259.0;0.00074;103259.0;0.008043
1529;complete;4061.0;0.002756;4393.0;0.001809;4061.0;0.004171
1531;barabasi;84148.0;0.003009;84148.0;0.000766;84148.0;0.006967
1531;complete;4358.0;0.002659;4936.0;0.001796;4358.0;0.00419
1531;erdos;84482.0;0.003219;86904.0;0.000818;84482.0;0.009631
1531;regular;11102026.0;0.001902;11102026.0;0.000395;11102026.0;0.082252
1531;watts;343682.0;0.002856;343682.0;0.00071;343682.0;0.014888
1533;barabasi;90924.0;0.003354;90924.0;0.000772;90924.0;0.008013
1533;complete;4470.0;0.002828;5049.0;0.001813;4470.0;0.0042
1533;erdos;93728.0;0.00327;96267.0;0.000818;93728.0;0.0116
1533;regular;21455189.0;0.002564;21455189.0;0.000539;21455189.0;0.146396
1533;watts;396436.0;0.002889;396436.0;0.000732;396436.0;0.013021
1536;barabasi;83712.0;0.003058;83712.0;0.000769;83712.0;0.008039
1536;complete;4386.0;0.002671;4895.0;0.001832;4386.0;0.004219
1536;erdos;118920.0;0.003272;121287.0;0.000876;118920.0;0.010395
1536;regular;542229.0;0.003045;542229.0;0.000677;542229.0;0.012617
1536;watts;351634.0;0.003155;351634.0;0.000712;351634.0;0.016311
1538;barabasi;102868.0;0.003081;102868.0;0.000788;102868.0;0.010554
1538;complete;5081.0;0.003001;5896.0;0.001827;5081.0;0.004217
1538;erdos;71879.0;0.003286;74162.0;0.000816;71879.0;0.010637
1538;regular;556529.0;0.00303;556529.0;0.000698;556529.0;0.012092
1538;watts;396114.0;0.003119;396114.0;0.000731;396114.0;0.013114
1540;barabasi;92726.0;0.003183;92726.0;0.000764;92726.0;0.009424
1540;complete;4381.0;0.002872;4984.0;0.001838;4381.0;0.004235
1540;erdos;70600.0;0.003265;73245.0;0.000862;70600.0;0.013209
1540;regular;538903.0;0.003079;538903.0;0.000676;538903.0;0.011085
1540;watts;366693.0;0.003196;366693.0;0.000737;366693.0;0.012993
1543;barabasi;94283.0;0.003019;94283.0;0.000758;94283.0;0.00816
1543;complete;4357.0;0.002711;4973.0;0.001853;4357.0;0.004259
1543;erdos;102480.0;0.003294;104957.0;0.000824;102480.0;0.013009
1543;regular;40952.0;0.000103;40952.0;2.9e-05;40952.0;0.002009
1543;watts;470856.0;0.002881;470856.0;0.000695;470856.0;0.014282
1545;barabasi;89777.0;0.003066;89777.0;0.000751;89777.0;0.009655
1545;complete;4485.0;0.002873;5284.0;0.001848;4485.0;0.004268
1545;erdos;79366.0;0.003304;81806.0;0.00083;79366.0;0.010541
1545;regular;24391238.0;0.002765;24391238.0;0.000559;24391238.0;0.176781
1545;watts;432326.0;0.002928;432326.0;0.000705;432326.0;0.01455
1547;regular;5048827.0;0.001181;5048827.0;0.000258;5048827.0;0.039844
1547;watts;361000.0;0.002915;361000.0;0.000702;361000.0;0.013254
1547;erdos;73852.0;0.003343;76220.0;0.000827;73852.0;0.013566
1547;barabasi;98656.0;0.003097;98656.0;0.000797;98656.0;0.008159
1547;complete;4797.0;0.003021;5455.0;0.001838;4797.0;0.00428
1550;barabasi;98463.0;0.003044;98463.0;0.000756;98463.0;0.00819
1550;complete;4544.0;0.002654;5307.0;0.001839;4544.0;0.004296
1550;erdos;91939.0;0.003331;94109.0;0.000843;91939.0;0.010568
1550;regular;526300.0;0.003064;526300.0;0.000671;526300.0;0.009682
1550;watts;403596.0;0.002897;403596.0;0.000722;403596.0;0.014141
1552;barabasi;101924.0;0.003062;101924.0;0.000748;101924.0;0.008207
1552;complete;4487.0;0.002674;5270.0;0.00185;4487.0;0.004305
1552;erdos;73246.0;0.003347;76125.0;0.000837;73246.0;0.012905
1552;regular;610694.0;0.003122;610694.0;0.000687;610694.0;0.009276
1552;watts;392913.0;0.003235;392913.0;0.000706;392913.0;0.015439
1554;barabasi;109271.0;0.003101;109271.0;0.000764;109271.0;0.008518
1554;complete;4516.0;0.002892;5330.0;0.001872;4516.0;0.004323
1554;erdos;80211.0;0.003316;82944.0;0.00095;80211.0;0.010444
1554;regular;560175.0;0.003104;560175.0;0.000695;560175.0;0.009589
1554;watts;357162.0;0.002917;357162.0;0.00071;357162.0;0.015543
1557;barabasi;114362.0;0.003314;114362.0;0.000793;114362.0;0.009358
1557;complete;4544.0;0.002707;5144.0;0.001872;4544.0;0.00433
1557;erdos;65729.0;0.003318;68434.0;0.00088;65729.0;0.014046
1557;regular;24378932.0;0.002804;24378932.0;0.000561;24378932.0;0.172084
1557;watts;420402.0;0.003007;420402.0;0.000711;420402.0;0.014575
1559;barabasi;93141.0;0.003155;93141.0;0.000954;93141.0;0.008298
1559;complete;4524.0;0.002732;5228.0;0.001871;4524.0;0.004336
1559;erdos;101392.0;0.003359;103381.0;0.000872;101392.0;0.01183
1559;regular;474720.0;0.000327;474720.0;0.000109;474720.0;0.005336
1559;watts;391876.0;0.003125;391876.0;0.000754;391876.0;0.014572
1561;barabasi;91195.0;0.003126;91195.0;0.000771;91195.0;0.009418
1561;complete;4364.0;0.002765;4924.0;0.001894;4364.0;0.004354
1561;erdos;86005.0;0.003363;88101.0;0.000844;86005.0;0.01334
1561;regular;15021731.0;0.002266;15021731.0;0.000448;15021731.0;0.110776
1561;watts;394327.0;0.002936;394327.0;0.000705;394327.0;0.013483
1564;barabasi;96748.0;0.0031;96748.0;0.000808;96748.0;0.008329
1564;complete;4541.0;0.002838;5221.0;0.001915;4541.0;0.004376
1564;erdos;87968.0;0.003356;90834.0;0.000872;87968.0;0.009798
1564;regular;607905.0;0.003112;607905.0;0.000695;607905.0;0.010876
1564;watts;430856.0;0.003017;430856.0;0.000761;430856.0;0.015725
1566;regular;617082.0;0.003181;617082.0;0.000859;617082.0;0.010408
1566;watts;386303.0;0.003004;386303.0;0.000745;386303.0;0.018099
1566;erdos;78147.0;0.00339;80262.0;0.000854;78147.0;0.010949
1566;barabasi;94705.0;0.003201;94705.0;0.000791;94705.0;0.009638
1566;complete;4661.0;0.002798;5340.0;0.001892;4661.0;0.004378
1568;barabasi;102599.0;0.003131;102599.0;0.000772;102599.0;0.010593
1568;complete;4483.0;0.002942;5160.0;0.001904;4483.0;0.004406
1568;erdos;80449.0;0.003376;83445.0;0.000861;80449.0;0.014279
1568;regular;334516.0;0.003002;334516.0;0.000674;334516.0;0.009274
1568;watts;401555.0;0.003069;401555.0;0.000828;401555.0;0.016845
1571;barabasi;97123.0;0.003189;97123.0;0.000796;97123.0;0.010651
1571;complete;4407.0;0.002944;4992.0;0.0019;4407.0;0.004399
1571;erdos;104441.0;0.003584;107919.0;0.000859;104441.0;0.01102
1571;regular;9947577.0;0.001743;9947577.0;0.000359;9947577.0;0.073725
1571;watts;433971.0;0.003116;433971.0;0.000738;433971.0;0.015952
1573;barabasi;92901.0;0.00329;92901.0;0.000875;92901.0;0.008413
1573;complete;4640.0;0.002999;5351.0;0.001913;4640.0;0.004429
1573;erdos;83929.0;0.003376;86640.0;0.000886;83929.0;0.012413
1573;regular;7044167.0;0.001427;7044167.0;0.000301;7044167.0;0.055032
1573;watts;379578.0;0.003012;379578.0;0.000717;379578.0;0.01498
1575;barabasi;104879.0;0.003262;104879.0;0.000777;104879.0;0.008434
1575;complete;4702.0;0.002967;5444.0;0.001909;4702.0;0.004423
1575;erdos;67386.0;0.003408;69976.0;0.000874;67386.0;0.010874
1575;regular;27941445.0;0.003017;27941445.0;0.00065;27941445.0;0.205689
1575;watts;372679.0;0.003033;372679.0;0.000753;372679.0;0.014782
1578;barabasi;79028.0;0.003175;79028.0;0.000795;79028.0;0.007364
1578;complete;4431.0;0.002866;5136.0;0.00192;4431.0;0.004468
1578;erdos;63334.0;0.003441;65348.0;0.000874;63334.0;0.012123
1578;regular;659282.0;0.003169;659282.0;0.000696;659282.0;0.011414
1578;watts;389884.0;0.003225;389884.0;0.000805;389884.0;0.014945
1580;barabasi;87631.0;0.003183;87631.0;0.000785;87631.0;0.007643
1580;complete;4469.0;0.002821;5014.0;0.001913;4469.0;0.00446
1580;erdos;78092.0;0.003417;80547.0;0.000863;78092.0;0.012278
1580;regular;609674.0;0.003169;609674.0;0.000702;609674.0;0.010302
1580;watts;439070.0;0.003272;439070.0;0.000727;439070.0;0.019454
1582;barabasi;105576.0;0.003216;105576.0;0.000814;105576.0;0.012134
1582;complete;4601.0;0.00288;5305.0;0.001934;4601.0;0.004478
1582;erdos;81859.0;0.003407;84186.0;0.000885;81859.0;0.011165
1582;regular;566213.0;0.003187;566213.0;0.000707;566213.0;0.010797
1582;watts;338831.0;0.003017;338831.0;0.000722;338831.0;0.014918
1585;regular;23193441.0;0.002828;23193441.0;0.000564;23193441.0;0.184585
1585;watts;445245.0;0.002971;445245.0;0.000769;445245.0;0.014489
1585;erdos;88259.0;0.003568;90516.0;0.00089;88259.0;0.011105
1585;barabasi;98641.0;0.003197;98641.0;0.000787;98641.0;0.008566
1585;complete;4604.0;0.002976;5467.0;0.001955;4604.0;0.004487
1587;barabasi;97560.0;0.003206;97560.0;0.000785;97560.0;0.00971
1587;complete;4454.0;0.002856;5009.0;0.001924;4454.0;0.004527
1587;erdos;91727.0;0.003503;94417.0;0.000863;91727.0;0.0112
1587;regular;3622508.0;0.000958;3622508.0;0.000219;3622508.0;0.028137
1587;watts;420828.0;0.003038;420828.0;0.00074;420828.0;0.016223
1590;barabasi;101511.0;0.003521;101511.0;0.000791;101511.0;0.008683
1590;complete;4970.0;0.002976;5717.0;0.001945;4970.0;0.004524
1590;erdos;91682.0;0.003686;93834.0;0.000867;91682.0;0.01147
1590;regular;442253.0;0.00308;442253.0;0.000676;442253.0;0.008634
1590;watts;424363.0;0.003318;424363.0;0.000732;424363.0;0.020868
1592;barabasi;106702.0;0.003283;106702.0;0.000797;106702.0;0.009977
1592;complete;4632.0;0.00283;5516.0;0.001956;4632.0;0.004567
1592;erdos;82134.0;0.003517;84926.0;0.000867;82134.0;0.012581
1592;regular;636697.0;0.003285;636697.0;0.000717;636697.0;0.011254
1592;watts;422148.0;0.003161;422148.0;0.000769;422148.0;0.016919
1594;barabasi;105293.0;0.003234;105293.0;0.000819;105293.0;0.008654
1594;complete;4458.0;0.002865;5073.0;0.001952;4458.0;0.004538
1594;erdos;95336.0;0.003541;97960.0;0.000874;95336.0;0.01252
1594;regular;580387.0;0.003228;580387.0;0.000711;580387.0;0.01099
1594;watts;463579.0;0.003329;463579.0;0.00079;463579.0;0.017671
1597;barabasi;121682.0;0.003355;121682.0;0.000802;121682.0;0.011186
1597;complete;4428.0;0.003024;4926.0;0.001972;4428.0;0.004565
1597;erdos;64945.0;0.003479;67628.0;0.000882;64945.0;0.011263
1597;regular;19321071.0;0.002587;19321071.0;0.000511;19321071.0;0.139325
1597;watts;361378.0;0.003182;361378.0;0.000775;361378.0;0.015042
1599;barabasi;86503.0;0.003257;86503.0;0.000794;86503.0;0.00752
1599;complete;4635.0;0.002836;5362.0;0.001958;4635.0;0.004566
1599;erdos;106982.0;0.003537;109234.0;0.000885;106982.0;0.012583
1599;regular;370454.0;0.000307;370454.0;7.5e-05;370454.0;0.004656
1599;watts;416000.0;0.003328;416000.0;0.000788;416000.0;0.015292
1602;barabasi;148196.0;0.003765;148196.0;0.000828;148196.0;0.012447
1602;complete;4720.0;0.002833;5423.0;0.001996;4720.0;0.004591
1602;erdos;78309.0;0.003551;80903.0;0.000953;78309.0;0.013752
1602;regular;653875.0;0.003261;653875.0;0.000755;653875.0;0.012614
1602;watts;408908.0;0.003106;408908.0;0.000781;408908.0;0.017178
1604;regular;494690.0;0.003211;494690.0;0.000857;494690.0;0.008967
1604;watts;427675.0;0.003445;427675.0;0.000765;427675.0;0.014388
1604;erdos;103783.0;0.003558;106497.0;0.00088;103783.0;0.013948
1604;barabasi;94582.0;0.003244;94582.0;0.000807;94582.0;0.008761
1604;complete;4599.0;0.002936;5255.0;0.00198;4599.0;0.004598
1606;barabasi;100641.0;0.003305;100641.0;0.000807;100641.0;0.008915
1606;complete;4643.0;0.002902;5263.0;0.002005;4643.0;0.004597
1606;erdos;98408.0;0.003691;100657.0;0.000936;98408.0;0.011371
1606;regular;591473.0;0.003349;591473.0;0.000729;591473.0;0.01101
1606;watts;484928.0;0.003234;484928.0;0.000857;484928.0;0.014214
1609;barabasi;90992.0;0.003334;90992.0;0.000879;90992.0;0.007663
1609;complete;4604.0;0.003114;5259.0;0.001983;4604.0;0.004621
1609;erdos;85785.0;0.003529;88632.0;0.000959;85785.0;0.011602
1609;regular;11602730.0;0.002;11602730.0;0.000405;11602730.0;0.088168
1609;watts;383293.0;0.003179;383293.0;0.00075;383293.0;0.015071
1611;barabasi;99628.0;0.003525;99628.0;0.00085;99628.0;0.010002
1611;complete;4495.0;0.003134;5022.0;0.002004;4495.0;0.004647
1611;erdos;77873.0;0.003564;80869.0;0.00089;77873.0;0.011553
1611;regular;18911960.0;0.002554;18911960.0;0.000515;18911960.0;0.139822
1611;watts;399763.0;0.003158;399763.0;0.000752;399763.0;0.01879
1614;barabasi;111410.0;0.00335;111410.0;0.000862;111410.0;0.010025
1614;complete;4545.0;0.00295;5227.0;0.002003;4545.0;0.004657
1614;erdos;76752.0;0.003629;79290.0;0.000893;76752.0;0.015314
1614;regular;427539.0;0.003151;427539.0;0.000714;427539.0;0.008962
1614;watts;367455.0;0.003188;367455.0;0.000749;367455.0;0.01583
1616;barabasi;101658.0;0.003529;101658.0;0.000824;101658.0;0.010116
1616;complete;4581.0;0.002987;5379.0;0.002007;4581.0;0.004664
1616;erdos;84631.0;0.003569;88133.0;0.000899;84631.0;0.014321
1616;regular;593384.0;0.003344;593384.0;0.000911;593384.0;0.012706
1616;watts;361215.0;0.00316;361215.0;0.000802;361215.0;0.014689
1618;barabasi;94868.0;0.00338;94868.0;0.001018;94868.0;0.0101
1618;complete;4589.0;0.002997;5285.0;0.002061;4589.0;0.004673
1618;erdos;87409.0;0.003567;89542.0;0.000892;87409.0;0.015284
1618;regular;637869.0;0.003342;637869.0;0.00075;637869.0;0.011045
1618;watts;471397.0;0.003192;471397.0;0.000786;471397.0;0.015562
1621;barabasi;100015.0;0.003469;100015.0;0.000841;100015.0;0.009201
1621;complete;4600.0;0.00294;5319.0;0.002041;4600.0;0.00469
1621;erdos;93520.0;0.003825;96057.0;0.00092;93520.0;0.014138
1621;regular;11724274.0;0.00204;11724274.0;0.000408;11724274.0;0.090376
1621;watts;365352.0;0.003301;365352.0;0.000772;365352.0;0.016884
1623;regular;2161632.0;0.000747;2161632.0;0.000226;2161632.0;0.019915
1623;watts;443473.0;0.003239;443473.0;0.000771;443473.0;0.01769
1623;erdos;84496.0;0.003608;87257.0;0.000898;84496.0;0.01293
1623;barabasi;105869.0;0.003695;105869.0;0.00088;105869.0;0.008946
1623;complete;4626.0;0.00293;5134.0;0.002011;4626.0;0.004698
1626;barabasi;106341.0;0.003369;106341.0;0.00086;106341.0;0.010188
1626;complete;4732.0;0.002908;5383.0;0.002027;4732.0;0.004725
1626;erdos;69693.0;0.003868;72525.0;0.000937;69693.0;0.01162
1626;regular;643769.0;0.003361;643769.0;0.000736;643769.0;0.01127
1626;watts;498389.0;0.003189;498389.0;0.000768;498389.0;0.013087
1628;barabasi;115317.0;0.003501;115317.0;0.00084;115317.0;0.00923
1628;complete;4745.0;0.002915;5398.0;0.002026;4745.0;0.004732
1628;erdos;69492.0;0.003685;72831.0;0.000927;69492.0;0.01455
1628;regular;619809.0;0.003553;619809.0;0.000764;619809.0;0.014549
1628;watts;450813.0;0.003219;450813.0;0.000797;450813.0;0.014619
1631;barabasi;121927.0;0.003449;121927.0;0.000861;121927.0;0.010413
1631;complete;4571.0;0.003052;5131.0;0.002043;4571.0;0.004797
1631;erdos;80855.0;0.003682;83460.0;0.000915;80855.0;0.013176
1631;regular;28791319.0;0.003174;28791319.0;0.000636;28791319.0;0.229763
1631;watts;376347.0;0.003243;376347.0;0.000772;376347.0;0.017055
1633;barabasi;103343.0;0.003737;103508.0;0.00084;103343.0;0.011507
1633;complete;4700.0;0.003042;5335.0;0.002113;4700.0;0.004777
1633;erdos;75986.0;0.003667;78606.0;0.000939;75986.0;0.011787
1633;regular;9903337.0;0.001855;9903337.0;0.000394;9903337.0;0.076462
1633;watts;482153.0;0.003296;482153.0;0.000781;482153.0;0.017244
1636;barabasi;114446.0;0.003399;114446.0;0.000832;114446.0;0.010302
1636;complete;4566.0;0.003202;5016.0;0.002066;4566.0;0.004819
1636;erdos;89622.0;0.00371;92117.0;0.000919;89622.0;0.013375
1636;regular;638345.0;0.003671;638345.0;0.000883;638345.0;0.011162
1636;watts;361956.0;0.003342;361956.0;0.000808;361956.0;0.016027
1638;barabasi;94712.0;0.003743;94712.0;0.000852;94712.0;0.012841
1638;complete;4591.0;0.003065;5178.0;0.002072;4591.0;0.004802
1638;erdos;89529.0;0.003679;91918.0;0.000906;89529.0;0.013238
1638;regular;675376.0;0.0035;675376.0;0.000765;675376.0;0.011932
1638;watts;452760.0;0.003328;452760.0;0.000825;452760.0;0.018672
1640;barabasi;95393.0;0.003456;95393.0;0.000845;95393.0;0.009303
1640;complete;4626.0;0.00328;5193.0;0.002045;4626.0;0.004805
1640;erdos;91124.0;0.003743;94996.0;0.000923;91124.0;0.013098
1640;regular;679170.0;0.003411;679170.0;0.000753;679170.0;0.01018
1640;watts;395997.0;0.003236;395997.0;0.000777;395997.0;0.01367
1643;regular;19636090.0;0.002649;19636090.0;0.000531;19636090.0;0.154528
1643;watts;385210.0;0.003325;385210.0;0.000781;385210.0;0.014828
1643;erdos;88809.0;0.003745;91934.0;0.000931;88809.0;0.013659
1643;barabasi;122607.0;0.003654;122607.0;0.000846;122607.0;0.010418
1643;complete;4707.0;0.003042;5367.0;0.002069;4707.0;0.004813
1645;barabasi;114069.0;0.003483;114069.0;0.000865;114069.0;0.010583
1645;complete;4841.0;0.002958;5593.0;0.002071;4841.0;0.004834
1645;erdos;75625.0;0.003712;78177.0;0.00092;75625.0;0.014833
1645;regular;5390133.0;0.001278;5390133.0;0.000378;5390133.0;0.047253
1645;watts;364654.0;0.003294;364654.0;0.000782;364654.0;0.017557
1648;barabasi;108077.0;0.003457;108077.0;0.000887;108077.0;0.010453
1648;complete;4722.0;0.003074;5495.0;0.002079;4722.0;0.004852
1648;erdos;76048.0;0.003738;79077.0;0.00095;76048.0;0.012173
1648;regular;612753.0;0.003519;612753.0;0.000806;612753.0;0.011205
1648;watts;381494.0;0.003517;381494.0;0.000788;381494.0;0.016272
1650;barabasi;100164.0;0.003478;100170.0;0.000922;100164.0;0.011836
1650;complete;4764.0;0.003312;5421.0;0.002077;4764.0;0.00486
1650;erdos;96238.0;0.003745;99079.0;0.000932;96238.0;0.013456
1650;regular;660102.0;0.003514;660102.0;0.000991;660102.0;0.013562
1650;watts;404991.0;0.00333;404991.0;0.000806;404991.0;0.016024
1653;barabasi;83974.0;0.003465;83974.0;0.000843;83974.0;0.009269
1653;complete;4939.0;0.003114;5640.0;0.002094;4939.0;0.004877
1653;erdos;96800.0;0.00374;99661.0;0.000939;96800.0;0.013502
1653;regular;3394.0;3.6e-05;3394.0;1.2e-05;3394.0;0.001865
1653;watts;480389.0;0.003332;480389.0;0.00079;480389.0;0.013977
1655;barabasi;91127.0;0.00344;91127.0;0.001003;91127.0;0.009316
1655;complete;4732.0;0.003285;5367.0;0.002102;4732.0;0.004909
1655;erdos;119739.0;0.003795;122443.0;0.000934;119739.0;0.013533
1655;regular;18742065.0;0.002837;18742065.0;0.000652;18742065.0;0.134186
1655;watts;397280.0;0.003466;397280.0;0.000832;397280.0;0.015179
1658;barabasi;113139.0;0.003476;113139.0;0.000852;113139.0;0.010618
1658;complete;4742.0;0.003084;5402.0;0.002094;4742.0;0.004962
1658;erdos;83874.0;0.003842;86562.0;0.000949;83874.0;0.012261
1658;regular;585023.0;0.003744;585023.0;0.000769;585023.0;0.012103
1658;watts;460786.0;0.003339;460786.0;0.000784;460786.0;0.020094
1660;barabasi;90007.0;0.00351;90007.0;0.000881;90007.0;0.010607
1660;complete;5174.0;0.003244;6000.0;0.002107;5174.0;0.004924
1660;erdos;87912.0;0.004101;91140.0;0.001003;87912.0;0.013677
1660;regular;599430.0;0.003811;599430.0;0.000812;599430.0;0.012997
1660;watts;427316.0;0.0035;427316.0;0.000821;427316.0;0.015068
1663;regular;32595954.0;0.003426;32595954.0;0.000685;32595954.0;0.252458
1663;watts;475358.0;0.00344;475358.0;0.00081;475358.0;0.015316
1663;erdos;82939.0;0.003783;85413.0;0.000945;82939.0;0.013546
1663;barabasi;103045.0;0.003558;103045.0;0.000863;103045.0;0.010662
1663;complete;4772.0;0.003062;5463.0;0.002117;4772.0;0.004932
1665;barabasi;107727.0;0.003611;107727.0;0.000869;107727.0;0.008568
1665;complete;4853.0;0.003062;5611.0;0.002133;4853.0;0.004945
1665;erdos;61566.0;0.003847;64552.0;0.000965;61566.0;0.012401
1665;regular;12845713.0;0.002257;12845713.0;0.000485;12845713.0;0.097971
1665;watts;445680.0;0.00336;445680.0;0.000801;445680.0;0.016721
1668;barabasi;116070.0;0.003589;116070.0;0.000873;116070.0;0.011955
1668;complete;4815.0;0.003055;5580.0;0.002137;4815.0;0.004974
1668;erdos;73625.0;0.003889;76767.0;0.000939;73625.0;0.011033
1668;regular;597209.0;0.003589;597209.0;0.000795;597209.0;0.01154
1668;watts;446442.0;0.003359;446442.0;0.000798;446442.0;0.01543
1670;barabasi;107043.0;0.003639;107043.0;0.000878;107043.0;0.009729
1670;complete;4887.0;0.003353;5756.0;0.002166;4887.0;0.004976
1670;erdos;70229.0;0.003819;72867.0;0.000964;70229.0;0.013695
1670;regular;649807.0;0.003608;649807.0;0.000777;649807.0;0.014381
1670;watts;367427.0;0.003523;367427.0;0.000942;367427.0;0.017886
1673;barabasi;104621.0;0.00362;104621.0;0.000874;104621.0;0.01091
1673;complete;4861.0;0.003098;5749.0;0.002149;4861.0;0.004981
1673;erdos;77429.0;0.003897;79877.0;0.000946;77429.0;0.011549
1673;regular;30325073.0;0.003653;30325073.0;0.000843;30325073.0;0.226721
1673;watts;412165.0;0.003484;412165.0;0.000936;412165.0;0.013854
1675;barabasi;100259.0;0.003549;100259.0;0.000887;100259.0;0.009584
1675;complete;4841.0;0.003338;5571.0;0.00215;4841.0;0.005005
1675;erdos;83713.0;0.003885;86668.0;0.000948;83713.0;0.01388
1675;regular;19989889.0;0.002771;19989889.0;0.000567;19989889.0;0.150664
1675;watts;406058.0;0.003418;406058.0;0.000813;406058.0;0.016772
1678;barabasi;107449.0;0.003649;107449.0;0.000876;107449.0;0.011099
1678;complete;4944.0;0.003319;5864.0;0.002162;4944.0;0.005014
1678;erdos;79025.0;0.003871;81896.0;0.000974;79025.0;0.015163
1678;regular;648947.0;0.003618;648947.0;0.000781;648947.0;0.013475
1678;watts;381596.0;0.003439;381596.0;0.000959;381596.0;0.020599
1680;barabasi;99020.0;0.003629;99020.0;0.000891;99020.0;0.009757
1680;complete;4960.0;0.003202;5647.0;0.002165;4960.0;0.005029
1680;erdos;73459.0;0.00384;77188.0;0.000971;73459.0;0.016654
1680;regular;620173.0;0.003602;620173.0;0.000852;620173.0;0.011093
1680;watts;407602.0;0.003479;407602.0;0.000852;407602.0;0.016308
1683;regular;16221427.0;0.002561;16221427.0;0.000507;16221427.0;0.131981
1683;watts;407623.0;0.003493;407623.0;0.000814;407623.0;0.020778
1683;erdos;74257.0;0.003917;77048.0;0.000961;74257.0;0.013969
1683;barabasi;104370.0;0.003743;104370.0;0.000956;104370.0;0.010913
1683;complete;4801.0;0.003417;5503.0;0.002179;4801.0;0.005103
1685;barabasi;123343.0;0.003613;123343.0;0.000906;123343.0;0.008345
1685;complete;4804.0;0.003148;5379.0;0.002182;4804.0;0.005056
1685;erdos;72033.0;0.003868;75190.0;0.000955;72033.0;0.014025
1685;regular;18096326.0;0.002666;18096326.0;0.000518;18096326.0;0.138581
1685;watts;440897.0;0.003555;440897.0;0.000835;440897.0;0.015938
1688;barabasi;102424.0;0.003641;102424.0;0.000932;102424.0;0.010988
1688;complete;4710.0;0.00344;5277.0;0.002159;4710.0;0.005084
1688;erdos;67426.0;0.004063;70255.0;0.000975;67426.0;0.01258
1688;regular;619679.0;0.003857;619679.0;0.000814;619679.0;0.015213
1688;watts;375232.0;0.003699;375232.0;0.000844;375232.0;0.017169
1690;barabasi;101273.0;0.003826;101273.0;0.000891;101273.0;0.010989
1690;complete;4874.0;0.003206;5561.0;0.002179;4874.0;0.005092
1690;erdos;77989.0;0.003968;80384.0;0.001003;77989.0;0.012637
1690;regular;592103.0;0.003728;592103.0;0.000808;592103.0;0.013172
1690;watts;433221.0;0.003515;433221.0;0.000826;433221.0;0.017209
1693;barabasi;110999.0;0.003716;110999.0;0.000899;110999.0;0.011007
1693;complete;4753.0;0.003196;5378.0;0.002185;4753.0;0.005109
1693;erdos;87534.0;0.004;90004.0;0.000979;87534.0;0.015546
1693;regular;34007905.0;0.003527;34007905.0;0.000711;34007905.0;0.270321
1693;watts;466143.0;0.003492;466143.0;0.000833;466143.0;0.016474
1695;barabasi;107068.0;0.003637;107068.0;0.000918;107068.0;0.009748
1695;complete;4857.0;0.003189;5519.0;0.002213;4857.0;0.005128
1695;erdos;97699.0;0.003923;101212.0;0.000983;97699.0;0.014203
1695;regular;971698.0;0.000498;971698.0;0.000142;971698.0;0.009415
1695;watts;404273.0;0.003595;404273.0;0.000847;404273.0;0.019593
1698;barabasi;115630.0;0.00367;115630.0;0.000916;115630.0;0.011125
1698;complete;4717.0;0.003361;5420.0;0.002205;4717.0;0.005138
1698;erdos;68447.0;0.004256;71847.0;0.000984;68447.0;0.014503
1698;regular;618223.0;0.004002;618223.0;0.000869;618223.0;0.012962
1698;watts;407551.0;0.003549;407551.0;0.000849;407551.0;0.019662
1701;barabasi;109145.0;0.00374;109145.0;0.000925;109145.0;0.011339
1701;complete;5100.0;0.003295;5937.0;0.002219;5100.0;0.005159
1701;erdos;86354.0;0.004015;89264.0;0.001033;86354.0;0.017066
1701;regular;8074959.0;0.001649;8074959.0;0.000352;8074959.0;0.058965
1701;watts;399772.0;0.003592;399772.0;0.000872;399772.0;0.019905
1703;regular;31871127.0;0.003455;31871127.0;0.000706;31871127.0;0.244354
1703;watts;372755.0;0.003706;372755.0;0.000855;372755.0;0.021232
1703;erdos;87890.0;0.004023;90792.0;0.000984;87890.0;0.014611
1703;barabasi;133415.0;0.003853;133415.0;0.000919;133415.0;0.011131
1703;complete;4763.0;0.003332;5254.0;0.002229;4763.0;0.00518
1706;barabasi;97713.0;0.003782;97713.0;0.000908;97713.0;0.009876
1706;complete;4790.0;0.003255;5364.0;0.002211;4790.0;0.005187
1706;erdos;65573.0;0.003981;68638.0;0.000979;65573.0;0.015862
1706;regular;652103.0;0.003702;652103.0;0.000808;652103.0;0.012942
1706;watts;439446.0;0.003606;439446.0;0.000859;439446.0;0.016297
1708;barabasi;107205.0;0.003786;107205.0;0.000916;107205.0;0.009878
1708;complete;4824.0;0.00354;5540.0;0.002219;4824.0;0.005197
1708;erdos;111193.0;0.00399;114498.0;0.001015;111193.0;0.014368
1708;regular;689392.0;0.003885;689392.0;0.000826;689392.0;0.012804
1708;watts;409697.0;0.003521;409697.0;0.000826;409697.0;0.014771
1711;barabasi;106808.0;0.003694;106808.0;0.000956;106808.0;0.011255
1711;complete;5058.0;0.003288;5773.0;0.002238;5058.0;0.005219
1711;erdos;99647.0;0.004062;103024.0;0.000998;99647.0;0.015701
1711;regular;21877989.0;0.002957;21877989.0;0.000589;21877989.0;0.188725
1711;watts;435507.0;0.003718;435507.0;0.00087;435507.0;0.015803
1713;erdos;87743.0;0.004008;91279.0;0.000992;87743.0;0.014452
1713;barabasi;103989.0;0.003955;103989.0;0.000917;103989.0;0.00995
1713;complete;5267.0;0.003376;5973.0;0.002233;5267.0;0.005225
1713;regular;27759381.0;0.003235;27759381.0;0.000677;27759381.0;0.219682
1713;watts;538838.0;0.003516;538838.0;0.000838;538838.0;0.017659
1716;barabasi;115373.0;0.003724;115373.0;0.0009;115373.0;0.010126
1716;complete;4936.0;0.003324;5615.0;0.002254;4936.0;0.005255
1716;erdos;72910.0;0.00407;76201.0;0.001007;72910.0;0.014608
1716;regular;701811.0;0.00396;701811.0;0.000849;701811.0;0.012273
1716;watts;511693.0;0.003676;511693.0;0.000854;511693.0;0.017869
1718;barabasi;108738.0;0.003801;108738.0;0.000912;108738.0;0.008671
1718;complete;4924.0;0.003353;5592.0;0.002252;4924.0;0.005262
1718;erdos;85737.0;0.004035;89005.0;0.000994;85737.0;0.012899
1718;regular;697625.0;0.00373;697625.0;0.000813;697625.0;0.012237
1718;watts;480470.0;0.003577;480470.0;0.000855;480470.0;0.019097
1721;barabasi;104920.0;0.003777;104920.0;0.000913;104920.0;0.010069
1721;complete;5132.0;0.003299;5871.0;0.002262;5132.0;0.005293
1721;erdos;75744.0;0.004055;79362.0;0.001;75744.0;0.013308
1721;regular;530291.0;0.000395;530291.0;9.7e-05;530291.0;0.006334
1721;watts;393238.0;0.003863;393238.0;0.000894;393238.0;0.01889
1724;regular;633022.0;0.00377;633022.0;0.000824;633022.0;0.013159
1724;watts;429948.0;0.003751;429948.0;0.000869;429948.0;0.01751
1724;erdos;71491.0;0.004076;74844.0;0.001031;71491.0;0.014516
1724;barabasi;105195.0;0.004203;105195.0;0.000944;105195.0;0.011445
1724;complete;4909.0;0.003368;5494.0;0.002277;4909.0;0.005303
1726;barabasi;114735.0;0.003742;114735.0;0.000923;114735.0;0.012794
1726;complete;4974.0;0.003358;5643.0;0.002272;4974.0;0.005307
1726;erdos;99264.0;0.004167;102794.0;0.001007;99264.0;0.013141
1726;regular;660721.0;0.003861;660721.0;0.000864;660721.0;0.013036
1726;watts;408052.0;0.003625;408052.0;0.000877;408052.0;0.017855
1729;barabasi;120486.0;0.003883;120486.0;0.000932;120486.0;0.011669
1729;complete;4941.0;0.003407;5655.0;0.002288;4941.0;0.005334
1729;erdos;83499.0;0.004111;86745.0;0.001028;83499.0;0.014736
1729;regular;30921115.0;0.003616;30921115.0;0.000743;30921115.0;0.246883
1729;watts;432149.0;0.003603;432149.0;0.000879;432149.0;0.015899
1731;barabasi;101461.0;0.003879;101461.0;0.000949;101461.0;0.00897
1731;complete;4860.0;0.003359;5475.0;0.002296;4860.0;0.005339
1731;erdos;76251.0;0.004171;79324.0;0.00103;76251.0;0.013216
1731;regular;22506446.0;0.003065;22506446.0;0.000609;22506446.0;0.189099
1731;watts;559313.0;0.00371;559313.0;0.000868;559313.0;0.02329
1734;barabasi;107063.0;0.003788;107063.0;0.000922;107063.0;0.011548
1734;complete;5178.0;0.003471;5994.0;0.002326;5178.0;0.005363
1734;erdos;73017.0;0.004119;76658.0;0.001023;73017.0;0.013387
1734;regular;648561.0;0.003812;648561.0;0.000828;648561.0;0.011468
1734;watts;419959.0;0.003729;419959.0;0.000908;419959.0;0.015312
1737;barabasi;140318.0;0.003836;140318.0;0.000924;140318.0;0.011598
1737;complete;4865.0;0.003488;5320.0;0.002336;4865.0;0.00543
1737;erdos;90800.0;0.004185;93934.0;0.001098;90800.0;0.013215
1737;regular;6982800.0;0.001561;6982800.0;0.000335;6982800.0;0.057739
1737;watts;488533.0;0.003731;488533.0;0.000873;488533.0;0.019984
1739;barabasi;102200.0;0.003923;102200.0;0.000986;102200.0;0.012967
1739;complete;5054.0;0.003695;5803.0;0.002313;5054.0;0.005416
1739;erdos;81571.0;0.004135;84602.0;0.001023;81571.0;0.016177
1739;regular;6961816.0;0.001493;6961816.0;0.000331;6961816.0;0.05619
1739;watts;485340.0;0.003974;485340.0;0.000867;485340.0;0.016478
1742;barabasi;119374.0;0.003843;119374.0;0.000951;119374.0;0.01166
1742;complete;4913.0;0.003423;5522.0;0.002319;4913.0;0.005405
1742;erdos;90581.0;0.004232;93238.0;0.001027;90581.0;0.014771
1742;regular;357708.0;0.00367;357708.0;0.000803;357708.0;0.012134
1742;watts;417035.0;0.003735;417035.0;0.000894;417035.0;0.016864
1744;erdos;99587.0;0.004206;103077.0;0.001019;99587.0;0.012266
1744;regular;627398.0;0.003865;627398.0;0.000888;627398.0;0.011749
1744;watts;437473.0;0.00378;437473.0;0.000901;437473.0;0.019524
1744;barabasi;118273.0;0.003833;118273.0;0.000957;118273.0;0.011684
1744;complete;5077.0;0.003469;5868.0;0.002327;5077.0;0.005427
1747;barabasi;109140.0;0.003882;109140.0;0.000941;109140.0;0.011779
1747;complete;4829.0;0.003584;5293.0;0.002327;4829.0;0.005476
1747;erdos;74239.0;0.004207;76944.0;0.001042;74239.0;0.013669
1747;regular;11431762.0;0.002112;11431762.0;0.000436;11431762.0;0.092746
1747;watts;450726.0;0.003691;450726.0;0.000879;450726.0;0.01955
1750;barabasi;119900.0;0.003856;120112.0;0.000977;119900.0;0.013164
1750;complete;5148.0;0.003687;5855.0;0.002346;5148.0;0.005449
1750;erdos;67744.0;0.004188;70543.0;0.001028;67744.0;0.013844
1750;regular;662809.0;0.003961;662809.0;0.000865;662809.0;0.014067
1750;watts;393609.0;0.003806;393609.0;0.000889;393609.0;0.019404
1752;barabasi;116515.0;0.003908;116515.0;0.000937;116515.0;0.013202
1752;complete;4946.0;0.003454;5642.0;0.002377;4946.0;0.005483
1752;erdos;90246.0;0.004179;93589.0;0.001106;90246.0;0.013762
1752;regular;662439.0;0.003712;662439.0;0.000803;662439.0;0.012518
1752;watts;431758.0;0.003726;431758.0;0.000874;431758.0;0.018711
1755;erdos;75354.0;0.00425;78935.0;0.001074;75354.0;0.013554
1755;barabasi;116568.0;0.004009;116568.0;0.000986;116568.0;0.01321
1755;complete;4966.0;0.003739;5623.0;0.002351;4966.0;0.005491
1755;regular;483978.0;0.000399;483978.0;9.5e-05;483978.0;0.006509
1755;watts;481305.0;0.003789;481305.0;0.000895;481305.0;0.018279
1758;barabasi;105844.0;0.003985;105844.0;0.001036;105844.0;0.010488
1758;complete;4913.0;0.003629;5351.0;0.002333;4913.0;0.005512
1758;erdos;97517.0;0.004383;101164.0;0.001037;97517.0;0.013905
1758;regular;768067.0;0.00406;768067.0;0.000866;768067.0;0.013938
1758;watts;495303.0;0.004049;495303.0;0.000902;495303.0;0.022821
1760;barabasi;120455.0;0.004172;120455.0;0.000954;120455.0;0.010483
1760;complete;4948.0;0.003595;5552.0;0.002371;4948.0;0.005519
1760;erdos;85163.0;0.004317;87924.0;0.001063;85163.0;0.015592
1760;regular;436797.0;0.003787;436797.0;0.000828;436797.0;0.013645
1760;watts;424834.0;0.003876;424834.0;0.000927;424834.0;0.022541
1763;barabasi;152266.0;0.004067;152266.0;0.000988;152266.0;0.01204
1763;complete;5009.0;0.003503;5564.0;0.002369;5009.0;0.005541
1763;erdos;89223.0;0.004247;92584.0;0.001051;89223.0;0.01502
1763;regular;11944240.0;0.00214;11944240.0;0.000438;11944240.0;0.104778
1763;watts;440617.0;0.003859;440617.0;0.000921;440617.0;0.019869
1765;regular;33883590.0;0.003783;33883590.0;0.000758;33883590.0;0.289191
1765;watts;422420.0;0.003969;422420.0;0.000936;422420.0;0.018055
1765;erdos;83754.0;0.004351;86597.0;0.00109;83754.0;0.017124
1765;barabasi;118613.0;0.003967;118613.0;0.000953;118613.0;0.011968
1765;complete;5003.0;0.00345;5604.0;0.002365;5003.0;0.005556
1768;barabasi;96690.0;0.004052;96690.0;0.000993;96690.0;0.01365
1768;complete;5214.0;0.003493;6055.0;0.002382;5214.0;0.00558
1768;erdos;151045.0;0.004308;155039.0;0.001075;151045.0;0.015565
1768;regular;634795.0;0.004079;634795.0;0.000927;634795.0;0.012624
1768;watts;475316.0;0.003908;475316.0;0.000999;475316.0;0.019888
1771;barabasi;118333.0;0.004059;118333.0;0.000968;118333.0;0.010627
1771;complete;4967.0;0.003497;5573.0;0.002371;4967.0;0.005582
1771;erdos;81353.0;0.004319;84958.0;0.00111;81353.0;0.015521
1771;regular;2171814.0;0.000821;2171814.0;0.000198;2171814.0;0.020203
1771;watts;505484.0;0.003826;505484.0;0.000921;505484.0;0.020155
1773;barabasi;121372.0;0.003966;121372.0;0.000961;121372.0;0.010654
1773;complete;4949.0;0.003543;5494.0;0.002418;4949.0;0.005596
1773;erdos;71255.0;0.004355;75468.0;0.001091;71255.0;0.012591
1773;regular;2120133.0;0.000825;2120133.0;0.000191;2120133.0;0.020732
1773;watts;469224.0;0.003878;469224.0;0.000901;469224.0;0.018232
1776;barabasi;127025.0;0.004126;127025.0;0.000977;127025.0;0.012235
1776;complete;4979.0;0.003571;5479.0;0.002378;4979.0;0.005619
1776;erdos;95864.0;0.004448;98699.0;0.001083;95864.0;0.015568
1776;regular;667859.0;0.004011;667859.0;0.000872;667859.0;0.0126
1776;watts;507505.0;0.003794;507505.0;0.000911;507505.0;0.02012
1779;barabasi;123749.0;0.003995;123749.0;0.00099;123749.0;0.013616
1779;complete;4832.0;0.003509;5246.0;0.00241;4832.0;0.005625
1779;erdos;82595.0;0.004404;85989.0;0.001059;82595.0;0.01578
1779;regular;20708578.0;0.003095;20708578.0;0.000617;20708578.0;0.17038
1779;watts;408648.0;0.003904;408648.0;0.000911;408648.0;0.0189
1781;barabasi;124443.0;0.004065;124443.0;0.001007;124443.0;0.010731
1781;complete;4810.0;0.003558;5191.0;0.00242;4810.0;0.005651
1781;erdos;90661.0;0.004374;94481.0;0.001074;90661.0;0.018695
1781;regular;40059436.0;0.00398;40059436.0;0.000848;40059436.0;0.324561
1781;watts;477365.0;0.003847;477365.0;0.000913;477365.0;0.018886
1784;barabasi;112165.0;0.004022;112165.0;0.000989;112165.0;0.01221
1784;complete;5192.0;0.003825;6272.0;0.002427;5192.0;0.005672
1784;erdos;75820.0;0.00438;79661.0;0.001098;75820.0;0.01429
1784;regular;748120.0;0.004107;748120.0;0.000902;748120.0;0.014293
1784;watts;449126.0;0.003812;449126.0;0.000899;449126.0;0.019846
1787;erdos;113341.0;0.00438;117176.0;0.001137;113341.0;0.015659
1787;regular;40436098.0;0.004012;40436098.0;0.000807;40436098.0;0.320728
1787;watts;410425.0;0.003876;410425.0;0.000935;410425.0;0.02335
1787;barabasi;133255.0;0.004076;133255.0;0.001014;133255.0;0.013939
1787;complete;5083.0;0.00363;5792.0;0.002658;5083.0;0.005691
1789;barabasi;122792.0;0.004165;122792.0;0.000994;122792.0;0.010825
1789;complete;5061.0;0.003811;5759.0;0.00246;5061.0;0.00571
1789;erdos;77459.0;0.004444;80814.0;0.001078;77459.0;0.016982
1789;regular;40405672.0;0.004035;40405672.0;0.000814;40405672.0;0.326652
1789;watts;507134.0;0.003858;507134.0;0.000936;507134.0;0.018933
1792;barabasi;109636.0;0.004152;109636.0;0.001016;109636.0;0.012331
1792;complete;5147.0;0.003742;5766.0;0.002459;5147.0;0.005721
1792;erdos;87907.0;0.004468;91770.0;0.001083;87907.0;0.015665
1792;regular;406073.0;0.003917;406073.0;0.000876;406073.0;0.01278
1792;watts;459111.0;0.004001;459111.0;0.000994;459111.0;0.01808
1795;barabasi;139753.0;0.004211;139753.0;0.000994;139753.0;0.013879
1795;complete;5145.0;0.003726;5687.0;0.002479;5145.0;0.005748
1795;erdos;94801.0;0.004469;97969.0;0.001078;94801.0;0.017528
1795;regular;71130.0;0.000144;71130.0;3.9e-05;71130.0;0.002838
1795;watts;457806.0;0.004212;457806.0;0.000968;457806.0;0.02511
1797;erdos;116144.0;0.004552;120043.0;0.001097;116144.0;0.013929
1797;barabasi;108629.0;0.004338;108629.0;0.001078;108629.0;0.013843
1797;complete;5028.0;0.00373;5683.0;0.002478;5028.0;0.005764
1797;regular;33352638.0;0.003838;33352638.0;0.000751;33352638.0;0.265988
1797;watts;429596.0;0.004022;429596.0;0.00094;429596.0;0.017969
1800;barabasi;122026.0;0.004202;122026.0;0.001011;122026.0;0.014062
1800;complete;5109.0;0.004008;5719.0;0.002491;5109.0;0.0058
1800;erdos;106806.0;0.004518;110719.0;0.001109;106806.0;0.014254
1800;regular;729461.0;0.004203;729461.0;0.000902;729461.0;0.013765
1800;watts;484632.0;0.004341;484632.0;0.000983;484632.0;0.022143
1803;barabasi;131764.0;0.004135;131764.0;0.001005;131764.0;0.012476
1803;complete;5210.0;0.003666;6157.0;0.002484;5210.0;0.005795
1803;erdos;78503.0;0.004463;81384.0;0.001093;78503.0;0.017522
1803;regular;1173309.0;0.000599;1173309.0;0.00014;1173309.0;0.011996
1803;watts;555917.0;0.003992;555917.0;0.000971;555917.0;0.021175
1806;barabasi;108364.0;0.004155;108390.0;0.000997;108364.0;0.011053
1806;complete;5235.0;0.003641;6084.0;0.002502;5235.0;0.005806
1806;erdos;81525.0;0.004529;85164.0;0.001089;81525.0;0.017727
1806;regular;768263.0;0.004167;768263.0;0.000916;768263.0;0.012899
1806;watts;385496.0;0.004266;385496.0;0.00094;385496.0;0.020532
1808;regular;470085.0;0.004086;470085.0;0.000835;470085.0;0.015589
1808;watts;478688.0;0.004112;478688.0;0.000975;478688.0;0.018051
1808;erdos;78912.0;0.004519;81736.0;0.001105;78912.0;0.014536
1808;barabasi;108299.0;0.004151;108386.0;0.000996;108299.0;0.011065
1808;complete;5014.0;0.003616;5612.0;0.00249;5014.0;0.005843
1811;barabasi;108721.0;0.004206;108721.0;0.000997;108721.0;0.012573
1811;complete;5264.0;0.003619;6013.0;0.002492;5264.0;0.005859
1811;erdos;84311.0;0.004491;88142.0;0.001134;84311.0;0.014592
1811;regular;32384719.0;0.003729;32384719.0;0.000744;32384719.0;0.271185
1811;watts;458396.0;0.003993;458396.0;0.000939;458396.0;0.017896
1814;barabasi;122563.0;0.004209;122563.0;0.001004;122563.0;0.015811
1814;complete;5085.0;0.003636;5733.0;0.002505;5085.0;0.005867
1814;erdos;102008.0;0.004534;106006.0;0.00112;102008.0;0.019477
1814;regular;786027.0;0.004187;786027.0;0.000913;786027.0;0.013613
1814;watts;492137.0;0.004105;492137.0;0.000981;492137.0;0.021156
1816;barabasi;143700.0;0.004248;143700.0;0.001019;143700.0;0.014147
1816;complete;5158.0;0.003718;5876.0;0.002498;5158.0;0.005903
1816;erdos;87052.0;0.004576;90172.0;0.001153;87052.0;0.016394
1816;regular;715862.0;0.004204;715862.0;0.00096;715862.0;0.016988
1816;watts;425127.0;0.003943;425127.0;0.00095;425127.0;0.019572
1819;barabasi;118579.0;0.004222;118579.0;0.001003;118579.0;0.012726
1819;complete;5243.0;0.00372;5893.0;0.002522;5243.0;0.00589
1819;erdos;77728.0;0.004628;81659.0;0.001106;77728.0;0.016281
1819;regular;267529.0;0.000289;267529.0;7.3e-05;267529.0;0.004605
1819;watts;465877.0;0.004229;465877.0;0.000986;465877.0;0.020993
1822;barabasi;115969.0;0.004466;115969.0;0.001024;115969.0;0.012843
1822;complete;5059.0;0.003723;5550.0;0.002506;5059.0;0.005919
1822;erdos;97646.0;0.004619;101231.0;0.001144;97646.0;0.016599
1822;regular;390264.0;0.003985;390264.0;0.00089;390264.0;0.011841
1822;watts;510788.0;0.004008;510788.0;0.000948;510788.0;0.02132
1825;barabasi;114330.0;0.004414;114330.0;0.001124;114330.0;0.011243
1825;complete;5048.0;0.00394;5620.0;0.002552;5048.0;0.005935
1825;erdos;91604.0;0.00463;94832.0;0.001113;91604.0;0.021365
1825;regular;27228655.0;0.003522;27228655.0;0.000697;27228655.0;0.239601
1825;watts;540106.0;0.00406;540106.0;0.000952;540106.0;0.021311
1827;barabasi;122162.0;0.004348;122162.0;0.001021;122162.0;0.01283
1827;complete;5190.0;0.003762;5881.0;0.002533;5190.0;0.005944
1827;erdos;82696.0;0.004631;86005.0;0.001146;82696.0;0.016302
1827;regular;37149540.0;0.00407;37149540.0;0.000816;37149540.0;0.32642
1827;watts;415522.0;0.004034;415522.0;0.000957;415522.0;0.016836
1830;erdos;100151.0;0.004659;103995.0;0.001119;100151.0;0.016801
1830;regular;466224.0;0.004075;466224.0;0.000874;466224.0;0.011746
1830;watts;488629.0;0.004154;488629.0;0.000967;488629.0;0.022136
1830;barabasi;119427.0;0.004317;119427.0;0.001063;119427.0;0.011311
1830;complete;5159.0;0.003813;5848.0;0.002549;5159.0;0.005953
1833;barabasi;109045.0;0.004341;109045.0;0.001026;109045.0;0.014571
1833;complete;5168.0;0.004007;5890.0;0.002573;5168.0;0.005977
1833;erdos;85624.0;0.004689;89140.0;0.001126;85624.0;0.017061
1833;regular;34003816.0;0.003861;34003816.0;0.000808;34003816.0;0.284505
1833;watts;497590.0;0.004135;497590.0;0.000987;497590.0;0.020193
1836;barabasi;159676.0;0.004352;159676.0;0.001034;159676.0;0.011602
1836;complete;5196.0;0.003767;5815.0;0.002557;5196.0;0.005999
1836;erdos;97709.0;0.004607;101273.0;0.001134;97709.0;0.018143
1836;regular;411586.0;0.004028;411586.0;0.000861;411586.0;0.013763
1836;watts;486659.0;0.004077;486659.0;0.000951;486659.0;0.018866
1838;barabasi;111591.0;0.004268;111591.0;0.001069;111591.0;0.014478
1838;complete;5278.0;0.003762;5944.0;0.002553;5278.0;0.006022
1838;erdos;91887.0;0.004651;95359.0;0.001159;91887.0;0.016847
1838;regular;731293.0;0.004283;731293.0;0.000971;731293.0;0.014826
1838;watts;522698.0;0.004056;522698.0;0.000975;522698.0;0.023028
1841;erdos;69499.0;0.004661;73161.0;0.001173;69499.0;0.01671
1841;barabasi;130431.0;0.004301;130431.0;0.001031;130431.0;0.01148
1841;complete;5197.0;0.003812;5835.0;0.002563;5197.0;0.006037
1841;regular;351722.0;0.000326;351722.0;8.1e-05;351722.0;0.004927
1841;watts;441761.0;0.004126;441761.0;0.001006;441761.0;0.021656
1844;barabasi;118906.0;0.004363;118906.0;0.001045;118906.0;0.014561
1844;complete;5076.0;0.003803;5633.0;0.002573;5076.0;0.006059
1844;erdos;87735.0;0.004665;91418.0;0.001135;87735.0;0.014944
1844;regular;730869.0;0.004379;730869.0;0.000942;730869.0;0.015363
1844;watts;504762.0;0.004392;504762.0;0.001005;504762.0;0.023488
1847;barabasi;109114.0;0.004452;109114.0;0.001079;109114.0;0.011521
1847;complete;5212.0;0.004082;5948.0;0.002594;5212.0;0.006088
1847;erdos;81233.0;0.004694;85096.0;0.001142;81233.0;0.016838
1847;regular;14534954.0;0.002494;14534954.0;0.000514;14534954.0;0.125669
1847;watts;461163.0;0.004233;461163.0;0.001012;461163.0;0.020166
1849;barabasi;109759.0;0.004383;109759.0;0.001069;109759.0;0.011862
1849;complete;5085.0;0.004056;5606.0;0.00261;5085.0;0.006098
1849;erdos;80516.0;0.004754;84029.0;0.001151;80516.0;0.016768
1849;regular;31930360.0;0.003803;31930360.0;0.000758;31930360.0;0.276842
1849;watts;535046.0;0.004374;535046.0;0.001003;535046.0;0.018787
1852;regular;786523.0;0.004382;786523.0;0.00094;786523.0;0.013167
1852;watts;460391.0;0.004247;460391.0;0.000968;460391.0;0.025232
1852;erdos;80543.0;0.004718;83842.0;0.001162;80543.0;0.016998
1852;barabasi;123476.0;0.00435;123476.0;0.001036;123476.0;0.01317
1852;complete;5124.0;0.004428;5568.0;0.003153;5124.0;0.006345
1855;barabasi;114286.0;0.005108;114286.0;0.001284;114286.0;0.011944
1855;complete;5232.0;0.003943;5847.0;0.002621;5232.0;0.006148
1855;erdos;76908.0;0.00471;80434.0;0.001198;76908.0;0.017005
1855;regular;43342396.0;0.004357;43342396.0;0.000882;43342396.0;0.373478
1855;watts;438784.0;0.004115;438784.0;0.000985;438784.0;0.033197
1858;barabasi;142683.0;0.004455;142683.0;0.001047;142683.0;0.01322
1858;complete;5094.0;0.003876;5583.0;0.002607;5094.0;0.006149
1858;erdos;117507.0;0.004733;120932.0;0.001187;117507.0;0.018842
1858;regular;650184.0;0.004151;650184.0;0.000916;650184.0;0.013042
1858;watts;512735.0;0.004144;512735.0;0.000973;512735.0;0.023398
1861;barabasi;105597.0;0.004384;105597.0;0.001049;105597.0;0.013262
1861;complete;5452.0;0.003864;6093.0;0.002654;5452.0;0.006169
1861;erdos;71734.0;0.004761;75620.0;0.001149;71734.0;0.015425
1861;regular;731154.0;0.000494;731154.0;0.000125;731154.0;0.010634
1861;watts;454355.0;0.004272;454355.0;0.000996;454355.0;0.019087
1863;barabasi;124241.0;0.004428;124241.0;0.001052;124241.0;0.011745
1863;complete;5159.0;0.003999;5718.0;0.002627;5159.0;0.006196
1863;erdos;75166.0;0.00482;78736.0;0.001163;75166.0;0.019063
1863;regular;7510499.0;0.001712;7510499.0;0.00037;7510499.0;0.066647
1863;watts;500453.0;0.004294;500453.0;0.001013;500453.0;0.022138
1866;barabasi;105409.0;0.004477;105409.0;0.001068;105409.0;0.013351
1866;complete;5343.0;0.003901;6008.0;0.00263;5343.0;0.006201
1866;erdos;96128.0;0.004746;99320.0;0.001192;96128.0;0.013772
1866;regular;723150.0;0.004407;723150.0;0.000985;723150.0;0.016459
1866;watts;540159.0;0.004376;540159.0;0.001034;540159.0;0.020731
1869;barabasi;144756.0;0.004425;144756.0;0.001052;144756.0;0.013386
1869;complete;5251.0;0.003855;5782.0;0.002644;5251.0;0.006221
1869;erdos;75912.0;0.004753;79107.0;0.001162;75912.0;0.018876
1869;regular;29703502.0;0.003682;29703502.0;0.00086;29703502.0;0.246189
1869;watts;452901.0;0.004354;452901.0;0.001003;452901.0;0.021867
1872;barabasi;111251.0;0.004556;111251.0;0.00108;111251.0;0.01204
1872;complete;5309.0;0.003956;5923.0;0.002653;5309.0;0.006247
1872;erdos;81057.0;0.004847;84604.0;0.001174;81057.0;0.015946
1872;regular;661345.0;0.004447;661345.0;0.000964;661345.0;0.018887
1872;watts;470779.0;0.004347;470779.0;0.001019;470779.0;0.021015
1875;erdos;81196.0;0.004895;84746.0;0.001193;81196.0;0.015555
1875;regular;42906410.0;0.004415;42906410.0;0.000889;42906410.0;0.36555
1875;watts;529226.0;0.004377;529226.0;0.001052;529226.0;0.020885
1875;barabasi;134966.0;0.004589;134966.0;0.001092;134966.0;0.013734
1875;complete;5661.0;0.004063;6631.0;0.002689;5661.0;0.006261
1877;barabasi;120032.0;0.004489;120032.0;0.001096;120032.0;0.013511
1877;complete;5254.0;0.004224;5813.0;0.002665;5254.0;0.006284
1877;erdos;73910.0;0.004891;77850.0;0.001214;73910.0;0.017663
1877;regular;40274827.0;0.004237;40274827.0;0.000854;40274827.0;0.340012
1877;watts;488255.0;0.004259;488255.0;0.001042;488255.0;0.019528
1880;barabasi;126599.0;0.004806;126599.0;0.001272;126599.0;0.01525
1880;complete;5654.0;0.003955;6521.0;0.002678;5654.0;0.00629
1880;erdos;69426.0;0.004845;73216.0;0.001215;69426.0;0.01612
1880;regular;802814.0;0.004522;802814.0;0.000976;802814.0;0.016126
1880;watts;547842.0;0.004301;547842.0;0.001031;547842.0;0.017809
1883;barabasi;118792.0;0.004609;118792.0;0.001095;118792.0;0.01196
1883;complete;5462.0;0.00432;6233.0;0.002686;5462.0;0.006308
1883;erdos;103514.0;0.004826;106813.0;0.001207;103514.0;0.015716
1883;regular;1154462.0;0.000628;1154462.0;0.000152;1154462.0;0.01261
1883;watts;498508.0;0.004306;498508.0;0.001011;498508.0;0.018048
1886;erdos;82874.0;0.004886;86240.0;0.001172;82874.0;0.019122
1886;barabasi;141663.0;0.004515;141663.0;0.001099;141663.0;0.016857
1886;complete;5363.0;0.003976;6156.0;0.00272;5363.0;0.006334
1886;regular;690479.0;0.004535;690479.0;0.000992;690479.0;0.014457
1886;watts;487945.0;0.004248;487945.0;0.001031;487945.0;0.024432
1889;barabasi;126632.0;0.004506;126632.0;0.001072;126632.0;0.013667
1889;complete;5533.0;0.004196;6213.0;0.002693;5533.0;0.006347
1889;erdos;78034.0;0.004878;81586.0;0.00123;78034.0;0.021266
1889;regular;9021571.0;0.001928;9021571.0;0.000407;9021571.0;0.08362
1889;watts;443682.0;0.004323;443682.0;0.001033;443682.0;0.02464
1891;barabasi;131746.0;0.004534;131746.0;0.001078;131746.0;0.01368
1891;complete;5303.0;0.004266;5948.0;0.00274;5303.0;0.006369
1891;erdos;85288.0;0.004905;88880.0;0.00121;85288.0;0.015966
1891;regular;978314.0;0.000732;978314.0;0.000202;978314.0;0.010614
1891;watts;580582.0;0.004343;580582.0;0.00105;580582.0;0.019437
1894;barabasi;125658.0;0.004624;125658.0;0.001092;125658.0;0.010667
1894;complete;5348.0;0.003974;5979.0;0.002712;5348.0;0.006408
1894;erdos;97158.0;0.004896;101883.0;0.001265;97158.0;0.017535
1894;regular;676600.0;0.004517;676600.0;0.00098;676600.0;0.016378
1894;watts;473306.0;0.004314;473306.0;0.001047;473306.0;0.023146
1897;regular;5102510.0;0.001393;5102510.0;0.000309;5102510.0;0.048985
1897;watts;452050.0;0.004347;452050.0;0.001009;452050.0;0.023115
1897;erdos;86982.0;0.00498;90663.0;0.001276;86982.0;0.015458
1897;barabasi;114740.0;0.004657;114740.0;0.001107;114740.0;0.012438
1897;complete;5439.0;0.003994;6149.0;0.002706;5439.0;0.006416
1900;barabasi;128348.0;0.004548;128348.0;0.00111;128348.0;0.013899
1900;complete;5291.0;0.003927;5820.0;0.002702;5291.0;0.006419
1900;erdos;98646.0;0.005061;102969.0;0.001272;98646.0;0.018013
1900;regular;738435.0;0.004553;738435.0;0.00102;738435.0;0.016211
1900;watts;529685.0;0.004939;529685.0;0.001092;529685.0;0.019639
1903;barabasi;116446.0;0.004718;116446.0;0.001102;116446.0;0.01392
1903;complete;5413.0;0.004034;6024.0;0.002731;5413.0;0.006443
1903;erdos;91664.0;0.005038;94962.0;0.001235;91664.0;0.01632
1903;regular;41011081.0;0.004442;41011081.0;0.000908;41011081.0;0.356402
1903;watts;496977.0;0.004442;496977.0;0.001111;496977.0;0.021081
1906;barabasi;107766.0;0.004593;107766.0;0.001137;107766.0;0.010631
1906;complete;5303.0;0.004396;5943.0;0.002762;5303.0;0.006478
1906;erdos;74194.0;0.00504;77904.0;0.001197;74194.0;0.017763
1906;regular;815103.0;0.004692;815103.0;0.001017;815103.0;0.016502
1906;watts;543949.0;0.004478;543949.0;0.00109;543949.0;0.021514
1909;barabasi;124771.0;0.004591;124771.0;0.0011;124771.0;0.012414
1909;complete;5531.0;0.004108;6165.0;0.002758;5531.0;0.00649
1909;erdos;89383.0;0.005073;92709.0;0.001251;89383.0;0.019918
1909;regular;30216330.0;0.003836;30216330.0;0.000751;30216330.0;0.262589
1909;watts;466861.0;0.004401;466861.0;0.001028;466861.0;0.019835
1911;barabasi;149497.0;0.004813;149497.0;0.001115;149497.0;0.013971
1911;complete;5691.0;0.004176;6626.0;0.002773;5691.0;0.006498
1911;erdos;103202.0;0.004982;106879.0;0.001261;103202.0;0.016328
1911;regular;15587993.0;0.002927;15587993.0;0.000564;15587993.0;0.132057
1911;watts;488963.0;0.004771;488963.0;0.001025;488963.0;0.019845
1914;barabasi;120859.0;0.004624;120859.0;0.001093;120859.0;0.014034
1914;complete;5428.0;0.004123;6066.0;0.002765;5428.0;0.006528
1914;erdos;81510.0;0.005011;85872.0;0.001208;81510.0;0.019794
1914;regular;746708.0;0.004715;746708.0;0.001049;746708.0;0.018013
1914;watts;509283.0;0.004378;509283.0;0.001024;509283.0;0.021054
1917;barabasi;107438.0;0.004886;107438.0;0.001119;107438.0;0.012411
1917;complete;5526.0;0.004129;6235.0;0.002781;5526.0;0.006541
1917;erdos;90912.0;0.005037;94881.0;0.001251;90912.0;0.016504
1917;regular;9853146.0;0.002033;9853146.0;0.000449;9853146.0;0.094845
1917;watts;490583.0;0.004486;490583.0;0.001043;490583.0;0.02213
1920;erdos;85532.0;0.005062;89283.0;0.001226;85532.0;0.016308
1920;regular;795728.0;0.004685;795728.0;0.001046;795728.0;0.015677
1920;watts;504698.0;0.004634;504698.0;0.001065;504698.0;0.025159
1920;barabasi;124994.0;0.004673;124994.0;0.001122;124994.0;0.012524
1920;complete;5365.0;0.004153;5954.0;0.002793;5365.0;0.006558
1923;barabasi;118051.0;0.004838;118051.0;0.001151;118051.0;0.014141
1923;complete;5464.0;0.004161;6153.0;0.002829;5464.0;0.006583
1923;erdos;76052.0;0.005171;80253.0;0.001224;76052.0;0.019972
1923;regular;7381150.0;0.001814;7381150.0;0.000391;7381150.0;0.0762
1923;watts;419331.0;0.004561;419331.0;0.001058;419331.0;0.020415
1926;barabasi;145736.0;0.004819;145736.0;0.00114;145736.0;0.017536
1926;complete;5535.0;0.004457;6322.0;0.002801;5535.0;0.006605
1926;erdos;79951.0;0.005173;83522.0;0.001277;79951.0;0.020271
1926;regular;602787.0;0.004505;602787.0;0.000966;602787.0;0.01407
1926;watts;518824.0;0.004642;518824.0;0.001096;518824.0;0.020297
1929;barabasi;124264.0;0.004692;124264.0;0.00116;124264.0;0.012559
1929;complete;5432.0;0.004486;6164.0;0.002796;5432.0;0.006605
1929;erdos;89766.0;0.005165;93764.0;0.001248;89766.0;0.023879
1929;regular;9013024.0;0.001939;9013024.0;0.000416;9013024.0;0.080272
1929;watts;490465.0;0.004467;490465.0;0.001044;490465.0;0.021773
1932;erdos;126201.0;0.00515;130316.0;0.001278;126201.0;0.016752
1932;barabasi;142865.0;0.004788;142865.0;0.00139;142865.0;0.014294
1932;complete;5523.0;0.004182;6340.0;0.002838;5523.0;0.006634
1932;regular;721054.0;0.004734;721054.0;0.001017;721054.0;0.014955
1932;watts;527962.0;0.004791;527962.0;0.001117;527962.0;0.019077
1934;barabasi;109733.0;0.004837;109733.0;0.001159;109733.0;0.014322
1934;complete;5323.0;0.004245;5804.0;0.002818;5323.0;0.006658
1934;erdos;94537.0;0.005181;98372.0;0.001257;94537.0;0.018298
1934;regular;845360.0;0.004751;845360.0;0.00105;845360.0;0.017608
1934;watts;512136.0;0.004583;512136.0;0.001136;512136.0;0.022389
1937;barabasi;115600.0;0.004766;115600.0;0.001145;115600.0;0.014337
1937;complete;5513.0;0.004438;6182.0;0.002865;5513.0;0.006668
1937;erdos;108712.0;0.005177;111820.0;0.001241;108712.0;0.018529
1937;regular;491432.0;0.000407;491432.0;9.8e-05;491432.0;0.006932
1937;watts;471115.0;0.004547;471115.0;0.001277;471115.0;0.025594
1940;barabasi;128237.0;0.004722;128237.0;0.001164;128237.0;0.01269
1940;complete;5352.0;0.004132;5956.0;0.002836;5352.0;0.006706
1940;erdos;85897.0;0.005191;89032.0;0.001251;85897.0;0.016778
1940;regular;701974.0;0.004898;701974.0;0.001046;701974.0;0.013581
1940;watts;531371.0;0.004626;531371.0;0.001068;531371.0;0.02424
1943;regular;39387681.0;0.004404;39387681.0;0.000871;39387681.0;0.359965
1943;watts;565656.0;0.004566;565656.0;0.001081;565656.0;0.026516
1943;erdos;79184.0;0.005197;83017.0;0.001288;79184.0;0.01851
1943;barabasi;127969.0;0.004812;127969.0;0.001128;127969.0;0.012833
1943;complete;5483.0;0.00448;6049.0;0.002856;5483.0;0.006743
1946;barabasi;120342.0;0.004861;120342.0;0.001182;120342.0;0.012946
1946;complete;5372.0;0.004446;5991.0;0.002875;5372.0;0.006733
1946;erdos;83964.0;0.005193;88005.0;0.001243;83964.0;0.020439
1946;regular;733137.0;0.004785;733137.0;0.001279;733137.0;0.015468
1946;watts;427787.0;0.004799;427787.0;0.001071;427787.0;0.026004
1949;barabasi;116381.0;0.004816;116381.0;0.001168;116381.0;0.016253
1949;complete;5320.0;0.004243;5740.0;0.002849;5320.0;0.006752
1949;erdos;73223.0;0.005197;76821.0;0.001272;73223.0;0.015138
1949;regular;16003395.0;0.002824;16003395.0;0.00058;16003395.0;0.140317
1949;watts;523682.0;0.004904;523682.0;0.001168;523682.0;0.022894
1952;barabasi;122413.0;0.005213;122413.0;0.001164;122413.0;0.014573
1952;complete;5476.0;0.004218;6037.0;0.002881;5476.0;0.006763
1952;erdos;67902.0;0.005259;71601.0;0.001264;67902.0;0.016857
1952;regular;840805.0;0.005168;840805.0;0.001133;840805.0;0.016711
1952;watts;521701.0;0.004701;521701.0;0.001129;521701.0;0.021123
1955;barabasi;108985.0;0.004956;108985.0;0.001175;108985.0;0.012889
1955;complete;5539.0;0.004307;6174.0;0.00289;5539.0;0.006806
1955;erdos;70245.0;0.005311;74338.0;0.001305;70245.0;0.016907
1955;regular;39255313.0;0.004439;39255313.0;0.000903;39255313.0;0.347719
1955;watts;507927.0;0.004737;507927.0;0.001141;507927.0;0.021193
1958;barabasi;154453.0;0.005155;154453.0;0.00118;154453.0;0.014709
1958;complete;5493.0;0.004264;6126.0;0.002907;5493.0;0.006815
1958;erdos;88977.0;0.005289;93432.0;0.001268;88977.0;0.017101
1958;regular;773119.0;0.004942;773119.0;0.001081;773119.0;0.017817
1958;watts;520616.0;0.004733;520616.0;0.00111;520616.0;0.028533
1961;barabasi;146681.0;0.004934;146681.0;0.001154;146681.0;0.014709
1961;complete;5475.0;0.004239;6075.0;0.002889;5475.0;0.006839
1961;erdos;83148.0;0.005409;86356.0;0.001284;83148.0;0.021153
1961;regular;31855888.0;0.004113;31855888.0;0.000792;31855888.0;0.286015
1961;watts;483526.0;0.004799;483526.0;0.001106;483526.0;0.023121
1964;barabasi;108250.0;0.00493;108250.0;0.001161;108250.0;0.013003
1964;complete;5603.0;0.004583;6273.0;0.002884;5603.0;0.006852
1964;erdos;70568.0;0.005379;74425.0;0.001305;70568.0;0.020838
1964;regular;438017.0;0.004568;438017.0;0.001049;438017.0;0.014946
1964;watts;552087.0;0.004782;552087.0;0.0011;552087.0;0.020845
1967;erdos;99462.0;0.005394;103190.0;0.001417;99462.0;0.02115
1967;regular;47933175.0;0.004847;47933175.0;0.000983;47933175.0;0.425465
1967;watts;469008.0;0.004738;469008.0;0.001111;469008.0;0.027458
1967;barabasi;124272.0;0.004955;124272.0;0.00117;124272.0;0.016535
1967;complete;5581.0;0.004643;6240.0;0.002919;5581.0;0.006876
1970;barabasi;112960.0;0.004949;112960.0;0.001166;112960.0;0.01308
1970;complete;5610.0;0.004677;6339.0;0.002914;5610.0;0.006899
1970;erdos;107347.0;0.005322;111000.0;0.001298;107347.0;0.017476
1970;regular;857565.0;0.004937;857565.0;0.001099;857565.0;0.016266
1970;watts;583467.0;0.004735;583467.0;0.001089;583467.0;0.021311
1973;barabasi;153234.0;0.005104;153234.0;0.001192;153234.0;0.016995
1973;complete;5565.0;0.004372;6291.0;0.00293;5565.0;0.006898
1973;erdos;148016.0;0.005354;152342.0;0.001316;148016.0;0.019136
1973;regular;45415496.0;0.00483;45415496.0;0.000982;45415496.0;0.40906
1973;watts;616748.0;0.004696;616748.0;0.001127;616748.0;0.022706
1976;barabasi;119071.0;0.004946;119071.0;0.001169;119071.0;0.020185
1976;complete;5517.0;0.004303;6060.0;0.002942;5517.0;0.006938
1976;erdos;73927.0;0.005405;77588.0;0.001335;73927.0;0.019323
1976;regular;862575.0;0.005023;862575.0;0.001077;862575.0;0.016772
1976;watts;488216.0;0.004922;488216.0;0.001129;488216.0;0.025101
1978;erdos;97815.0;0.005421;101364.0;0.001297;97815.0;0.018935
1978;barabasi;121277.0;0.005052;121277.0;0.001229;121277.0;0.015053
1978;complete;5622.0;0.004391;6262.0;0.002945;5622.0;0.006973
1978;regular;801763.0;0.005056;801763.0;0.001079;801763.0;0.017374
1978;watts;575289.0;0.004858;575289.0;0.001129;575289.0;0.019736
1981;barabasi;126310.0;0.004927;126310.0;0.001181;126310.0;0.014988
1981;complete;5526.0;0.004579;6169.0;0.00295;5526.0;0.006997
1981;erdos;80731.0;0.005468;84493.0;0.001318;80731.0;0.017539
1981;regular;22399599.0;0.003445;22399599.0;0.000671;22399599.0;0.205794
1981;watts;457095.0;0.004885;457095.0;0.001192;457095.0;0.023417
1984;barabasi;120284.0;0.005317;120284.0;0.00123;120284.0;0.016837
1984;complete;5547.0;0.004317;6177.0;0.002963;5547.0;0.007046
1984;erdos;75159.0;0.005405;79319.0;0.001328;75159.0;0.017764
1984;regular;721773.0;0.005;721773.0;0.001129;721773.0;0.02144
1984;watts;489957.0;0.004716;489957.0;0.00131;489957.0;0.027278
1987;barabasi;129594.0;0.0052;129594.0;0.001179;129594.0;0.015068
1987;complete;5587.0;0.004355;6112.0;0.002975;5587.0;0.007017
1987;erdos;80835.0;0.005379;84943.0;0.001296;80835.0;0.01941
1987;regular;2186288.0;0.000943;2186288.0;0.000217;2186288.0;0.024476
1987;watts;496186.0;0.004835;496186.0;0.001142;496186.0;0.023692
1990;regular;430599.0;0.004868;430599.0;0.001036;430599.0;0.019219
1990;watts;564673.0;0.004811;564673.0;0.001112;564673.0;0.021737
1990;erdos;113197.0;0.005573;117435.0;0.001313;113197.0;0.017203
1990;barabasi;131305.0;0.005015;131305.0;0.00121;131305.0;0.015138
1990;complete;5412.0;0.004359;5814.0;0.002986;5412.0;0.007056
1993;barabasi;154147.0;0.005126;154147.0;0.001223;154147.0;0.017009
1993;complete;5664.0;0.004414;6296.0;0.002999;5664.0;0.007068
1993;erdos;79440.0;0.005432;83988.0;0.001336;79440.0;0.017721
1993;regular;27905970.0;0.003807;27905970.0;0.000799;27905970.0;0.245178
1993;watts;545078.0;0.004893;545078.0;0.001124;545078.0;0.023335
1996;barabasi;121829.0;0.005061;121829.0;0.001244;121829.0;0.013428
1996;complete;5529.0;0.004736;6042.0;0.003021;5529.0;0.007081
1996;erdos;97071.0;0.005436;101301.0;0.001317;97071.0;0.021677
1996;regular;795562.0;0.005067;795562.0;0.001122;795562.0;0.019529
1996;watts;535329.0;0.004794;535329.0;0.001123;535329.0;0.025033
1999;barabasi;143544.0;0.005067;143544.0;0.001217;143544.0;0.015272
1999;complete;5675.0;0.004509;6254.0;0.003026;5675.0;0.007104
1999;erdos;110080.0;0.005473;115350.0;0.00132;110080.0;0.017763
1999;regular;23753929.0;0.003548;23753929.0;0.000693;23753929.0;0.219039
1999;watts;560104.0;0.004881;560104.0;0.001118;560104.0;0.027412
2002;barabasi;119759.0;0.005096;119759.0;0.001242;119759.0;0.013514
2002;complete;5712.0;0.004496;6475.0;0.003018;5712.0;0.007121
2002;erdos;96046.0;0.005486;99993.0;0.001356;96046.0;0.017788
2002;regular;739551.0;0.005161;739551.0;0.001109;739551.0;0.015596
2002;watts;473820.0;0.004867;473820.0;0.001133;473820.0;0.025738
2005;barabasi;145010.0;0.005064;145010.0;0.001197;145010.0;0.015352
2005;complete;5660.0;0.004808;6204.0;0.003026;5660.0;0.007145
2005;erdos;90824.0;0.005517;94680.0;0.001322;90824.0;0.019675
2005;regular;30563405.0;0.004064;30563405.0;0.000803;30563405.0;0.283374
2005;watts;620583.0;0.004987;620583.0;0.001145;620583.0;0.028785
2008;barabasi;126564.0;0.005237;126564.0;0.001234;126564.0;0.013588
2008;complete;5604.0;0.004437;6275.0;0.003038;5604.0;0.007155
2008;erdos;98599.0;0.005556;102866.0;0.001381;98599.0;0.017912
2008;regular;752689.0;0.005107;752689.0;0.001098;752689.0;0.018169
2008;watts;578665.0;0.004981;578665.0;0.001155;578665.0;0.027579
2011;barabasi;116912.0;0.005172;116912.0;0.001217;116912.0;0.013924
2011;complete;5782.0;0.004525;6480.0;0.003035;5782.0;0.007188
2011;erdos;115028.0;0.005508;119029.0;0.001376;115028.0;0.020021
2011;regular;1370201.0;0.000744;1370201.0;0.000174;1370201.0;0.018855
2011;watts;595230.0;0.005121;595230.0;0.001128;595230.0;0.02369
2014;erdos;84540.0;0.005543;88998.0;0.001364;84540.0;0.018103
2014;regular;776410.0;0.00521;776410.0;0.001156;776410.0;0.018156
2014;watts;548496.0;0.005033;548496.0;0.001164;548496.0;0.026004
2014;barabasi;131454.0;0.005227;131454.0;0.00125;131454.0;0.013912
2014;complete;5673.0;0.004465;6391.0;0.003065;5673.0;0.007209
2017;barabasi;124261.0;0.005226;124261.0;0.001243;124261.0;0.017374
2017;complete;5537.0;0.004532;6024.0;0.003039;5537.0;0.007229
2017;erdos;81602.0;0.005586;85566.0;0.001327;81602.0;0.022102
2017;regular;22660935.0;0.003505;22660935.0;0.000684;22660935.0;0.210067
2017;watts;599243.0;0.004948;599243.0;0.001138;599243.0;0.023009
2020;barabasi;138940.0;0.005284;138940.0;0.001224;138940.0;0.015594
2020;complete;5692.0;0.00449;6256.0;0.003077;5692.0;0.007266
2020;erdos;81669.0;0.005591;85403.0;0.001335;81669.0;0.018257
2020;regular;800213.0;0.005165;800213.0;0.001114;800213.0;0.018048
2020;watts;569252.0;0.004892;569252.0;0.00121;569252.0;0.026362
2023;barabasi;125589.0;0.005365;125589.0;0.001242;125589.0;0.015896
2023;complete;5734.0;0.004697;6401.0;0.003068;5734.0;0.007264
2023;erdos;82028.0;0.00596;86630.0;0.001449;82028.0;0.018198
2023;regular;51800707.0;0.005233;51800707.0;0.001052;51800707.0;0.480831
2023;watts;602600.0;0.005059;602600.0;0.001172;602600.0;0.027374
2027;erdos;95821.0;0.005648;100378.0;0.001351;95821.0;0.022621
2027;barabasi;121037.0;0.005697;121037.0;0.001242;121037.0;0.016212
2027;complete;5685.0;0.004786;6323.0;0.003099;5685.0;0.007297
2027;regular;33619843.0;0.004306;33619843.0;0.00084;33619843.0;0.301968
2027;watts;505563.0;0.005061;505563.0;0.001405;505563.0;0.026637
2030;barabasi;139988.0;0.005298;139988.0;0.001239;139988.0;0.015729
2030;complete;5989.0;0.004961;6946.0;0.003133;5989.0;0.007317
2030;erdos;97170.0;0.00577;101601.0;0.001456;97170.0;0.020412
2030;regular;464479.0;0.004916;464479.0;0.001089;464479.0;0.018562
2030;watts;588927.0;0.005222;588927.0;0.001189;588927.0;0.031525
2033;barabasi;196719.0;0.005393;196719.0;0.001297;196719.0;0.015918
2033;complete;5836.0;0.004891;6505.0;0.003122;5836.0;0.007341
2033;erdos;94302.0;0.005657;98986.0;0.001401;94302.0;0.018407
2033;regular;32848174.0;0.004405;32848174.0;0.00085;32848174.0;0.330077
2033;watts;546179.0;0.00522;546179.0;0.00127;546179.0;0.024712
2036;barabasi;134557.0;0.005352;134557.0;0.001252;134557.0;0.017679
2036;complete;5797.0;0.004971;6467.0;0.003125;5797.0;0.007379
2036;erdos;100136.0;0.005733;104708.0;0.001372;100136.0;0.020376
2036;regular;777531.0;0.005267;777531.0;0.001191;777531.0;0.016597
2036;watts;490229.0;0.005222;490229.0;0.001179;490229.0;0.024673
2039;regular;38151343.0;0.004678;38151343.0;0.000943;38151343.0;0.352713
2039;watts;506299.0;0.005108;506299.0;0.001197;506299.0;0.024965
2039;erdos;106466.0;0.005732;111152.0;0.00137;106466.0;0.022211
2039;barabasi;145490.0;0.005426;145490.0;0.00139;145490.0;0.01775
2039;complete;5794.0;0.004712;6472.0;0.003122;5794.0;0.007427
2042;barabasi;149335.0;0.005348;149335.0;0.001306;149335.0;0.014056
2042;complete;5615.0;0.004595;6049.0;0.003104;5615.0;0.007422
2042;erdos;99141.0;0.005719;103105.0;0.001381;99141.0;0.024638
2042;regular;537047.0;0.00501;537047.0;0.001082;537047.0;0.018213
2042;watts;561656.0;0.005006;561656.0;0.001166;561656.0;0.03019
2045;barabasi;142287.0;0.005307;142287.0;0.001251;142287.0;0.015984
2045;complete;5852.0;0.004652;6655.0;0.003146;5852.0;0.007444
2045;erdos;87108.0;0.005743;91187.0;0.001408;87108.0;0.02097
2045;regular;12287.0;7.1e-05;12287.0;2.1e-05;12287.0;0.002977
2045;watts;498573.0;0.005303;498573.0;0.001195;498573.0;0.026338
2048;barabasi;141221.0;0.005565;141221.0;0.001254;141221.0;0.018186
2048;complete;5664.0;0.004627;6207.0;0.003137;5664.0;0.007448
2048;erdos;77197.0;0.005804;81825.0;0.001392;77197.0;0.018772
2048;regular;891270.0;0.005104;891270.0;0.001115;891270.0;0.016041
2048;watts;417474.0;0.005058;417474.0;0.001185;417474.0;0.02686
2051;erdos;80760.0;0.005847;84957.0;0.001394;80760.0;0.020808
2051;barabasi;122200.0;0.005395;122200.0;0.001259;122200.0;0.016071
2051;complete;5714.0;0.004714;6246.0;0.003184;5714.0;0.007498
2051;regular;44476118.0;0.004956;44476118.0;0.001019;44476118.0;0.415768
2051;watts;592934.0;0.005178;592934.0;0.001183;592934.0;0.027178
2054;barabasi;150065.0;0.005424;150065.0;0.001278;150065.0;0.018054
2054;complete;5718.0;0.004568;6272.0;0.003194;5718.0;0.007496
2054;erdos;91655.0;0.005852;96055.0;0.001393;91655.0;0.020939
2054;regular;814142.0;0.005703;814142.0;0.001194;814142.0;0.01898
2054;watts;510802.0;0.005388;510802.0;0.00121;510802.0;0.025246
2057;barabasi;128124.0;0.005672;128124.0;0.00128;128124.0;0.014263
2057;complete;5874.0;0.005075;6517.0;0.003206;5874.0;0.007537
2057;erdos;80399.0;0.0058;84909.0;0.0014;80399.0;0.021392
2057;regular;23288232.0;0.003619;23288232.0;0.000813;23288232.0;0.218483
2057;watts;518071.0;0.005423;518071.0;0.001249;518071.0;0.025195
2060;barabasi;131100.0;0.005736;131100.0;0.001305;131100.0;0.016204
2060;complete;5900.0;0.004723;6549.0;0.003192;5900.0;0.007533
2060;erdos;81837.0;0.00597;85866.0;0.001445;81837.0;0.018907
2060;regular;800170.0;0.005373;800170.0;0.001144;800170.0;0.017092
2060;watts;546329.0;0.005088;546329.0;0.001225;546329.0;0.027045
2063;regular;48680228.0;0.005123;48680228.0;0.001017;48680228.0;0.451662
2063;watts;577542.0;0.005075;577542.0;0.00117;577542.0;0.030957
2063;barabasi;137947.0;0.005352;137947.0;0.001281;137947.0;0.014328
2063;complete;5841.0;0.005034;6521.0;0.003255;5841.0;0.00757
2063;erdos;79076.0;0.005854;83030.0;0.001406;79076.0;0.018861
2066;barabasi;151754.0;0.005414;151754.0;0.001303;151754.0;0.016287
2066;complete;5621.0;0.005048;6120.0;0.003215;5621.0;0.007631
2066;erdos;78196.0;0.005887;82480.0;0.001427;78196.0;0.020987
2066;regular;431408.0;0.00507;431408.0;0.001116;431408.0;0.018938
2066;watts;487066.0;0.005212;487066.0;0.001251;487066.0;0.027433
2069;barabasi;123751.0;0.005425;123751.0;0.0013;123751.0;0.016521
2069;complete;5806.0;0.004694;6427.0;0.003203;5806.0;0.007596
2069;erdos;78054.0;0.005837;82762.0;0.001412;78054.0;0.021192
2069;regular;44445674.0;0.005047;44445674.0;0.001003;44445674.0;0.431302
2069;watts;604244.0;0.005245;604244.0;0.001343;604244.0;0.027669
2073;barabasi;142059.0;0.005566;142059.0;0.001433;142059.0;0.018602
2073;complete;5655.0;0.004773;6116.0;0.003235;5655.0;0.00764
2073;erdos;81861.0;0.005872;86078.0;0.001427;81861.0;0.019174
2073;regular;31317859.0;0.004177;31317859.0;0.000849;31317859.0;0.30214
2073;watts;537624.0;0.00523;537624.0;0.001247;537624.0;0.025535
2076;barabasi;128909.0;0.0055;128909.0;0.00131;128909.0;0.014513
2076;complete;5896.0;0.005146;6756.0;0.003234;5896.0;0.007653
2076;erdos;84604.0;0.00592;89071.0;0.001549;84604.0;0.019368
2076;regular;776189.0;0.00545;776189.0;0.00118;776189.0;0.02499
2076;watts;711229.0;0.005371;711229.0;0.001221;711229.0;0.027549
2079;barabasi;137657.0;0.005483;137657.0;0.001336;137657.0;0.014551
2079;complete;5857.0;0.005137;6551.0;0.003275;5857.0;0.00767
2079;erdos;76023.0;0.006155;80573.0;0.001479;76023.0;0.01908
2079;regular;49805320.0;0.005502;49805320.0;0.001057;49805320.0;0.495867
2079;watts;545941.0;0.005341;545941.0;0.001376;545941.0;0.027711
2082;barabasi;141601.0;0.00557;141601.0;0.001303;141601.0;0.016543
2082;complete;5764.0;0.005061;6232.0;0.003237;5764.0;0.007694
2082;erdos;81009.0;0.006096;85133.0;0.001497;81009.0;0.021505
2082;regular;742597.0;0.005513;742597.0;0.001218;742597.0;0.017599
2082;watts;473029.0;0.005427;473029.0;0.001355;473029.0;0.02987
2085;barabasi;120069.0;0.005529;120069.0;0.001302;120069.0;0.016637
2085;complete;6021.0;0.00491;6914.0;0.003262;6021.0;0.007719
2085;erdos;83599.0;0.005953;88238.0;0.001424;83599.0;0.025373
2085;regular;30463090.0;0.004265;30463090.0;0.000818;30463090.0;0.290209
2085;watts;576328.0;0.005326;576328.0;0.001435;576328.0;0.027835
2088;regular;751032.0;0.005684;751032.0;0.001227;751032.0;0.019233
2088;watts;619125.0;0.005237;619125.0;0.001206;619125.0;0.029638
2088;erdos;78616.0;0.006217;83006.0;0.001641;78616.0;0.021714
2088;barabasi;157856.0;0.005821;157856.0;0.001318;157856.0;0.018616
2088;complete;5848.0;0.004908;6440.0;0.00329;5848.0;0.00774
2091;barabasi;139092.0;0.005663;139092.0;0.001312;139092.0;0.018665
2091;complete;5716.0;0.004864;6147.0;0.003267;5716.0;0.007769
2091;erdos;101814.0;0.005988;106075.0;0.001457;101814.0;0.021739
2091;regular;47692198.0;0.005222;47692198.0;0.00107;47692198.0;0.458934
2091;watts;503428.0;0.005314;503428.0;0.001242;503428.0;0.026085
2094;barabasi;110835.0;0.005566;110835.0;0.001384;110835.0;0.01476
2094;complete;5908.0;0.004808;6620.0;0.003267;5908.0;0.007774
2094;erdos;89427.0;0.005987;93481.0;0.001491;89427.0;0.021629
2094;regular;821754.0;0.005574;821754.0;0.001216;821754.0;0.017794
2094;watts;520144.0;0.005349;520144.0;0.001225;520144.0;0.026196
2098;barabasi;148341.0;0.00564;148341.0;0.001319;148341.0;0.018965
2098;complete;5805.0;0.005222;6507.0;0.003308;5805.0;0.007829
2098;erdos;86782.0;0.006213;92029.0;0.001481;86782.0;0.019546
2098;regular;834714.0;0.005797;834714.0;0.001531;834714.0;0.023075
2098;watts;509723.0;0.005365;509723.0;0.001257;509723.0;0.024155
2101;barabasi;187376.0;0.005675;187376.0;0.001373;187376.0;0.014855
2101;complete;5707.0;0.004904;6186.0;0.003418;5707.0;0.008036
2101;erdos;93205.0;0.00607;97439.0;0.001474;93205.0;0.023781
2101;regular;53508552.0;0.005402;53508552.0;0.001116;53508552.0;0.498331
2101;watts;630421.0;0.005511;630421.0;0.001454;630421.0;0.02653
2104;barabasi;137278.0;0.005682;137278.0;0.001354;137278.0;0.018878
2104;complete;5672.0;0.005303;6053.0;0.00331;5672.0;0.007944
2104;erdos;91530.0;0.006238;95989.0;0.001572;91530.0;0.021815
2104;regular;882868.0;0.005655;882868.0;0.001199;882868.0;0.018695
2104;watts;543319.0;0.005439;543319.0;0.001241;543319.0;0.03231
2107;barabasi;168114.0;0.005666;168114.0;0.001375;168114.0;0.022936
2107;complete;5803.0;0.004893;6283.0;0.003339;5803.0;0.007885
2107;erdos;93146.0;0.006138;96983.0;0.001486;93146.0;0.019884
2107;regular;51614117.0;0.005518;51614117.0;0.001105;51614117.0;0.50322
2107;watts;510084.0;0.005353;510084.0;0.00131;510084.0;0.025979
2110;barabasi;128391.0;0.005628;128391.0;0.001331;128391.0;0.014987
2110;complete;5952.0;0.004929;6684.0;0.00338;5952.0;0.007926
2110;erdos;77994.0;0.006137;81943.0;0.001478;77994.0;0.022084
2110;regular;857946.0;0.005713;857946.0;0.001253;857946.0;0.022482
2110;watts;476361.0;0.005351;476361.0;0.001231;476361.0;0.029822
2113;regular;9022355.0;0.002094;9022355.0;0.000488;9022355.0;0.08664
2113;watts;635610.0;0.005391;635610.0;0.001235;635610.0;0.026329
2113;erdos;77047.0;0.006148;81644.0;0.001617;77047.0;0.021992
2113;barabasi;123077.0;0.005715;123077.0;0.001348;123077.0;0.015161
2113;complete;6032.0;0.005021;6619.0;0.003334;6032.0;0.007936
2117;barabasi;123637.0;0.00603;123637.0;0.001408;123637.0;0.019126
2117;complete;6010.0;0.004976;6765.0;0.003342;6010.0;0.007954
2117;erdos;100093.0;0.006102;104776.0;0.001479;100093.0;0.019807
2117;regular;7025933.0;0.001836;7025933.0;0.000411;7025933.0;0.073134
2117;watts;534675.0;0.005467;534675.0;0.001272;534675.0;0.026238
2120;barabasi;119387.0;0.005704;119387.0;0.00138;119387.0;0.01515
2120;complete;5956.0;0.005342;6748.0;0.003368;5956.0;0.007979
2120;erdos;109673.0;0.006276;114375.0;0.001606;109673.0;0.022158
2120;regular;778412.0;0.005654;778412.0;0.001215;778412.0;0.018135
2120;watts;550553.0;0.005497;550553.0;0.001266;550553.0;0.024662
2123;barabasi;138359.0;0.005774;138359.0;0.001343;138359.0;0.017183
2123;complete;5907.0;0.005022;6513.0;0.003397;5907.0;0.00802
2123;erdos;94122.0;0.006229;98372.0;0.001485;94122.0;0.024395
2123;regular;41455517.0;0.004954;41455517.0;0.001016;41455517.0;0.387414
2123;watts;607954.0;0.005563;607954.0;0.00149;607954.0;0.028852
2126;barabasi;140211.0;0.005725;140211.0;0.001349;140211.0;0.015427
2126;complete;5756.0;0.004985;6229.0;0.00338;5756.0;0.008036
2126;erdos;106941.0;0.006214;111117.0;0.001592;106941.0;0.02242
2126;regular;849615.0;0.005722;849615.0;0.001225;849615.0;0.022547
2126;watts;613033.0;0.005447;613033.0;0.001259;613033.0;0.024704
2129;barabasi;125002.0;0.005789;125002.0;0.001352;125002.0;0.019337
2129;complete;5839.0;0.005012;6309.0;0.003371;5839.0;0.008049
2129;erdos;109673.0;0.006266;114190.0;0.001764;109673.0;0.026672
2129;regular;25761613.0;0.003951;25761613.0;0.000771;25761613.0;0.242949
2129;watts;542964.0;0.005613;542964.0;0.001301;542964.0;0.026907
2132;barabasi;144938.0;0.005955;144938.0;0.001613;144938.0;0.017363
2132;complete;5960.0;0.005335;6527.0;0.003393;5960.0;0.008062
2132;erdos;82066.0;0.006311;86370.0;0.001498;82066.0;0.024791
2132;regular;506845.0;0.005502;506845.0;0.001202;506845.0;0.018518
2132;watts;544431.0;0.00572;544431.0;0.001373;544431.0;0.030978
2136;barabasi;162902.0;0.005837;162902.0;0.001357;162902.0;0.017388
2136;complete;5916.0;0.005057;6432.0;0.003414;5916.0;0.0081
2136;erdos;91254.0;0.00631;95648.0;0.001786;91254.0;0.022619
2136;regular;16.0;1e-05;16.0;7e-06;16.0;0.003022
2136;watts;529374.0;0.005707;529374.0;0.001393;529374.0;0.025005
2139;regular;22423791.0;0.003676;22423791.0;0.000725;22423791.0;0.224892
2139;watts;504789.0;0.005629;504789.0;0.001313;504789.0;0.033263
2139;erdos;100376.0;0.006732;105112.0;0.001555;100376.0;0.020376
2139;barabasi;148409.0;0.005893;148409.0;0.001381;148409.0;0.017676
2139;complete;6082.0;0.005461;6959.0;0.003459;6082.0;0.008134
2142;barabasi;157672.0;0.005804;157672.0;0.001353;157672.0;0.019538
2142;complete;6039.0;0.005014;6681.0;0.003467;6039.0;0.008155
2142;erdos;85071.0;0.006341;90082.0;0.001722;85071.0;0.020489
2142;regular;891355.0;0.005801;891355.0;0.001229;891355.0;0.01795
2142;watts;571158.0;0.005881;571158.0;0.00131;571158.0;0.033443
2145;barabasi;159785.0;0.006248;159785.0;0.001371;159785.0;0.015466
2145;complete;5899.0;0.005427;6350.0;0.003464;5899.0;0.008171
2145;erdos;90142.0;0.006479;95185.0;0.001585;90142.0;0.022683
2145;regular;10442498.0;0.002376;10442498.0;0.000548;10442498.0;0.111581
2145;watts;554230.0;0.005519;554230.0;0.001316;554230.0;0.026995
2149;barabasi;117851.0;0.005892;117851.0;0.001409;117851.0;0.015792
2149;complete;5930.0;0.005478;6348.0;0.003459;5930.0;0.008179
2149;erdos;79537.0;0.006535;84076.0;0.001524;79537.0;0.022941
2149;regular;42810406.0;0.005103;42810406.0;0.001062;42810406.0;0.433603
2149;watts;588824.0;0.005802;588824.0;0.001356;588824.0;0.031228
2152;barabasi;129982.0;0.005875;129982.0;0.001366;129982.0;0.01556
2152;complete;5994.0;0.005434;6574.0;0.003461;5994.0;0.008215
2152;erdos;83886.0;0.006384;88498.0;0.001783;83886.0;0.018284
2152;regular;845449.0;0.005854;845449.0;0.001278;845449.0;0.024057
2152;watts;555926.0;0.005604;555926.0;0.001286;555926.0;0.027559
2155;barabasi;119801.0;0.005873;119801.0;0.001378;119801.0;0.015593
2155;complete;5913.0;0.005082;6420.0;0.003479;5913.0;0.008244
2155;erdos;83862.0;0.006401;88943.0;0.001555;83862.0;0.025166
2155;regular;32539131.0;0.004521;32539131.0;0.000882;32539131.0;0.329505
2155;watts;568207.0;0.005664;568207.0;0.001334;568207.0;0.029659
2158;barabasi;128819.0;0.005989;128819.0;0.0016;128819.0;0.015792
2158;complete;6013.0;0.005075;6571.0;0.003493;6013.0;0.008273
2158;erdos;88562.0;0.006764;92800.0;0.001522;88562.0;0.023019
2158;regular;935529.0;0.005985;935529.0;0.001289;935529.0;0.018411
2158;watts;603064.0;0.005704;603064.0;0.001307;603064.0;0.023209
2161;barabasi;142427.0;0.005994;142427.0;0.001392;142427.0;0.015814
2161;complete;6061.0;0.005558;6660.0;0.00351;6061.0;0.008326
2161;erdos;107988.0;0.006494;113063.0;0.001559;107988.0;0.020943
2161;regular;55944464.0;0.005755;55944464.0;0.001173;55944464.0;0.545097
2161;watts;486562.0;0.005662;486562.0;0.001308;486562.0;0.025486
2165;regular;54358040.0;0.005935;54358040.0;0.001185;54358040.0;0.54473
2165;watts;589549.0;0.006034;589549.0;0.001319;589549.0;0.027139
2165;erdos;81112.0;0.006545;85948.0;0.001568;81112.0;0.021022
2165;barabasi;157794.0;0.006149;157794.0;0.001455;157794.0;0.017951
2165;complete;5983.0;0.005145;6457.0;0.003501;5983.0;0.008327
2168;barabasi;126764.0;0.005995;126764.0;0.001388;126764.0;0.017895
2168;complete;5934.0;0.005242;6279.0;0.003549;5934.0;0.008338
2168;erdos;80853.0;0.006457;85817.0;0.001522;80853.0;0.020842
2168;regular;863927.0;0.005989;863927.0;0.001322;863927.0;0.018923
2168;watts;509472.0;0.005765;509472.0;0.001374;509472.0;0.032197
2171;barabasi;138611.0;0.006046;138611.0;0.001429;138611.0;0.017955
2171;complete;6197.0;0.005213;6966.0;0.003575;6197.0;0.008385
2171;erdos;87811.0;0.006704;92326.0;0.001664;87811.0;0.021063
2171;regular;2572502.0;0.001059;2572502.0;0.000251;2572502.0;0.030525
2171;watts;567437.0;0.005814;567437.0;0.001362;567437.0;0.024097
2174;barabasi;137442.0;0.006095;137442.0;0.001456;137442.0;0.015981
2174;complete;5901.0;0.00518;6408.0;0.003526;5901.0;0.008411
2174;erdos;78430.0;0.006509;83708.0;0.001555;78430.0;0.023476
2174;regular;643164.0;0.005752;643164.0;0.001213;643164.0;0.015966
2174;watts;621317.0;0.00593;621317.0;0.001423;621317.0;0.032054
2178;barabasi;147843.0;0.006342;147843.0;0.001447;147843.0;0.015954
2178;complete;6154.0;0.005251;6867.0;0.003554;6154.0;0.00841
2178;erdos;82657.0;0.006611;87263.0;0.001765;82657.0;0.021425
2178;regular;630001.0;0.005654;630001.0;0.001217;630001.0;0.017909
2178;watts;531843.0;0.005767;531843.0;0.001306;531843.0;0.027377
2181;barabasi;141554.0;0.006014;141554.0;0.001399;141554.0;0.020235
2181;complete;6034.0;0.00517;6487.0;0.003524;6034.0;0.008432
2181;erdos;86323.0;0.006535;91174.0;0.001564;86323.0;0.023646
2181;regular;1712915.0;0.000886;1712915.0;0.000222;1712915.0;0.020764
2181;watts;498155.0;0.005881;498155.0;0.001344;498155.0;0.027909
2184;barabasi;183013.0;0.006062;183013.0;0.001452;183013.0;0.020317
2184;complete;6085.0;0.00529;6849.0;0.003582;6085.0;0.008484
2184;erdos;77399.0;0.006561;82013.0;0.001647;77399.0;0.023604
2184;regular;536574.0;0.006104;536574.0;0.001246;536574.0;0.018964
2184;watts;475953.0;0.005885;475953.0;0.001355;475953.0;0.025903
2188;barabasi;128672.0;0.006079;128672.0;0.00142;128672.0;0.018499
2188;complete;6054.0;0.005257;6621.0;0.003584;6054.0;0.008497
2188;erdos;75731.0;0.00666;81103.0;0.001578;75731.0;0.026231
2188;regular;824378.0;0.0061;824378.0;0.001356;824378.0;0.020747
2188;watts;591364.0;0.005864;591364.0;0.001363;591364.0;0.026206
2191;regular;6094783.0;0.001759;6094783.0;0.000389;6094783.0;0.066483
2191;watts;534426.0;0.005885;534426.0;0.001385;534426.0;0.028344
2191;erdos;74231.0;0.006679;79534.0;0.001718;74231.0;0.021358
2191;barabasi;151140.0;0.006356;151140.0;0.001466;151140.0;0.018458
2191;complete;6033.0;0.005619;6612.0;0.003577;6033.0;0.008518
2194;barabasi;154326.0;0.006195;154326.0;0.001463;154326.0;0.020499
2194;complete;6132.0;0.00565;6718.0;0.003601;6132.0;0.008535
2194;erdos;97128.0;0.006758;101643.0;0.001583;97128.0;0.023844
2194;regular;882812.0;0.006191;882812.0;0.001343;882812.0;0.021055
2194;watts;614940.0;0.006127;614940.0;0.001396;614940.0;0.031015
2197;barabasi;138354.0;0.00615;138354.0;0.001486;138354.0;0.018417
2197;complete;6173.0;0.00531;6792.0;0.003708;6173.0;0.008633
2197;erdos;89457.0;0.006653;94603.0;0.001568;89457.0;0.023899
2197;regular;56455626.0;0.005911;56455626.0;0.001231;56455626.0;0.578075
2197;watts;524599.0;0.005993;524599.0;0.001363;524599.0;0.031869
2201;barabasi;147521.0;0.006253;147521.0;0.001462;147521.0;0.018456
2201;complete;6119.0;0.005401;6697.0;0.003661;6119.0;0.008604
2201;erdos;129425.0;0.006655;134274.0;0.001588;129425.0;0.028459
2201;regular;59507837.0;0.006098;59507837.0;0.001224;59507837.0;0.621895
2201;watts;592448.0;0.005906;592448.0;0.001362;592448.0;0.028608
2204;barabasi;125517.0;0.006396;125517.0;0.001819;125517.0;0.018557
2204;complete;6011.0;0.005789;6450.0;0.003629;6011.0;0.008623
2204;erdos;89559.0;0.006918;94317.0;0.001589;89559.0;0.021662
2204;regular;539258.0;0.006042;539258.0;0.00125;539258.0;0.021158
2204;watts;556937.0;0.005982;556937.0;0.001389;556937.0;0.030603
2207;barabasi;173241.0;0.006181;173241.0;0.001474;173241.0;0.018549
2207;complete;6037.0;0.005716;6537.0;0.003654;6037.0;0.008671
2207;erdos;85233.0;0.006774;90375.0;0.00162;85233.0;0.024204
2207;regular;4595184.0;0.001513;4595184.0;0.00037;4595184.0;0.050556
2207;watts;642606.0;0.006378;642606.0;0.001766;642606.0;0.035149
2211;barabasi;149415.0;0.006599;149415.0;0.001704;149415.0;0.018644
2211;complete;6239.0;0.005882;6817.0;0.003683;6239.0;0.00869
2211;erdos;102897.0;0.006748;107988.0;0.001597;102897.0;0.021927
2211;regular;4287011.0;0.001408;4287011.0;0.000317;4287011.0;0.045391
2211;watts;521995.0;0.005992;521995.0;0.001578;521995.0;0.03124
2214;barabasi;163017.0;0.00632;163017.0;0.001614;163017.0;0.023314
2214;complete;6073.0;0.005724;6587.0;0.003682;6073.0;0.008701
2214;erdos;89504.0;0.006709;94586.0;0.001599;89504.0;0.026597
2214;regular;878197.0;0.006336;878197.0;0.001381;878197.0;0.021392
2214;watts;511760.0;0.006218;511760.0;0.001409;511760.0;0.028959
2217;regular;338811.0;0.000422;338811.0;9.7e-05;338811.0;0.007557
2217;watts;603269.0;0.006179;603269.0;0.001496;603269.0;0.029557
2217;erdos;98370.0;0.007252;102999.0;0.001612;98370.0;0.024272
2217;barabasi;175898.0;0.006578;175898.0;0.001497;175898.0;0.023199
2217;complete;6093.0;0.005379;6583.0;0.003697;6093.0;0.008737
2221;barabasi;139639.0;0.006348;139639.0;0.001507;139639.0;0.016596
2221;complete;6129.0;0.005452;6692.0;0.003726;6129.0;0.008758
2221;erdos;80435.0;0.006775;85423.0;0.001629;80435.0;0.022166
2221;regular;42941697.0;0.005428;42941697.0;0.001069;42941697.0;0.452173
2221;watts;560999.0;0.006144;560999.0;0.001417;560999.0;0.03162
2224;barabasi;140736.0;0.006632;140736.0;0.001785;140736.0;0.016647
2224;complete;6384.0;0.0063;7078.0;0.003782;6384.0;0.008784
2224;erdos;107569.0;0.006804;111782.0;0.001629;107569.0;0.024612
2224;regular;821707.0;0.00642;821707.0;0.001398;821707.0;0.021747
2224;watts;548875.0;0.0064;548875.0;0.00157;548875.0;0.031757
2227;barabasi;142597.0;0.006809;142597.0;0.001721;142597.0;0.016675
2227;complete;6081.0;0.005476;6547.0;0.003681;6081.0;0.008793
2227;erdos;98345.0;0.007023;103321.0;0.001652;98345.0;0.024688
2227;regular;17426583.0;0.003353;17426583.0;0.000698;17426583.0;0.17756
2227;watts;587880.0;0.006183;587880.0;0.001396;587880.0;0.029417
2231;barabasi;157288.0;0.006438;157288.0;0.001529;157288.0;0.016772
2231;complete;6199.0;0.005396;6854.0;0.003727;6199.0;0.008835
2231;erdos;91269.0;0.006853;97060.0;0.001612;91269.0;0.027093
2231;regular;56264792.0;0.006006;56264792.0;0.001235;56264792.0;0.564873
2231;watts;601152.0;0.006251;601152.0;0.001468;601152.0;0.029597
2234;barabasi;177136.0;0.006393;177136.0;0.001663;177136.0;0.025771
2234;complete;6138.0;0.005509;6658.0;0.003706;6138.0;0.00886
2234;erdos;82126.0;0.00685;88373.0;0.001623;82126.0;0.022013
2234;regular;487648.0;0.006087;487648.0;0.001286;487648.0;0.020406
2234;watts;551165.0;0.006163;551165.0;0.001575;551165.0;0.036173
2237;barabasi;154476.0;0.006471;154476.0;0.001516;154476.0;0.019079
2237;complete;6237.0;0.00593;6831.0;0.003762;6237.0;0.008887
2237;erdos;88125.0;0.006898;93678.0;0.001671;88125.0;0.024922
2237;regular;2365746.0;0.001069;2365746.0;0.000267;2365746.0;0.02609
2237;watts;732524.0;0.006154;732524.0;0.00141;732524.0;0.036438
2241;barabasi;134316.0;0.006471;134316.0;0.001556;134316.0;0.016854
2241;complete;6461.0;0.006422;7195.0;0.004112;6461.0;0.009028
2241;erdos;99442.0;0.006994;104699.0;0.001679;99442.0;0.025167
2241;regular;64031229.0;0.006449;64031229.0;0.001518;64031229.0;0.63121
2241;watts;606027.0;0.006298;606027.0;0.001442;606027.0;0.031786
2244;regular;982525.0;0.0068;982525.0;0.001388;982525.0;0.022117
2244;watts;661661.0;0.006131;661661.0;0.001453;661661.0;0.029572
2244;erdos;93399.0;0.006956;98262.0;0.001667;93399.0;0.024758
2244;barabasi;152464.0;0.006836;152464.0;0.00187;152464.0;0.023761
2244;complete;6406.0;0.006153;7233.0;0.003768;6406.0;0.00895
2247;barabasi;140774.0;0.006421;140774.0;0.001573;140774.0;0.019244
2247;complete;6317.0;0.005677;7061.0;0.003807;6317.0;0.008968
2247;erdos;77615.0;0.006974;82052.0;0.001645;77615.0;0.022603
2247;regular;708218.0;0.005283;708218.0;0.001086;708218.0;0.018079
2247;watts;616734.0;0.006252;616734.0;0.001474;616734.0;0.034393
2251;barabasi;169485.0;0.00647;169485.0;0.001675;169485.0;0.019357
2251;complete;6200.0;0.005517;6710.0;0.003776;6200.0;0.009067
2251;erdos;102374.0;0.007053;107683.0;0.001653;102374.0;0.022573
2251;regular;20223087.0;0.003644;20223087.0;0.000734;20223087.0;0.205731
2251;watts;730028.0;0.006252;730028.0;0.001438;730028.0;0.0278
2254;barabasi;147446.0;0.006546;147446.0;0.001744;147446.0;0.019448
2254;complete;6275.0;0.00568;6813.0;0.003851;6275.0;0.009049
2254;erdos;85027.0;0.007398;90183.0;0.001701;85027.0;0.027329
2254;regular;833091.0;0.006779;833091.0;0.00144;833091.0;0.019488
2254;watts;519690.0;0.006256;519690.0;0.001536;519690.0;0.032316
2257;barabasi;137663.0;0.006625;137682.0;0.001605;137663.0;0.019437
2257;complete;6314.0;0.006056;6921.0;0.003824;6314.0;0.00907
2257;erdos;100714.0;0.00712;105907.0;0.001718;100714.0;0.025101
2257;regular;841917.0;0.000647;841917.0;0.000157;841917.0;0.012595
2257;watts;535868.0;0.006379;535868.0;0.001469;535868.0;0.034693
2261;barabasi;157802.0;0.006642;157802.0;0.001581;157802.0;0.017241
2261;complete;6192.0;0.005643;6621.0;0.003868;6192.0;0.009101
2261;erdos;123705.0;0.00725;128778.0;0.001739;123705.0;0.025446
2261;regular;19370865.0;0.003525;19370865.0;0.000737;19370865.0;0.205619
2261;watts;683615.0;0.00628;683615.0;0.001468;683615.0;0.030499
2264;barabasi;151088.0;0.006667;151088.0;0.001562;151088.0;0.017267
2264;complete;6284.0;0.005692;6820.0;0.003844;6284.0;0.009128
2264;erdos;98825.0;0.007363;104153.0;0.001827;98825.0;0.025479
2264;regular;510511.0;0.006287;510511.0;0.00144;510511.0;0.019374
2264;watts;521565.0;0.00657;521565.0;0.001524;521565.0;0.032783
2268;barabasi;142164.0;0.006605;142164.0;0.0016;142164.0;0.019611
2268;complete;6412.0;0.005818;7054.0;0.003871;6412.0;0.009147
2268;erdos;89112.0;0.007091;93466.0;0.00172;89112.0;0.027848
2268;regular;567005.0;0.006205;567005.0;0.001317;567005.0;0.019741
2268;watts;636555.0;0.006467;636555.0;0.001492;636555.0;0.032711
2271;regular;4021545.0;0.001403;4021545.0;0.000318;4021545.0;0.041551
2271;watts;586297.0;0.006404;586297.0;0.001624;586297.0;0.034891
2271;erdos;110413.0;0.007419;115339.0;0.001737;110413.0;0.027812
2271;barabasi;127744.0;0.006564;127744.0;0.001633;127744.0;0.022175
2271;complete;6437.0;0.006317;7298.0;0.003984;6437.0;0.009184
2274;barabasi;141766.0;0.006656;141766.0;0.001612;141766.0;0.0197
2274;complete;6368.0;0.00627;7041.0;0.003891;6368.0;0.009194
2274;erdos;78657.0;0.00731;83996.0;0.001935;78657.0;0.032841
2274;regular;828657.0;0.006333;828657.0;0.001369;828657.0;0.019432
2274;watts;563465.0;0.006467;563465.0;0.00159;563465.0;0.035353
2278;barabasi;164454.0;0.00686;164454.0;0.001666;164454.0;0.01976
2278;complete;6362.0;0.005765;7036.0;0.003889;6362.0;0.00921
2278;erdos;78896.0;0.007422;83817.0;0.001775;78896.0;0.025753
2278;regular;1074377.0;0.006664;1074377.0;0.001436;1074377.0;0.022743
2278;watts;628078.0;0.006524;628078.0;0.00154;628078.0;0.030915
2281;barabasi;152946.0;0.006733;152946.0;0.00174;152946.0;0.019803
2281;complete;6299.0;0.006043;6788.0;0.003887;6299.0;0.009236
2281;erdos;84669.0;0.007171;90052.0;0.001851;84669.0;0.025874
2281;regular;2547621.0;0.001114;2547621.0;0.000263;2547621.0;0.028591
2281;watts;620631.0;0.006329;620631.0;0.001498;620631.0;0.032511
2285;barabasi;136862.0;0.006654;136862.0;0.001562;136862.0;0.017536
2285;complete;6422.0;0.006284;7032.0;0.003932;6422.0;0.009258
2285;erdos;99685.0;0.007254;105249.0;0.001702;99685.0;0.023395
2285;regular;41110663.0;0.005347;41110663.0;0.001081;41110663.0;0.4232
2285;watts;558940.0;0.006389;558940.0;0.001492;558940.0;0.030767
2288;barabasi;167642.0;0.006738;167642.0;0.001656;167642.0;0.019973
2288;complete;6430.0;0.006399;7135.0;0.00398;6430.0;0.009314
2288;erdos;106135.0;0.007227;110716.0;0.001762;106135.0;0.023467
2288;regular;918735.0;0.006711;918735.0;0.001442;918735.0;0.025172
2288;watts;643466.0;0.006581;643466.0;0.00167;643466.0;0.028046
2292;barabasi;135428.0;0.006938;135428.0;0.001604;135428.0;0.020033
2292;complete;6309.0;0.005783;6895.0;0.003915;6309.0;0.009341
2292;erdos;87030.0;0.008013;91604.0;0.001753;87030.0;0.025883
2292;regular;985765.0;0.006826;985765.0;0.001531;985765.0;0.020553
2292;watts;546603.0;0.006604;546603.0;0.001643;546603.0;0.03552
2295;barabasi;155121.0;0.00674;155121.0;0.001624;155121.0;0.022473
2295;complete;6377.0;0.006115;6880.0;0.003954;6377.0;0.009368
2295;erdos;95208.0;0.007248;99659.0;0.001737;95208.0;0.026169
2295;regular;5264059.0;0.001666;5264059.0;0.000372;5264059.0;0.06162
2295;watts;636177.0;0.006505;636177.0;0.001686;636177.0;0.031252
2298;regular;860252.0;0.006807;860252.0;0.001506;860252.0;0.025517
2298;watts;584701.0;0.006491;584701.0;0.001502;584701.0;0.031157
2298;erdos;82916.0;0.007283;87548.0;0.0018;82916.0;0.021218
2298;barabasi;197625.0;0.006767;197625.0;0.001627;197625.0;0.017762
2298;complete;6227.0;0.006311;6637.0;0.003952;6227.0;0.009375
2302;barabasi;146642.0;0.006848;146642.0;0.001612;146642.0;0.017831
2302;complete;6314.0;0.005848;6759.0;0.003997;6314.0;0.009417
2302;erdos;81614.0;0.007319;86309.0;0.001735;81614.0;0.026309
2302;regular;854712.0;0.006891;854712.0;0.001602;854712.0;0.022667
2302;watts;523644.0;0.006541;523644.0;0.001531;523644.0;0.029107
2305;barabasi;139780.0;0.00701;139780.0;0.001697;139780.0;0.020556
2305;complete;6474.0;0.006509;7014.0;0.004013;6474.0;0.009461
2305;erdos;75164.0;0.007359;80431.0;0.001769;75164.0;0.023608
2305;regular;34295236.0;0.004979;34295236.0;0.001018;34295236.0;0.351103
2305;watts;598143.0;0.00658;598143.0;0.001501;598143.0;0.031376
2309;barabasi;157798.0;0.007021;157798.0;0.001619;157798.0;0.020351
2309;complete;6325.0;0.006297;6820.0;0.004032;6325.0;0.009476
2309;erdos;73016.0;0.007611;78377.0;0.001782;73016.0;0.026567
2309;regular;33330663.0;0.00494;33330663.0;0.000961;33330663.0;0.364581
2309;watts;594725.0;0.006626;594725.0;0.001535;594725.0;0.031682
2312;barabasi;158595.0;0.007079;158595.0;0.001743;158595.0;0.020381
2312;complete;6417.0;0.006477;7141.0;0.004022;6417.0;0.009514
2312;erdos;79760.0;0.007393;85065.0;0.001772;79760.0;0.031343
2312;regular;1030172.0;0.006858;1030172.0;0.001524;1030172.0;0.021278
2312;watts;578246.0;0.006518;578246.0;0.001624;578246.0;0.031541
2316;barabasi;142467.0;0.006868;142467.0;0.001764;142467.0;0.020456
2316;complete;6590.0;0.006111;7242.0;0.004045;6590.0;0.009632
2316;erdos;98946.0;0.007544;103712.0;0.001788;98946.0;0.026459
2316;regular;985741.0;0.007107;985741.0;0.001758;985741.0;0.023439
2316;watts;665328.0;0.006567;665328.0;0.001705;665328.0;0.02934
2319;barabasi;146358.0;0.006909;146358.0;0.001657;146358.0;0.020484
2319;complete;6440.0;0.006169;6999.0;0.004083;6440.0;0.009573
2319;erdos;81809.0;0.00759;87257.0;0.001856;81809.0;0.023931
2319;regular;67992671.0;0.006793;67992671.0;0.001439;67992671.0;0.699568
2319;watts;659667.0;0.00683;659667.0;0.001633;659667.0;0.034201
2323;barabasi;163268.0;0.006975;163268.0;0.001644;163268.0;0.022992
2323;complete;6488.0;0.005926;7220.0;0.004017;6488.0;0.009594
2323;erdos;102892.0;0.007535;107938.0;0.00178;102892.0;0.026681
2323;regular;59280565.0;0.006428;59280565.0;0.001315;59280565.0;0.594129
2323;watts;720874.0;0.006765;720874.0;0.001916;720874.0;0.038834
2326;regular;695698.0;0.006772;695698.0;0.001551;695698.0;0.023823
2326;watts;607222.0;0.006807;607222.0;0.001631;607222.0;0.034947
2326;erdos;75696.0;0.007762;80588.0;0.001832;75696.0;0.026838
2326;barabasi;178771.0;0.006926;178771.0;0.001687;178771.0;0.023072
2326;complete;6577.0;0.006022;7300.0;0.004047;6577.0;0.00962
2330;barabasi;141742.0;0.006998;141742.0;0.001631;141742.0;0.020863
2330;complete;6417.0;0.006448;6951.0;0.004097;6417.0;0.009659
2330;erdos;92386.0;0.007527;97444.0;0.001793;92386.0;0.0271
2330;regular;877095.0;0.007066;877095.0;0.001619;877095.0;0.023331
2330;watts;614966.0;0.006734;614966.0;0.001578;614966.0;0.036971
2333;barabasi;176712.0;0.006984;176712.0;0.00182;176712.0;0.0232
2333;complete;6498.0;0.006209;7052.0;0.004068;6498.0;0.009677
2333;erdos;84844.0;0.007594;89579.0;0.001881;84844.0;0.031893
2333;regular;14244685.0;0.003087;14244685.0;0.000693;14244685.0;0.161477
2333;watts;610595.0;0.006697;610595.0;0.001553;610595.0;0.034796
2337;barabasi;155822.0;0.00701;155822.0;0.001646;155822.0;0.02084
2337;complete;6552.0;0.006014;7258.0;0.004116;6552.0;0.009708
2337;erdos;75137.0;0.007837;80547.0;0.001901;75137.0;0.027059
2337;regular;4750457.0;0.001666;4750457.0;0.000373;4750457.0;0.054259
2337;watts;646589.0;0.007008;646589.0;0.001609;646589.0;0.037318
2340;barabasi;182466.0;0.007051;182466.0;0.001679;182466.0;0.020843
2340;complete;6245.0;0.00664;6655.0;0.004132;6245.0;0.009749
2340;erdos;105926.0;0.007708;110467.0;0.001786;105926.0;0.026901
2340;regular;863618.0;0.007072;863618.0;0.001836;863618.0;0.02476
2340;watts;576172.0;0.006736;576172.0;0.00164;576172.0;0.034683
2344;barabasi;154543.0;0.007119;154543.0;0.001681;154543.0;0.020942
2344;complete;6510.0;0.006359;7017.0;0.004113;6510.0;0.009778
2344;erdos;81767.0;0.007656;87394.0;0.001836;81767.0;0.029759
2344;regular;945656.0;0.00713;945656.0;0.001546;945656.0;0.025044
2344;watts;560970.0;0.006903;560970.0;0.001597;560970.0;0.027382
2347;barabasi;148165.0;0.007027;148165.0;0.00171;148165.0;0.018542
2347;complete;6354.0;0.00619;6852.0;0.004131;6354.0;0.00981
2347;erdos;86960.0;0.007917;92725.0;0.001792;86960.0;0.029965
2347;regular;47904053.0;0.005982;47904053.0;0.001175;47904053.0;0.497117
2347;watts;662504.0;0.006829;662504.0;0.001589;662504.0;0.035344
2351;barabasi;147442.0;0.007246;147442.0;0.001865;147442.0;0.021074
2351;complete;6523.0;0.005938;7083.0;0.004125;6523.0;0.009845
2351;erdos;78237.0;0.007648;84321.0;0.001858;78237.0;0.027728
2351;regular;20536428.0;0.003847;20536428.0;0.000855;20536428.0;0.221085
2351;watts;615422.0;0.006899;615422.0;0.001626;615422.0;0.032869
2354;regular;997215.0;0.007093;997215.0;0.001533;997215.0;0.024572
2354;watts;601925.0;0.006832;601925.0;0.001617;601925.0;0.035015
2354;erdos;93064.0;0.007658;98541.0;0.001858;93064.0;0.027621
2354;barabasi;159916.0;0.007368;159916.0;0.001689;159916.0;0.0236
2354;complete;6710.0;0.006292;7599.0;0.004164;6710.0;0.00988
2358;barabasi;146806.0;0.007106;146806.0;0.001704;146806.0;0.018687
2358;complete;6444.0;0.006481;6926.0;0.004159;6444.0;0.009912
2358;erdos;107033.0;0.007703;112394.0;0.00187;107033.0;0.027309
2358;regular;580679.0;0.006775;580679.0;0.001491;580679.0;0.021365
2358;watts;573322.0;0.006852;573322.0;0.001641;573322.0;0.043149
2361;barabasi;144687.0;0.007136;144687.0;0.001728;144687.0;0.018769
2361;complete;6637.0;0.006041;7290.0;0.004175;6637.0;0.009938
2361;erdos;87929.0;0.0077;93489.0;0.001829;87929.0;0.027674
2361;regular;24801031.0;0.004361;24801031.0;0.000848;24801031.0;0.289285
2361;watts;463286.0;0.006878;463286.0;0.001614;463286.0;0.030624
2365;barabasi;144536.0;0.007267;144536.0;0.001922;144536.0;0.016331
2365;complete;6608.0;0.006594;7235.0;0.004233;6608.0;0.009978
2365;erdos;89482.0;0.007814;95091.0;0.001894;89482.0;0.027809
2365;regular;56710460.0;0.006626;56710460.0;0.00134;56710460.0;0.603572
2365;watts;647333.0;0.006975;647333.0;0.001659;647333.0;0.035968
2368;barabasi;174067.0;0.007408;174067.0;0.001802;174067.0;0.026387
2368;complete;6450.0;0.006675;6809.0;0.00421;6450.0;0.009995
2368;erdos;102243.0;0.007853;107095.0;0.00191;102243.0;0.025101
2368;regular;590866.0;0.00711;590866.0;0.001477;590866.0;0.023162
2368;watts;609768.0;0.006924;609768.0;0.001625;609768.0;0.03086
2372;barabasi;169481.0;0.007482;169481.0;0.001725;169481.0;0.021528
2372;complete;6767.0;0.007059;7663.0;0.004267;6767.0;0.010042
2372;erdos;76983.0;0.007851;82537.0;0.001854;76983.0;0.033332
2372;regular;502856.0;0.006781;502856.0;0.001482;502856.0;0.027746
2372;watts;566851.0;0.006902;566851.0;0.001587;566851.0;0.037825
2375;barabasi;141823.0;0.007252;141823.0;0.001727;141823.0;0.018942
2375;complete;6563.0;0.006248;7066.0;0.004242;6563.0;0.010051
2375;erdos;81302.0;0.007827;86830.0;0.001872;81302.0;0.033239
2375;regular;23498706.0;0.004168;23498706.0;0.000875;23498706.0;0.257404
2375;watts;614703.0;0.007075;614703.0;0.001681;614703.0;0.035939
2379;barabasi;154058.0;0.007278;154058.0;0.001746;154058.0;0.021652
2379;complete;6564.0;0.006824;7140.0;0.00428;6564.0;0.010116
2379;erdos;109614.0;0.007834;114669.0;0.001893;109614.0;0.0283
2379;regular;40480974.0;0.005816;40480974.0;0.00115;40480974.0;0.451567
2379;watts;656135.0;0.007175;656135.0;0.001914;656135.0;0.038812
2383;regular;48781292.0;0.006175;48781292.0;0.001268;48781292.0;0.526017
2383;watts;651431.0;0.007246;651431.0;0.001707;651431.0;0.038778
2383;erdos;82281.0;0.007915;86966.0;0.001868;82281.0;0.031414
2383;barabasi;157219.0;0.007309;157219.0;0.001702;157219.0;0.024214
2383;complete;6666.0;0.006286;7273.0;0.004235;6666.0;0.010132
2386;barabasi;179459.0;0.007355;179459.0;0.001753;179459.0;0.029617
2386;complete;6327.0;0.006639;6672.0;0.004236;6327.0;0.010141
2386;erdos;86979.0;0.007934;92665.0;0.001874;86979.0;0.030922
2386;regular;919307.0;0.007286;919307.0;0.001597;919307.0;0.02476
2386;watts;655160.0;0.007071;655160.0;0.001678;655160.0;0.036187
2390;barabasi;133724.0;0.007347;133724.0;0.001754;133724.0;0.019402
2390;complete;6564.0;0.006318;7106.0;0.004298;6564.0;0.010188
2390;erdos;81968.0;0.008017;87249.0;0.001898;81968.0;0.028522
2390;regular;861478.0;0.007025;861478.0;0.001599;861478.0;0.024679
2390;watts;566690.0;0.007098;566690.0;0.001634;566690.0;0.040898
2393;barabasi;148066.0;0.007393;148066.0;0.001783;148066.0;0.021829
2393;complete;6606.0;0.006414;7068.0;0.00436;6606.0;0.010221
2393;erdos;106761.0;0.007979;111335.0;0.001894;106761.0;0.034059
2393;regular;61489292.0;0.006771;61489292.0;0.001378;61489292.0;0.637267
2393;watts;572367.0;0.007393;572367.0;0.002086;572367.0;0.041684
2397;barabasi;169110.0;0.007417;169110.0;0.001745;169110.0;0.019546
2397;complete;6663.0;0.006357;7345.0;0.00431;6663.0;0.01023
2397;erdos;82734.0;0.008021;88227.0;0.001929;82734.0;0.025871
2397;regular;53959698.0;0.006441;53959698.0;0.001285;53959698.0;0.596125
2397;watts;585919.0;0.00726;585919.0;0.002035;585919.0;0.04158
2401;barabasi;140059.0;0.007462;140059.0;0.001844;140059.0;0.021949
2401;complete;6790.0;0.006436;7479.0;0.004299;6790.0;0.010268
2401;erdos;102129.0;0.008034;107512.0;0.001914;102129.0;0.025934
2401;regular;1463009.0;0.000946;1463009.0;0.000214;1463009.0;0.021316
2401;watts;805974.0;0.007075;805974.0;0.001699;805974.0;0.036789
2404;barabasi;161044.0;0.007619;161044.0;0.001809;161044.0;0.022176
2404;complete;6723.0;0.006452;7456.0;0.004386;6723.0;0.010571
2404;erdos;100631.0;0.007965;106492.0;0.00189;100631.0;0.028763
2404;regular;918130.0;0.00743;918130.0;0.001707;918130.0;0.02297
2404;watts;635209.0;0.007233;635209.0;0.001721;635209.0;0.034087
2408;barabasi;151831.0;0.007555;151831.0;0.001836;151831.0;0.019507
2408;complete;6658.0;0.006502;7288.0;0.004386;6658.0;0.010321
2408;erdos;111419.0;0.008075;117129.0;0.00196;111419.0;0.031762
2408;regular;921244.0;0.007513;921244.0;0.001668;921244.0;0.028412
2408;watts;652553.0;0.007346;652553.0;0.001725;652553.0;0.037185
2411;regular;49105790.0;0.00612;49105790.0;0.001222;49105790.0;0.526427
2411;watts;602067.0;0.007384;602067.0;0.001727;602067.0;0.034638
2411;erdos;87882.0;0.008256;93287.0;0.001935;87882.0;0.026184
2411;barabasi;163568.0;0.007671;163568.0;0.001769;163568.0;0.019562
2411;complete;6547.0;0.006949;6920.0;0.00442;6547.0;0.010343
2415;barabasi;163518.0;0.007438;163518.0;0.00178;163518.0;0.022255
2415;complete;6543.0;0.006662;7122.0;0.004393;6543.0;0.010391
2415;erdos;127739.0;0.008026;133838.0;0.001944;127739.0;0.029037
2415;regular;44039512.0;0.006391;44039512.0;0.00121;44039512.0;0.496814
2415;watts;690815.0;0.00723;690815.0;0.001662;690815.0;0.036204
2419;barabasi;163179.0;0.007779;163179.0;0.001955;163179.0;0.025031
2419;complete;6590.0;0.006765;7029.0;0.004382;6590.0;0.010418
2419;erdos;91280.0;0.008111;97316.0;0.001957;91280.0;0.031908
2419;regular;23289548.0;0.004414;23289548.0;0.000848;23289548.0;0.269195
2419;watts;701907.0;0.007378;701907.0;0.001686;701907.0;0.040031
2422;barabasi;186462.0;0.007454;186462.0;0.00178;186462.0;0.019748
2422;complete;6590.0;0.006496;7028.0;0.004402;6590.0;0.010424
2422;erdos;78505.0;0.0081;84538.0;0.001909;78505.0;0.031913
2422;regular;803334.0;0.007131;803334.0;0.001531;803334.0;0.022718
2422;watts;686565.0;0.007194;686565.0;0.001701;686565.0;0.034623
2426;barabasi;157927.0;0.007665;157927.0;0.001805;157927.0;0.022473
2426;complete;6489.0;0.007092;6851.0;0.004414;6489.0;0.010482
2426;erdos;75723.0;0.008175;81254.0;0.001927;75723.0;0.029324
2426;regular;956019.0;0.007524;956019.0;0.001627;956019.0;0.025827
2426;watts;769644.0;0.007279;769644.0;0.001847;769644.0;0.035109
2430;barabasi;143287.0;0.007755;143287.0;0.001823;143287.0;0.022692
2430;complete;6991.0;0.006652;7709.0;0.004428;6991.0;0.010633
2430;erdos;83586.0;0.008272;88845.0;0.002221;83586.0;0.026662
2430;regular;1104116.0;0.007638;1104116.0;0.001765;1104116.0;0.026199
2430;watts;577706.0;0.007339;577706.0;0.001723;577706.0;0.037144
2433;barabasi;137018.0;0.007609;137018.0;0.001818;137018.0;0.027842
2433;complete;6684.0;0.007018;7154.0;0.004529;6684.0;0.010531
2433;erdos;96027.0;0.008536;101686.0;0.001976;96027.0;0.029332
2433;regular;66948925.0;0.007246;66948925.0;0.001682;66948925.0;0.73752
2433;watts;556096.0;0.007354;556096.0;0.001778;556096.0;0.03776
2437;barabasi;158012.0;0.007667;158012.0;0.001835;158012.0;0.022702
2437;complete;6548.0;0.007148;6936.0;0.004502;6548.0;0.010575
2437;erdos;90146.0;0.008264;95473.0;0.002158;90146.0;0.029586
2437;regular;34178076.0;0.005324;34178076.0;0.001066;34178076.0;0.383793
2437;watts;667117.0;0.007306;667117.0;0.001689;667117.0;0.043183
2440;regular;722413.0;0.007272;722413.0;0.001782;722413.0;0.022651
2440;watts;731017.0;0.007304;731017.0;0.00184;731017.0;0.045792
2440;erdos;79582.0;0.008457;85494.0;0.001998;79582.0;0.029569
2440;barabasi;140002.0;0.00768;140002.0;0.001853;140002.0;0.022782
2440;complete;6733.0;0.006965;7167.0;0.004475;6733.0;0.010619
2444;barabasi;154785.0;0.007741;154785.0;0.001795;154785.0;0.019999
2444;complete;6887.0;0.006492;7507.0;0.004406;6887.0;0.010582
2444;erdos;85802.0;0.00845;90977.0;0.002028;85802.0;0.029419
2444;regular;1010626.0;0.007664;1010626.0;0.001867;1010626.0;0.025518
2444;watts;746888.0;0.007386;746888.0;0.001953;746888.0;0.038361
2448;barabasi;161491.0;0.007622;161491.0;0.001831;161491.0;0.022777
2448;complete;7008.0;0.006674;7762.0;0.004465;7008.0;0.01061
2448;erdos;132529.0;0.008239;137984.0;0.001971;132529.0;0.032735
2448;regular;632509.0;0.007335;632509.0;0.001599;632509.0;0.021855
2448;watts;616712.0;0.007418;616712.0;0.001719;616712.0;0.046069
2451;barabasi;157483.0;0.007866;157483.0;0.002027;157483.0;0.020284
2451;complete;6586.0;0.007315;6990.0;0.004444;6586.0;0.010692
2451;erdos;71913.0;0.008504;77810.0;0.001966;71913.0;0.029644
2451;regular;14374232.0;0.003157;14374232.0;0.000685;14374232.0;0.164732
2451;watts;654350.0;0.007525;654350.0;0.002066;654350.0;0.03586
2455;erdos;99461.0;0.008321;105280.0;0.001989;99461.0;0.027228
2455;barabasi;160180.0;0.008083;160180.0;0.002117;160180.0;0.020334
2455;complete;6907.0;0.006964;7569.0;0.004562;6907.0;0.010809
2455;regular;76758992.0;0.007992;76758992.0;0.001758;76758992.0;0.839713
2455;watts;635856.0;0.007536;635856.0;0.001772;635856.0;0.03853
2459;barabasi;156269.0;0.007784;156269.0;0.002044;156269.0;0.023329
2459;complete;6727.0;0.006734;7358.0;0.004627;6727.0;0.010804
2459;erdos;82356.0;0.008359;87661.0;0.002035;82356.0;0.027105
2459;regular;41124577.0;0.005858;41124577.0;0.001187;41124577.0;0.491165
2459;watts;662547.0;0.007529;662547.0;0.001776;662547.0;0.038769
2462;barabasi;152614.0;0.007755;152614.0;0.001829;152614.0;0.020446
2462;complete;6606.0;0.006856;6954.0;0.004567;6606.0;0.010945
2462;erdos;84721.0;0.008422;89834.0;0.002077;84721.0;0.027446
2462;regular;1075173.0;0.007783;1075173.0;0.001784;1075173.0;0.028558
2462;watts;705518.0;0.007647;705518.0;0.001811;705518.0;0.032281
2466;barabasi;173303.0;0.007994;173303.0;0.001884;173303.0;0.023097
2466;complete;6711.0;0.007151;7157.0;0.004512;6711.0;0.010826
2466;erdos;79129.0;0.008392;84435.0;0.001985;79129.0;0.030187
2466;regular;614968.0;0.007399;614968.0;0.001601;614968.0;0.022672
2466;watts;672327.0;0.0077;672327.0;0.001771;672327.0;0.035672
2470;regular;1050754.0;0.007723;1050754.0;0.001759;1050754.0;0.032626
2470;watts;667854.0;0.007631;667854.0;0.001752;667854.0;0.036402
2470;erdos;86173.0;0.00846;91822.0;0.001977;86173.0;0.030267
2470;barabasi;142889.0;0.00781;142889.0;0.001839;142889.0;0.020443
2470;complete;6593.0;0.007255;6937.0;0.004545;6593.0;0.01082
2474;barabasi;154705.0;0.007839;154705.0;0.00184;154705.0;0.020648
2474;complete;6831.0;0.00665;7370.0;0.004565;6831.0;0.010902
2474;erdos;104677.0;0.00843;109920.0;0.001989;104677.0;0.03043
2474;regular;747284.0;0.007317;747284.0;0.0016;747284.0;0.033376
2474;watts;692430.0;0.007704;692430.0;0.001798;692430.0;0.047149
2477;barabasi;152154.0;0.008028;152154.0;0.001898;152154.0;0.023335
2477;complete;6771.0;0.006812;7153.0;0.004562;6771.0;0.010936
2477;erdos;113408.0;0.008616;119332.0;0.002068;113408.0;0.027073
2477;regular;198066.0;0.000351;198066.0;8.4e-05;198066.0;0.006617
2477;watts;704654.0;0.007562;704654.0;0.001866;704654.0;0.036754
2481;barabasi;170957.0;0.007939;170957.0;0.001874;170957.0;0.023529
2481;complete;6781.0;0.006914;7311.0;0.004622;6781.0;0.010991
2481;erdos;107412.0;0.008537;113788.0;0.002091;107412.0;0.030725
2481;regular;11694128.0;0.003006;11694128.0;0.000759;11694128.0;0.140074
2481;watts;573845.0;0.007705;573845.0;0.001797;573845.0;0.035955
2485;barabasi;168280.0;0.007939;168280.0;0.002116;168280.0;0.026386
2485;complete;6655.0;0.007598;7001.0;0.004702;6655.0;0.011058
2485;erdos;90646.0;0.008672;95790.0;0.002153;90646.0;0.027591
2485;regular;64074319.0;0.007199;64074319.0;0.001462;64074319.0;0.687648
2485;watts;646475.0;0.007721;646475.0;0.001842;646475.0;0.03917
2488;barabasi;160840.0;0.008207;160840.0;0.001991;160840.0;0.02367
2488;complete;6963.0;0.006719;7483.0;0.004712;6963.0;0.011169
2488;erdos;100797.0;0.008795;107141.0;0.002093;100797.0;0.030697
2488;regular;1088076.0;0.008454;1088076.0;0.001796;1088076.0;0.032039
2488;watts;728694.0;0.007678;728694.0;0.00173;728694.0;0.039263
2492;barabasi;171879.0;0.008013;171879.0;0.0019;171879.0;0.026525
2492;complete;6781.0;0.007388;7210.0;0.00463;6781.0;0.011038
2492;erdos;84742.0;0.008583;90594.0;0.002043;84742.0;0.027909
2492;regular;989483.0;0.008006;989483.0;0.001838;989483.0;0.027019
2492;watts;698421.0;0.007897;698421.0;0.001816;698421.0;0.039751
2496;barabasi;140866.0;0.008118;140866.0;0.001952;140866.0;0.023819
2496;complete;6909.0;0.007315;7419.0;0.004637;6909.0;0.011147
2496;erdos;93303.0;0.008785;98452.0;0.002029;93303.0;0.030887
2496;regular;797469.0;0.007475;797469.0;0.001631;797469.0;0.024729
2496;watts;612498.0;0.007612;612498.0;0.001786;612498.0;0.036871
2500;erdos;84072.0;0.008633;90167.0;0.002104;84072.0;0.031062
2500;regular;1073982.0;0.007982;1073982.0;0.001735;1073982.0;0.030266
2500;watts;691101.0;0.00763;691101.0;0.00176;691101.0;0.037111
2500;barabasi;164043.0;0.007955;164043.0;0.0019;164043.0;0.020955
2500;complete;6803.0;0.006951;7219.0;0.004689;6803.0;0.011195
2503;barabasi;180873.0;0.008367;180873.0;0.002158;180873.0;0.026734
2503;complete;6892.0;0.006982;7381.0;0.004677;6892.0;0.011174
2503;erdos;102822.0;0.00907;108146.0;0.002429;102822.0;0.032735
2503;regular;77786239.0;0.008385;77786239.0;0.002408;77786239.0;0.91027
2503;watts;644009.0;0.007774;644009.0;0.001835;644009.0;0.039966
2507;barabasi;153997.0;0.008051;153997.0;0.001899;153997.0;0.026993
2507;complete;6901.0;0.007077;7392.0;0.004738;6901.0;0.011216
2507;erdos;85236.0;0.008721;90953.0;0.002066;85236.0;0.031262
2507;regular;79123369.0;0.007969;79123369.0;0.001746;79123369.0;0.877094
2507;watts;702122.0;0.007867;702122.0;0.001909;702122.0;0.042731
2511;barabasi;165232.0;0.008261;165232.0;0.00189;165232.0;0.024016
2511;complete;6747.0;0.007622;7087.0;0.0047;6747.0;0.011265
2511;erdos;90725.0;0.008832;96883.0;0.002128;90725.0;0.031738
2511;regular;67493312.0;0.007636;67493312.0;0.001578;67493312.0;0.819764
2511;watts;656349.0;0.008059;656349.0;0.001955;656349.0;0.040181
2515;erdos;80838.0;0.008731;87137.0;0.002142;80838.0;0.031641
2515;barabasi;177438.0;0.008126;177438.0;0.001997;177438.0;0.024139
2515;complete;6871.0;0.006972;7362.0;0.004782;6871.0;0.01129
2515;regular;19846284.0;0.003961;19846284.0;0.000807;19846284.0;0.228961
2515;watts;595822.0;0.007843;595822.0;0.001888;595822.0;0.043027
2518;barabasi;161349.0;0.008411;161349.0;0.001965;161349.0;0.024332
2518;complete;6831.0;0.007125;7260.0;0.004713;6831.0;0.011262
2518;erdos;84080.0;0.008769;89497.0;0.002088;84080.0;0.031693
2518;regular;1059959.0;0.008204;1059959.0;0.001838;1059959.0;0.030461
2518;watts;641703.0;0.007948;641703.0;0.001835;641703.0;0.040102
2522;barabasi;151729.0;0.008116;151729.0;0.001956;151729.0;0.027064
2522;complete;6682.0;0.007373;6990.0;0.004769;6682.0;0.011308
2522;erdos;85119.0;0.008798;90505.0;0.00208;85119.0;0.031747
2522;regular;1058005.0;0.00814;1058005.0;0.001761;1058005.0;0.02833
2522;watts;632058.0;0.007795;632058.0;0.001817;632058.0;0.043506
2526;barabasi;165744.0;0.008282;165744.0;0.002045;165744.0;0.021702
2526;complete;7230.0;0.007521;8258.0;0.004816;7230.0;0.011417
2526;erdos;91985.0;0.008889;97886.0;0.002216;91985.0;0.031952
2526;regular;931740.0;0.008209;931740.0;0.002052;931740.0;0.028544
2526;watts;665826.0;0.008165;665826.0;0.001938;665826.0;0.043464
2530;regular;990047.0;0.00826;990047.0;0.001897;990047.0;0.030116
2530;watts;622475.0;0.008161;622475.0;0.001899;622475.0;0.045626
2530;erdos;98054.0;0.00938;104039.0;0.002149;98054.0;0.035245
2530;barabasi;157735.0;0.008301;157735.0;0.002244;157735.0;0.024636
2530;complete;6899.0;0.007805;7346.0;0.005111;6899.0;0.011528
2534;barabasi;155134.0;0.008688;155134.0;0.002216;155134.0;0.024572
2534;complete;6891.0;0.007628;7336.0;0.004792;6891.0;0.01149
2534;erdos;81148.0;0.008986;87465.0;0.002294;81148.0;0.029052
2534;regular;1085631.0;0.008366;1085631.0;0.001802;1085631.0;0.034416
2534;watts;724848.0;0.008088;724848.0;0.001844;724848.0;0.034799
2537;barabasi;159502.0;0.008659;159502.0;0.002005;159502.0;0.027656
2537;complete;7169.0;0.007286;7876.0;0.004818;7169.0;0.011528
2537;erdos;84647.0;0.009055;90781.0;0.00212;84647.0;0.035151
2537;regular;1592878.0;0.000988;1592878.0;0.000233;1592878.0;0.023236
2537;watts;709185.0;0.007974;709185.0;0.001893;709185.0;0.044294
2541;barabasi;146900.0;0.008388;146909.0;0.002045;146900.0;0.021771
2541;complete;6974.0;0.007563;7449.0;0.004883;6974.0;0.011572
2541;erdos;78307.0;0.009018;84642.0;0.002186;78307.0;0.032224
2541;regular;49206756.0;0.006685;49206756.0;0.001462;49206756.0;0.561626
2541;watts;637611.0;0.008172;637611.0;0.001946;637611.0;0.04723
2545;barabasi;169837.0;0.008486;169837.0;0.002141;169837.0;0.02794
2545;complete;6949.0;0.007151;7410.0;0.004845;6949.0;0.01158
2545;erdos;85973.0;0.008995;91881.0;0.002118;85973.0;0.035447
2545;regular;33820965.0;0.005445;33820965.0;0.001091;33820965.0;0.40252
2545;watts;649174.0;0.008104;649174.0;0.001931;649174.0;0.047287
2549;barabasi;185097.0;0.008458;185097.0;0.0022;185097.0;0.024827
2549;complete;6872.0;0.007503;7180.0;0.004897;6872.0;0.011587
2549;erdos;81999.0;0.009226;87851.0;0.002287;81999.0;0.029307
2549;regular;75171912.0;0.00793;75171912.0;0.00168;75171912.0;0.864359
2549;watts;593559.0;0.008406;593559.0;0.002076;593559.0;0.041653
2553;barabasi;149376.0;0.008708;149376.0;0.002069;149376.0;0.021939
2553;complete;7073.0;0.007165;7647.0;0.004867;7073.0;0.011654
2553;erdos;82867.0;0.00906;88988.0;0.002151;82867.0;0.029171
2553;regular;66278413.0;0.007625;66278413.0;0.001617;66278413.0;0.758072
2553;watts;617149.0;0.008121;617149.0;0.00186;617149.0;0.04148
2557;barabasi;165672.0;0.00842;165672.0;0.002067;165672.0;0.027876
2557;complete;6976.0;0.007206;7336.0;0.004825;6976.0;0.011563
2557;erdos;101870.0;0.009137;107756.0;0.002216;101870.0;0.032864
2557;regular;36013121.0;0.005688;36013121.0;0.001129;36013121.0;0.441367
2557;watts;650176.0;0.0083;650176.0;0.002101;650176.0;0.04277
2560;erdos;76044.0;0.009203;82059.0;0.00218;76044.0;0.035689
2560;regular;994250.0;0.008562;994250.0;0.001882;994250.0;0.034209
2560;watts;669918.0;0.008256;669918.0;0.002298;669918.0;0.041779
2560;barabasi;155820.0;0.00845;155820.0;0.00203;155820.0;0.025014
2560;complete;7042.0;0.007669;7459.0;0.005056;7042.0;0.011804
2564;barabasi;169703.0;0.008488;169703.0;0.002051;169703.0;0.02519
2564;complete;7022.0;0.007382;7445.0;0.00496;7022.0;0.011807
2564;erdos;90157.0;0.009249;96399.0;0.002256;90157.0;0.032976
2564;regular;1140727.0;0.00875;1140727.0;0.001967;1140727.0;0.029125
2564;watts;653917.0;0.008415;653917.0;0.001934;653917.0;0.051091
2568;barabasi;163830.0;0.008645;163830.0;0.002125;163830.0;0.028262
2568;complete;7054.0;0.007825;7596.0;0.005637;7054.0;0.012734
2568;erdos;79938.0;0.009417;85678.0;0.002511;79938.0;0.029655
2568;regular;980409.0;0.008674;980409.0;0.001906;980409.0;0.036164
2568;watts;636972.0;0.008382;636972.0;0.001971;636972.0;0.045131
2572;barabasi;188132.0;0.008724;188223.0;0.002092;188132.0;0.028303
2572;complete;7107.0;0.007325;7674.0;0.00502;7107.0;0.01189
2572;erdos;101778.0;0.00919;107790.0;0.002257;101778.0;0.032949
2572;regular;1081405.0;0.008773;1081405.0;0.002019;1081405.0;0.034584
2572;watts;600134.0;0.008247;600134.0;0.002038;600134.0;0.042714
2576;erdos;83509.0;0.009385;89109.0;0.00256;83509.0;0.030148
2576;barabasi;150975.0;0.008874;150975.0;0.002082;150975.0;0.025493
2576;complete;7213.0;0.007865;7913.0;0.004963;7213.0;0.011927
2576;regular;962722.0;0.008584;962722.0;0.001947;962722.0;0.03531
2576;watts;696861.0;0.008531;696861.0;0.002005;696861.0;0.042577
2580;barabasi;154126.0;0.008598;154126.0;0.002107;154126.0;0.025579
2580;complete;7071.0;0.007254;7564.0;0.005015;7071.0;0.012013
2580;erdos;88287.0;0.009244;94208.0;0.002282;88287.0;0.032859
2580;regular;1204677.0;0.008594;1204677.0;0.001904;1204677.0;0.027276
2580;watts;705663.0;0.008215;705663.0;0.001952;705663.0;0.048722
2583;barabasi;210420.0;0.008641;210420.0;0.002105;210420.0;0.025552
2583;complete;7088.0;0.007374;7533.0;0.004973;7088.0;0.01192
2583;erdos;96734.0;0.009212;102894.0;0.002248;96734.0;0.029895
2583;regular;24199982.0;0.004674;24199982.0;0.001022;24199982.0;0.318782
2583;watts;681928.0;0.008315;681928.0;0.001984;681928.0;0.042658
2587;barabasi;171050.0;0.008776;171050.0;0.002043;171050.0;0.025538
2587;complete;7132.0;0.007324;7744.0;0.005035;7132.0;0.011948
2587;erdos;100571.0;0.009302;105800.0;0.002189;100571.0;0.033308
2587;regular;5443846.0;0.001965;5443846.0;0.000522;5443846.0;0.076054
2587;watts;670427.0;0.008594;670427.0;0.002078;670427.0;0.048944
2591;regular;3419326.0;0.001553;3419326.0;0.00043;3419326.0;0.049707
2591;watts;765457.0;0.008574;765457.0;0.002042;765457.0;0.040118
2591;erdos;112987.0;0.009664;118442.0;0.002268;112987.0;0.036828
2591;barabasi;150721.0;0.00883;150721.0;0.002189;150721.0;0.022744
2591;complete;7206.0;0.007408;7711.0;0.005042;7206.0;0.012086
2595;barabasi;180614.0;0.00867;180614.0;0.002133;180614.0;0.025919
2595;complete;7020.0;0.007602;7392.0;0.005028;7020.0;0.012109
2595;erdos;93433.0;0.009413;99868.0;0.00231;93433.0;0.033899
2595;regular;24518220.0;0.00471;24518220.0;0.001138;24518220.0;0.312426
2595;watts;707019.0;0.00851;707019.0;0.002001;707019.0;0.042628
2599;barabasi;186373.0;0.008616;186373.0;0.002034;186373.0;0.025794
2599;complete;7195.0;0.007845;7770.0;0.005057;7195.0;0.012116
2599;erdos;92282.0;0.009383;98675.0;0.002277;92282.0;0.033832
2599;regular;7789460.0;0.002321;7789460.0;0.000511;7789460.0;0.101267
2599;watts;746431.0;0.008372;746431.0;0.00199;746431.0;0.046358
2603;barabasi;172000.0;0.008706;172000.0;0.00212;172000.0;0.025951
2603;complete;7274.0;0.007932;7836.0;0.005084;7274.0;0.012127
2603;erdos;78237.0;0.009458;84501.0;0.002236;78237.0;0.037167
2603;regular;36950167.0;0.005756;36950167.0;0.001208;36950167.0;0.428549
2603;watts;679554.0;0.008525;679554.0;0.002315;679554.0;0.042859
2607;barabasi;182266.0;0.008769;182266.0;0.002116;182266.0;0.022992
2607;complete;7115.0;0.007634;7587.0;0.005132;7115.0;0.01228
2607;erdos;86325.0;0.009557;92445.0;0.002296;86325.0;0.030801
2607;regular;79185677.0;0.008402;79185677.0;0.001775;79185677.0;0.940015
2607;watts;749493.0;0.008622;749493.0;0.002429;749493.0;0.0462
2611;barabasi;162852.0;0.008751;162852.0;0.002334;162852.0;0.026281
2611;complete;7164.0;0.008174;7608.0;0.005142;7164.0;0.012245
2611;erdos;107267.0;0.009549;113579.0;0.002289;107267.0;0.030562
2611;regular;796937.0;0.000742;796937.0;0.000164;796937.0;0.014545
2611;watts;614593.0;0.008518;614593.0;0.002015;614593.0;0.043759
2615;barabasi;154012.0;0.008755;154012.0;0.002141;154012.0;0.032462
2615;complete;7248.0;0.008132;7838.0;0.005142;7248.0;0.012257
2615;erdos;116120.0;0.009595;122421.0;0.002221;116120.0;0.036917
2615;regular;68465996.0;0.007864;68465996.0;0.001704;68465996.0;0.7973
2615;watts;644334.0;0.008504;644334.0;0.002077;644334.0;0.044216
2619;barabasi;167065.0;0.008799;167065.0;0.002215;167065.0;0.026544
2619;complete;6958.0;0.008326;7395.0;0.005116;6958.0;0.012187
2619;erdos;87057.0;0.009536;92928.0;0.00234;87057.0;0.037368
2619;regular;36195319.0;0.005797;36195319.0;0.001372;36195319.0;0.418928
2619;watts;697307.0;0.008645;697307.0;0.002288;697307.0;0.043993
2623;erdos;90337.0;0.009582;96409.0;0.002263;90337.0;0.031278
2623;regular;6578671.0;0.002198;6578671.0;0.000498;6578671.0;0.092954
2623;watts;717025.0;0.008668;717025.0;0.002078;717025.0;0.043501
2623;barabasi;153277.0;0.009032;153277.0;0.00217;153277.0;0.023375
2623;complete;7215.0;0.008059;7764.0;0.005127;7215.0;0.012267
2626;barabasi;165568.0;0.00913;165568.0;0.00211;165568.0;0.026248
2626;complete;7117.0;0.007714;7533.0;0.005176;7117.0;0.012389
2626;erdos;108363.0;0.009656;114431.0;0.0023;108363.0;0.037768
2626;regular;1018423.0;0.009013;1018423.0;0.002362;1018423.0;0.029712
2626;watts;642649.0;0.008626;642649.0;0.002296;642649.0;0.044679
2630;barabasi;182657.0;0.009053;182657.0;0.00249;182657.0;0.023735
2630;complete;7021.0;0.008194;7371.0;0.00529;7021.0;0.012409
2630;erdos;95032.0;0.009666;100208.0;0.002325;95032.0;0.037898
2630;regular;1139323.0;0.008914;1139323.0;0.002274;1139323.0;0.032162
2630;watts;643082.0;0.008553;643082.0;0.001989;643082.0;0.047074
2634;barabasi;156393.0;0.009167;156393.0;0.002237;156393.0;0.029766
2634;complete;7323.0;0.008151;7858.0;0.005209;7323.0;0.012531
2634;erdos;85360.0;0.009722;92388.0;0.00247;85360.0;0.034919
2634;regular;1039492.0;0.009051;1039492.0;0.002356;1039492.0;0.034686
2634;watts;681268.0;0.008704;681268.0;0.002211;681268.0;0.041455
2638;erdos;89549.0;0.009932;95753.0;0.002446;89549.0;0.034913
2638;barabasi;158336.0;0.009147;158336.0;0.002263;158336.0;0.029861
2638;complete;7232.0;0.008234;7745.0;0.005181;7232.0;0.012488
2638;regular;1008489.0;0.008509;1008489.0;0.001904;1008489.0;0.031743
2638;watts;752792.0;0.008663;752792.0;0.002098;752792.0;0.047238
2642;barabasi;173483.0;0.009025;173483.0;0.002368;173483.0;0.030191
2642;complete;7294.0;0.007843;7764.0;0.00521;7294.0;0.012531
2642;erdos;82350.0;0.00982;88264.0;0.002431;82350.0;0.03174
2642;regular;1093200.0;0.009066;1093200.0;0.002341;1093200.0;0.028881
2642;watts;696824.0;0.008926;696824.0;0.002087;696824.0;0.041385
2646;barabasi;197487.0;0.009254;197487.0;0.002241;197487.0;0.023639
2646;complete;7122.0;0.00829;7478.0;0.005225;7122.0;0.012581
2646;erdos;86810.0;0.009923;92904.0;0.002329;86810.0;0.031624
2646;regular;993435.0;0.009166;993435.0;0.002252;993435.0;0.034216
2646;watts;701267.0;0.008913;701267.0;0.002625;701267.0;0.041661
2650;barabasi;161243.0;0.00904;161243.0;0.002273;161243.0;0.026889
2650;complete;7188.0;0.008494;7545.0;0.005269;7188.0;0.01266
2650;erdos;117911.0;0.009871;123628.0;0.002526;117911.0;0.035122
2650;regular;1021494.0;0.009273;1021494.0;0.002058;1021494.0;0.027828
2650;watts;675818.0;0.009088;675818.0;0.002124;675818.0;0.045229
2654;regular;1004848.0;0.00912;1004848.0;0.002108;1004848.0;0.033873
2654;watts;695430.0;0.009196;695430.0;0.002905;695430.0;0.043629
2654;erdos;85776.0;0.009956;92413.0;0.002459;85776.0;0.035173
2654;barabasi;158084.0;0.009409;158084.0;0.002388;158084.0;0.027087
2654;complete;7535.0;0.008164;8161.0;0.0053;7535.0;0.012664
2658;barabasi;198838.0;0.009281;198838.0;0.0023;198838.0;0.033578
2658;complete;7199.0;0.008371;7628.0;0.005389;7199.0;0.01292
2658;erdos;85989.0;0.009977;91969.0;0.002718;85989.0;0.035685
2658;regular;537862.0;0.008637;537862.0;0.001916;537862.0;0.028454
2658;watts;680976.0;0.008941;680976.0;0.002199;680976.0;0.045076
2662;barabasi;167188.0;0.009298;167188.0;0.002603;167188.0;0.027293
2662;complete;7432.0;0.008267;8021.0;0.005342;7432.0;0.012749
2662;erdos;87360.0;0.010135;94134.0;0.002396;87360.0;0.039099
2662;regular;682936.0;0.008658;682936.0;0.00199;682936.0;0.028386
2662;watts;747396.0;0.008718;747396.0;0.002329;747396.0;0.042381
2666;barabasi;166675.0;0.009353;166675.0;0.002518;166675.0;0.024103
2666;complete;7401.0;0.007922;7894.0;0.005358;7401.0;0.012794
2666;erdos;112184.0;0.010027;118391.0;0.002382;112184.0;0.035523
2666;regular;1096078.0;0.009229;1096078.0;0.002089;1096078.0;0.031298
2666;watts;663670.0;0.008954;663670.0;0.00219;663670.0;0.051586
2670;barabasi;161006.0;0.009617;161006.0;0.002303;161006.0;0.024164
2670;complete;7393.0;0.008768;7854.0;0.005479;7393.0;0.012901
2670;erdos;86513.0;0.009991;93146.0;0.00246;86513.0;0.032001
2670;regular;1229921.0;0.009144;1229921.0;0.002033;1229921.0;0.028051
2670;watts;742496.0;0.009214;742496.0;0.002148;742496.0;0.049147
2674;barabasi;157991.0;0.009502;157991.0;0.00239;157991.0;0.033948
2674;complete;7275.0;0.007966;7676.0;0.005372;7275.0;0.012895
2674;erdos;97032.0;0.010061;103551.0;0.002542;97032.0;0.038895
2674;regular;725583.0;0.008753;725583.0;0.002023;725583.0;0.03045
2674;watts;675000.0;0.009113;675000.0;0.002238;675000.0;0.046543
2678;barabasi;174744.0;0.009531;174744.0;0.002315;174744.0;0.024242
2678;complete;7448.0;0.008099;7885.0;0.005385;7448.0;0.012932
2678;erdos;106662.0;0.01028;112677.0;0.002575;106662.0;0.032934
2678;regular;1083485.0;0.00929;1083485.0;0.002224;1083485.0;0.034153
2678;watts;751636.0;0.009184;751636.0;0.002225;751636.0;0.04592
2682;barabasi;157790.0;0.00959;157790.0;0.002344;157790.0;0.040974
2682;complete;7444.0;0.008617;8032.0;0.005463;7444.0;0.013302
2682;erdos;90894.0;0.010014;97276.0;0.002469;90894.0;0.032805
2682;regular;1180334.0;0.009294;1180334.0;0.002141;1180334.0;0.029117
2682;watts;743166.0;0.009011;743166.0;0.002333;743166.0;0.05029
2686;erdos;95894.0;0.010206;101675.0;0.002741;95894.0;0.040255
2686;regular;1171391.0;0.00941;1171391.0;0.002438;1171391.0;0.029643
2686;watts;792914.0;0.009101;792914.0;0.002491;792914.0;0.043446
2686;barabasi;162293.0;0.009512;162293.0;0.002658;162293.0;0.028233
2686;complete;7374.0;0.007984;7931.0;0.005535;7374.0;0.013067
2690;barabasi;164352.0;0.009499;164352.0;0.002436;164352.0;0.031123
2690;complete;7476.0;0.009289;8077.0;0.006039;7476.0;0.013563
2690;erdos;147252.0;0.010343;153349.0;0.002618;147252.0;0.032666
2690;regular;1150492.0;0.009483;1150492.0;0.002138;1150492.0;0.028593
2690;watts;777294.0;0.009202;777294.0;0.002548;777294.0;0.053701
2694;barabasi;163419.0;0.009341;163419.0;0.002235;163419.0;0.027828
2694;complete;7175.0;0.009034;7571.0;0.005467;7175.0;0.013133
2694;erdos;94841.0;0.010239;101194.0;0.002484;94841.0;0.036461
2694;regular;914187.0;0.008816;914187.0;0.002005;914187.0;0.029473
2694;watts;675752.0;0.009185;675752.0;0.002279;675752.0;0.050304
2698;barabasi;180089.0;0.009619;180089.0;0.00231;180089.0;0.034233
2698;complete;7403.0;0.008609;7957.0;0.005513;7403.0;0.01318
2698;erdos;96228.0;0.010187;102186.0;0.002467;96228.0;0.033006
2698;regular;1060561.0;0.00941;1060561.0;0.002357;1060561.0;0.031227
2698;watts;598661.0;0.009079;598661.0;0.002375;598661.0;0.039981
2702;erdos;78866.0;0.010211;85635.0;0.002502;78866.0;0.033419
2702;barabasi;193488.0;0.009819;193488.0;0.00256;193488.0;0.028079
2702;complete;7261.0;0.00874;7682.0;0.005456;7261.0;0.013186
2702;regular;595732.0;0.008948;595732.0;0.002024;595732.0;0.039564
2702;watts;669667.0;0.009365;669667.0;0.002259;669667.0;0.057645
2706;barabasi;161819.0;0.00973;161819.0;0.002374;161819.0;0.021548
2706;complete;7307.0;0.008939;7648.0;0.005507;7307.0;0.013218
2706;erdos;107204.0;0.010367;114657.0;0.002632;107204.0;0.040111
2706;regular;1161966.0;0.009793;1161966.0;0.002187;1161966.0;0.029174
2706;watts;670933.0;0.009283;670933.0;0.002427;670933.0;0.04513
2710;barabasi;224386.0;0.009708;224386.0;0.002411;224386.0;0.031557
2710;complete;7518.0;0.008032;8104.0;0.005576;7518.0;0.013255
2710;erdos;84356.0;0.010219;90606.0;0.002496;84356.0;0.036602
2710;regular;0.0;1.1e-05;0.0;7e-06;0.0;0.004971
2710;watts;724232.0;0.009266;724232.0;0.002284;724232.0;0.047022
2714;barabasi;171907.0;0.009492;171907.0;0.002408;171907.0;0.028458
2714;complete;7319.0;0.008374;7716.0;0.005488;7319.0;0.013348
2714;erdos;85966.0;0.010228;92704.0;0.002455;85966.0;0.037011
2714;regular;1223121.0;0.009563;1223121.0;0.002131;1223121.0;0.028959
2714;watts;768760.0;0.009273;768760.0;0.002287;768760.0;0.043319
2719;regular;93829041.0;0.009559;93829041.0;0.002149;93829041.0;1.146171
2719;watts;676343.0;0.009246;676343.0;0.002373;676343.0;0.048102
2719;erdos;87135.0;0.010365;93382.0;0.002624;87135.0;0.037548
2719;barabasi;161193.0;0.00987;161193.0;0.002608;161193.0;0.028415
2719;complete;7295.0;0.008994;7682.0;0.005613;7295.0;0.013634
2723;barabasi;185762.0;0.009882;185762.0;0.002381;185762.0;0.028539
2723;complete;7523.0;0.008334;8138.0;0.005591;7523.0;0.013451
2723;erdos;97387.0;0.01036;103921.0;0.002663;97387.0;0.040405
2723;regular;42837573.0;0.007053;42837573.0;0.001423;42837573.0;0.565623
2723;watts;793341.0;0.009237;793341.0;0.002278;793341.0;0.054196
2727;barabasi;157059.0;0.009925;157100.0;0.00282;157059.0;0.025362
2727;complete;7518.0;0.008629;7947.0;0.005655;7518.0;0.013414
2727;erdos;83874.0;0.010572;89695.0;0.002589;83874.0;0.037397
2727;regular;1204652.0;0.000962;1204652.0;0.000255;1204652.0;0.02104
2727;watts;812346.0;0.009389;812346.0;0.00237;812346.0;0.047822
2731;barabasi;157199.0;0.009822;157199.0;0.002769;157199.0;0.025451
2731;complete;7548.0;0.008299;8023.0;0.005649;7548.0;0.013464
2731;erdos;96893.0;0.010465;103344.0;0.002496;96893.0;0.04107
2731;regular;16794418.0;0.003829;16794418.0;0.000802;16794418.0;0.210977
2731;watts;702582.0;0.009344;702582.0;0.002253;702582.0;0.045279
2735;barabasi;167398.0;0.010392;167398.0;0.003708;167398.0;0.033466
2735;complete;7379.0;0.008536;7717.0;0.005686;7379.0;0.013582
2735;erdos;95633.0;0.010482;102042.0;0.002589;95633.0;0.033837
2735;regular;72857662.0;0.008714;72857662.0;0.001859;72857662.0;0.871881
2735;watts;777220.0;0.009347;777220.0;0.002445;777220.0;0.048834
2739;barabasi;186935.0;0.009782;186935.0;0.002607;186935.0;0.02915
2739;complete;7666.0;0.008733;8179.0;0.005652;7666.0;0.013458
2739;erdos;110998.0;0.010493;117383.0;0.002585;110998.0;0.033992
2739;regular;238422.0;0.000388;238422.0;9.9e-05;238422.0;0.008112
2739;watts;747976.0;0.009703;747976.0;0.002386;747976.0;0.043833
2743;barabasi;183608.0;0.009846;183608.0;0.002369;183608.0;0.025528
2743;complete;7559.0;0.008947;7962.0;0.005689;7559.0;0.013566
2743;erdos;77517.0;0.010524;84593.0;0.002541;77517.0;0.04141
2743;regular;84814388.0;0.00922;84814388.0;0.002014;84814388.0;1.082212
2743;watts;718489.0;0.009466;718489.0;0.002324;718489.0;0.052161
2747;barabasi;165430.0;0.010036;165430.0;0.00275;165430.0;0.025653
2747;complete;7310.0;0.008781;7601.0;0.005621;7310.0;0.013529
2747;erdos;93518.0;0.010485;100456.0;0.002519;93518.0;0.045131
2747;regular;9150220.0;0.002708;9150220.0;0.00059;9150220.0;0.124714
2747;watts;912319.0;0.009376;912319.0;0.002287;912319.0;0.044801
2751;erdos;84949.0;0.010586;90657.0;0.002555;84949.0;0.038346
2751;regular;1391741.0;0.001043;1391741.0;0.00027;1391741.0;0.024091
2751;watts;669939.0;0.009527;669939.0;0.002455;669939.0;0.044598
2751;barabasi;186566.0;0.010051;186566.0;0.002454;186566.0;0.032758
2751;complete;7695.0;0.008964;8214.0;0.005755;7695.0;0.013823
2755;barabasi;158082.0;0.010122;158082.0;0.002541;158082.0;0.025837
2755;complete;7529.0;0.009187;8005.0;0.005787;7529.0;0.013779
2755;erdos;79120.0;0.010593;86387.0;0.002563;79120.0;0.03482
2755;regular;96136186.0;0.009839;96136186.0;0.002184;96136186.0;1.194288
2755;watts;879526.0;0.009572;879526.0;0.002525;879526.0;0.045902
2760;barabasi;153530.0;0.009976;153530.0;0.002643;153530.0;0.026171
2760;complete;7660.0;0.008989;8180.0;0.005719;7660.0;0.013824
2760;erdos;94333.0;0.010641;100969.0;0.002663;94333.0;0.042203
2760;regular;1102500.0;0.009936;1102500.0;0.002238;1102500.0;0.034312
2760;watts;717064.0;0.009523;717064.0;0.002591;717064.0;0.048329
2764;barabasi;185850.0;0.009994;185850.0;0.002494;185850.0;0.033019
2764;complete;7429.0;0.009334;7748.0;0.005779;7429.0;0.013811
2764;erdos;88552.0;0.010754;94948.0;0.002595;88552.0;0.038403
2764;regular;1142831.0;0.009871;1142831.0;0.002282;1142831.0;0.033471
2764;watts;817699.0;0.009659;817699.0;0.002583;817699.0;0.050003
2768;erdos;112978.0;0.010766;119009.0;0.00294;112978.0;0.038647
2768;barabasi;187794.0;0.010049;187794.0;0.002811;187794.0;0.026318
2768;complete;7463.0;0.009319;7893.0;0.005779;7463.0;0.01387
2768;regular;1042855.0;0.010034;1042855.0;0.002274;1042855.0;0.036757
2768;watts;748020.0;0.009812;748020.0;0.002371;748020.0;0.05297
2772;barabasi;203309.0;0.010023;203309.0;0.002484;203309.0;0.029594
2772;complete;7597.0;0.009263;8048.0;0.005953;7597.0;0.013954
2772;erdos;117261.0;0.010762;124284.0;0.002761;117261.0;0.042959
2772;regular;1137829.0;0.009977;1137829.0;0.002459;1137829.0;0.034481
2772;watts;710085.0;0.009869;710085.0;0.002383;710085.0;0.052892
2776;barabasi;190904.0;0.010107;190904.0;0.002588;190904.0;0.02995
2776;complete;7420.0;0.009414;7759.0;0.005848;7420.0;0.014086
2776;erdos;92277.0;0.010793;98368.0;0.00273;92277.0;0.04261
2776;regular;1195223.0;0.010127;1195223.0;0.002308;1195223.0;0.033052
2776;watts;884055.0;0.009742;884055.0;0.002482;884055.0;0.050173
2780;barabasi;191498.0;0.010031;191498.0;0.002695;191498.0;0.030132
2780;complete;7542.0;0.008695;7976.0;0.005861;7542.0;0.014103
2780;erdos;95483.0;0.010866;101792.0;0.002874;95483.0;0.035453
2780;regular;1101503.0;0.010123;1101503.0;0.002526;1101503.0;0.033231
2780;watts;736538.0;0.009702;736538.0;0.002554;736538.0;0.04599
2785;regular;96781221.0;0.010035;96781221.0;0.002414;96781221.0;1.225729
2785;watts;754104.0;0.009988;754104.0;0.002415;754104.0;0.050347
2785;erdos;83529.0;0.010852;89749.0;0.002714;83529.0;0.043225
2785;barabasi;190280.0;0.010146;190280.0;0.002715;190280.0;0.026628
2785;complete;7679.0;0.008625;8248.0;0.005889;7679.0;0.014156
2789;barabasi;178638.0;0.010311;178638.0;0.002631;178638.0;0.033607
2789;complete;7561.0;0.00931;7969.0;0.005859;7561.0;0.014115
2789;erdos;80593.0;0.010952;87537.0;0.002597;80593.0;0.039093
2789;regular;84520848.0;0.009443;84520848.0;0.002248;84520848.0;1.069684
2789;watts;729421.0;0.009758;729421.0;0.002335;729421.0;0.049594
2793;barabasi;182947.0;0.01035;182947.0;0.002878;182947.0;0.033713
2793;complete;7665.0;0.009227;8114.0;0.005881;7665.0;0.014225
2793;erdos;89590.0;0.010939;96683.0;0.002669;89590.0;0.035921
2793;regular;27838709.0;0.005244;27838709.0;0.001123;27838709.0;0.354499
2793;watts;735772.0;0.010077;735772.0;0.002439;735772.0;0.053662
2797;barabasi;200383.0;0.010269;200383.0;0.002562;200383.0;0.033752
2797;complete;7483.0;0.00896;7782.0;0.005997;7483.0;0.014376
2797;erdos;104305.0;0.010968;110407.0;0.00267;104305.0;0.03556
2797;regular;74267889.0;0.008839;74267889.0;0.002094;74267889.0;0.960123
2797;watts;773781.0;0.009886;773781.0;0.002591;773781.0;0.061563
2801;barabasi;189770.0;0.010244;189770.0;0.002577;189770.0;0.030256
2801;complete;7544.0;0.008918;7853.0;0.005942;7544.0;0.014249
2801;erdos;105608.0;0.011014;113028.0;0.002662;105608.0;0.035822
2801;regular;47295127.0;0.00718;47295127.0;0.001461;47295127.0;0.608373
2801;watts;894652.0;0.009971;894652.0;0.002481;894652.0;0.054497
2805;barabasi;181406.0;0.010356;181406.0;0.002939;181406.0;0.026892
2805;complete;7733.0;0.009385;8195.0;0.00596;7733.0;0.014264
2805;erdos;84153.0;0.011083;90527.0;0.002673;84153.0;0.039518
2805;regular;92481376.0;0.009997;92481376.0;0.002262;92481376.0;1.182987
2805;watts;761746.0;0.009796;761746.0;0.002483;761746.0;0.054261
2810;barabasi;174387.0;0.010276;174387.0;0.002598;174387.0;0.030523
2810;complete;7783.0;0.008813;8318.0;0.005961;7783.0;0.014381
2810;erdos;87333.0;0.011038;94002.0;0.002836;87333.0;0.044054
2810;regular;1177151.0;0.010342;1177151.0;0.00269;1177151.0;0.034216
2810;watts;825872.0;0.009821;825872.0;0.002561;825872.0;0.053984
2814;barabasi;180925.0;0.010592;180925.0;0.00289;180925.0;0.030563
2814;complete;7915.0;0.008733;8648.0;0.00597;7915.0;0.014367
2814;erdos;83976.0;0.011131;91033.0;0.002765;83976.0;0.039826
2814;regular;632890.0;0.009799;632890.0;0.002339;632890.0;0.036579
2814;watts;779821.0;0.009908;779821.0;0.00251;779821.0;0.057866
2818;erdos;108357.0;0.011113;116020.0;0.002789;108357.0;0.040413
2818;regular;1189419.0;0.0104;1189419.0;0.00239;1189419.0;0.031668
2818;watts;861678.0;0.010372;861678.0;0.002517;861678.0;0.054945
2818;barabasi;186650.0;0.01032;186650.0;0.002591;186650.0;0.030689
2818;complete;7695.0;0.009231;8112.0;0.00599;7695.0;0.014364
2822;barabasi;194750.0;0.01032;194750.0;0.002527;194750.0;0.030783
2822;complete;7660.0;0.009457;8055.0;0.00598;7660.0;0.014505
2822;erdos;81343.0;0.011125;88228.0;0.002661;81343.0;0.036083
2822;regular;1143105.0;0.010311;1143105.0;0.0024;1143105.0;0.037628
2822;watts;710972.0;0.009901;710972.0;0.00255;710972.0;0.054589
2827;barabasi;169754.0;0.010239;169754.0;0.002528;169754.0;0.027212
2827;complete;7594.0;0.00968;7934.0;0.006073;7594.0;0.014474
2827;erdos;80993.0;0.01122;88155.0;0.002712;80993.0;0.040392
2827;regular;37392825.0;0.006368;37392825.0;0.001297;37392825.0;0.491795
2827;watts;844863.0;0.010016;844863.0;0.002448;844863.0;0.055227
2831;barabasi;174368.0;0.010513;174368.0;0.00262;174368.0;0.031087
2831;complete;7905.0;0.008923;8504.0;0.006054;7905.0;0.014547
2831;erdos;93227.0;0.011199;100222.0;0.002723;93227.0;0.040311
2831;regular;93444421.0;0.009946;93444421.0;0.002217;93444421.0;1.212255
2831;watts;613230.0;0.010285;613230.0;0.002752;613230.0;0.048368
2835;erdos;117148.0;0.011325;124031.0;0.002947;117148.0;0.041046
2835;barabasi;173479.0;0.010439;173479.0;0.002618;173479.0;0.027414
2835;complete;7573.0;0.009239;7954.0;0.006041;7573.0;0.014602
2835;regular;101525411.0;0.01037;101525411.0;0.002325;101525411.0;1.288791
2835;watts;727317.0;0.010076;727317.0;0.002518;727317.0;0.048595
2839;barabasi;181518.0;0.010557;181518.0;0.003037;181518.0;0.028234
2839;complete;7702.0;0.009702;8146.0;0.006101;7702.0;0.014637
2839;erdos;100809.0;0.01132;108000.0;0.002828;100809.0;0.036706
2839;regular;45890867.0;0.007177;45890867.0;0.001625;45890867.0;0.581936
2839;watts;700298.0;0.01015;700298.0;0.002504;700298.0;0.056425
2844;barabasi;202631.0;0.010773;202631.0;0.003089;202631.0;0.035245
2844;complete;7743.0;0.009692;8127.0;0.006131;7743.0;0.014691
2844;erdos;83130.0;0.011475;89738.0;0.003046;83130.0;0.041473
2844;regular;1210349.0;0.010583;1210349.0;0.002465;1210349.0;0.039307
2844;watts;758880.0;0.010313;758880.0;0.002923;758880.0;0.049429
2848;barabasi;161632.0;0.010666;161632.0;0.00297;161632.0;0.031732
2848;complete;7786.0;0.0091;8243.0;0.006154;7786.0;0.014745
2848;erdos;94924.0;0.0114;101766.0;0.002872;94924.0;0.036614
2848;regular;1214131.0;0.010509;1214131.0;0.002465;1214131.0;0.040316
2848;watts;812101.0;0.010269;812101.0;0.002559;812101.0;0.05593
2852;regular;1251907.0;0.010765;1251907.0;0.002542;1251907.0;0.043529
2852;watts;802137.0;0.010274;802137.0;0.002642;802137.0;0.053061
2852;erdos;90309.0;0.011406;97112.0;0.002805;90309.0;0.041128
2852;barabasi;177751.0;0.010633;177751.0;0.002736;177751.0;0.031433
2852;complete;7733.0;0.00914;8074.0;0.00613;7733.0;0.014904
2856;barabasi;171092.0;0.010815;171092.0;0.002636;171092.0;0.03155
2856;complete;7958.0;0.00888;8629.0;0.006226;7958.0;0.014867
2856;erdos;76686.0;0.011411;83437.0;0.002829;76686.0;0.041248
2856;regular;1180229.0;0.010666;1180229.0;0.002666;1180229.0;0.037213
2856;watts;735714.0;0.010366;735714.0;0.002742;735714.0;0.056651
2861;barabasi;158824.0;0.010754;158824.0;0.002983;158824.0;0.032088
2861;complete;7915.0;0.009262;8408.0;0.006187;7915.0;0.014996
2861;erdos;85101.0;0.011543;91459.0;0.00278;85101.0;0.041574
2861;regular;103005551.0;0.010744;103005551.0;0.002873;103005551.0;1.320795
2861;watts;862060.0;0.010614;862060.0;0.002651;862060.0;0.049397
2865;barabasi;189824.0;0.010827;189824.0;0.003069;189824.0;0.032245
2865;complete;7739.0;0.009344;8158.0;0.006239;7739.0;0.014915
2865;erdos;110402.0;0.011573;117940.0;0.002867;110402.0;0.04157
2865;regular;101572464.0;0.010593;101572464.0;0.002346;101572464.0;1.356373
2865;watts;740091.0;0.010549;740091.0;0.00272;740091.0;0.048877
2869;barabasi;183777.0;0.01091;183777.0;0.002662;183777.0;0.031914
2869;complete;7889.0;0.009657;8343.0;0.006291;7889.0;0.01508
2869;erdos;109541.0;0.011537;115808.0;0.002798;109541.0;0.049751
2869;regular;99361673.0;0.010415;99361673.0;0.002568;99361673.0;1.268222
2869;watts;878822.0;0.01038;878822.0;0.002586;878822.0;0.060779
2874;barabasi;205788.0;0.010927;205788.0;0.00295;205788.0;0.031964
2874;complete;7754.0;0.010083;8075.0;0.006244;7754.0;0.015197
2874;erdos;92417.0;0.011627;99667.0;0.002898;92417.0;0.041866
2874;regular;1256104.0;0.010831;1256104.0;0.002846;1256104.0;0.041161
2874;watts;781576.0;0.010497;781576.0;0.00289;781576.0;0.050463
2878;barabasi;253691.0;0.010842;253691.0;0.002767;253691.0;0.032008
2878;complete;7928.0;0.009277;8366.0;0.006272;7928.0;0.015122
2878;erdos;99291.0;0.011729;105986.0;0.003111;99291.0;0.037887
2878;regular;671584.0;0.01018;671584.0;0.002372;671584.0;0.035903
2878;watts;856922.0;0.010311;856922.0;0.002625;856922.0;0.057552
2882;barabasi;218594.0;0.010914;218594.0;0.003004;218594.0;0.036274
2882;complete;7966.0;0.009509;8466.0;0.006379;7966.0;0.015131
2882;erdos;101255.0;0.011639;107205.0;0.002823;101255.0;0.041921
2882;regular;1262445.0;0.010795;1262445.0;0.002417;1262445.0;0.040639
2882;watts;696081.0;0.010592;696081.0;0.002539;696081.0;0.050041
2887;erdos;134309.0;0.011707;141660.0;0.00306;134309.0;0.046396
2887;regular;91033475.0;0.010269;91033475.0;0.002605;91033475.0;1.214807
2887;watts;699860.0;0.010529;699860.0;0.00289;699860.0;0.054027
2887;barabasi;178543.0;0.010865;178543.0;0.00275;178543.0;0.02854
2887;complete;7732.0;0.010247;8107.0;0.006279;7732.0;0.015201
2891;barabasi;189997.0;0.010811;189997.0;0.002713;189997.0;0.028518
2891;complete;7958.0;0.009247;8389.0;0.006331;7958.0;0.015178
2891;erdos;82555.0;0.011623;89997.0;0.002851;82555.0;0.050446
2891;regular;74227951.0;0.009264;74227951.0;0.002006;74227951.0;0.925597
2891;watts;735107.0;0.010556;735107.0;0.002683;735107.0;0.050462
2895;barabasi;173283.0;0.01089;173283.0;0.002741;173283.0;0.032618
2895;complete;7924.0;0.010096;8402.0;0.006382;7924.0;0.015306
2895;erdos;86978.0;0.01187;94997.0;0.002881;86978.0;0.042542
2895;regular;157246.0;0.000346;157246.0;8.4e-05;157246.0;0.007821
2895;watts;760437.0;0.010513;760437.0;0.002627;760437.0;0.061854
2900;barabasi;176353.0;0.011254;176353.0;0.003236;176353.0;0.028887
2900;complete;7756.0;0.009802;8062.0;0.006361;7756.0;0.015403
2900;erdos;93188.0;0.011857;101160.0;0.002972;93188.0;0.042798
2900;regular;1215020.0;0.010955;1215020.0;0.002857;1215020.0;0.033158
2900;watts;764250.0;0.010648;764250.0;0.003021;764250.0;0.058946
2904;erdos;82935.0;0.011852;91167.0;0.003195;82935.0;0.042809
2904;barabasi;194101.0;0.011073;194101.0;0.002859;194101.0;0.032656
2904;complete;7950.0;0.00994;8466.0;0.006419;7950.0;0.01541
2904;regular;1278971.0;0.010976;1278971.0;0.002822;1278971.0;0.039955
2904;watts;865374.0;0.010653;865374.0;0.002599;865374.0;0.053888
2908;barabasi;168434.0;0.011256;168434.0;0.002825;168434.0;0.036618
2908;complete;7914.0;0.009505;8403.0;0.006387;7914.0;0.015429
2908;erdos;79811.0;0.012008;86423.0;0.003266;79811.0;0.042882
2908;regular;1238315.0;0.01101;1238315.0;0.002816;1238315.0;0.041117
2908;watts;786513.0;0.010692;786513.0;0.002998;786513.0;0.059481
2913;barabasi;187083.0;0.01131;187083.0;0.002788;187083.0;0.03294
2913;complete;8046.0;0.010085;8486.0;0.006456;8046.0;0.015497
2913;erdos;87204.0;0.011877;93686.0;0.002915;87204.0;0.038447
2913;regular;43238540.0;0.007124;43238540.0;0.001758;43238540.0;0.557045
2913;watts;781333.0;0.010733;781333.0;0.002713;781333.0;0.061958
2917;barabasi;186473.0;0.011068;186473.0;0.002786;186473.0;0.029583
2917;complete;7842.0;0.010165;8204.0;0.006358;7842.0;0.015533
2917;erdos;107285.0;0.011997;113656.0;0.002967;107285.0;0.043166
2917;regular;78590010.0;0.009539;78590010.0;0.002056;78590010.0;1.048096
2917;watts;917331.0;0.010898;917331.0;0.003023;917331.0;0.051725
2921;regular;31584702.0;0.006088;31584702.0;0.001612;31584702.0;0.440366
2921;watts;829286.0;0.010869;829286.0;0.00278;829286.0;0.066659
2921;erdos;97942.0;0.011997;105346.0;0.002893;97942.0;0.038682
2921;barabasi;174189.0;0.011361;174189.0;0.002752;174189.0;0.029166
2921;complete;8083.0;0.010036;8650.0;0.006454;8083.0;0.015518
2926;barabasi;213055.0;0.011369;213055.0;0.002775;213055.0;0.033209
2926;complete;7859.0;0.010502;8254.0;0.006489;7859.0;0.015572
2926;erdos;88866.0;0.012144;96111.0;0.003007;88866.0;0.043361
2926;regular;988090.0;0.010572;988090.0;0.002465;988090.0;0.042756
2926;watts;815034.0;0.010892;815034.0;0.002686;815034.0;0.066221
2930;barabasi;172452.0;0.011437;172452.0;0.003008;172452.0;0.033338
2930;complete;8179.0;0.010359;8772.0;0.006597;8179.0;0.015641
2930;erdos;87085.0;0.012118;94646.0;0.002999;87085.0;0.044143
2930;regular;1370384.0;0.011497;1370384.0;0.00267;1370384.0;0.041114
2930;watts;842739.0;0.010886;842739.0;0.00288;842739.0;0.063709
2935;barabasi;197047.0;0.011294;197047.0;0.003021;197047.0;0.037613
2935;complete;8030.0;0.009831;8573.0;0.006564;8030.0;0.015739
2935;erdos;95632.0;0.012085;103488.0;0.002983;95632.0;0.039845
2935;regular;34118954.0;0.006448;34118954.0;0.001358;34118954.0;0.450817
2935;watts;745191.0;0.010934;745191.0;0.00291;745191.0;0.075798
2939;erdos;95921.0;0.012139;102520.0;0.003004;95921.0;0.039616
2939;barabasi;191222.0;0.01151;191222.0;0.003074;191222.0;0.0335
2939;complete;8181.0;0.010323;8754.0;0.006546;8181.0;0.015765
2939;regular;154059.0;0.000346;154059.0;8.9e-05;154059.0;0.008001
2939;watts;804364.0;0.010858;804364.0;0.002694;804364.0;0.052256
2943;barabasi;174839.0;0.011558;174839.0;0.003134;174839.0;0.029527
2943;complete;8072.0;0.009555;8479.0;0.00656;8072.0;0.015834
2943;erdos;132084.0;0.012152;138956.0;0.003119;132084.0;0.044268
2943;regular;46598874.0;0.007636;46598874.0;0.001942;46598874.0;0.648835
2943;watts;767793.0;0.011102;767793.0;0.002988;767793.0;0.060299
2948;barabasi;188310.0;0.011447;188310.0;0.002783;188310.0;0.029635
2948;complete;7908.0;0.010731;8236.0;0.006568;7908.0;0.015915
2948;erdos;112410.0;0.01228;119309.0;0.003017;112410.0;0.044042
2948;regular;1323546.0;0.011491;1323546.0;0.002946;1323546.0;0.04432
2948;watts;941059.0;0.01102;941059.0;0.002992;941059.0;0.052677
2952;barabasi;182984.0;0.011488;182984.0;0.002823;182984.0;0.033833
2952;complete;8059.0;0.009713;8526.0;0.006594;8059.0;0.015877
2952;erdos;111217.0;0.012264;118457.0;0.003051;111217.0;0.04449
2952;regular;1120149.0;0.011393;1120149.0;0.002675;1120149.0;0.047861
2952;watts;908314.0;0.010997;908314.0;0.002872;908314.0;0.051021
2957;regular;36338568.0;0.006576;36338568.0;0.001586;36338568.0;0.490839
2957;watts;861974.0;0.010983;861974.0;0.002688;861974.0;0.055453
2957;barabasi;201345.0;0.011425;201345.0;0.002841;201345.0;0.034067
2957;complete;8093.0;0.010369;8594.0;0.006605;8093.0;0.015994
2957;erdos;167533.0;0.012263;174263.0;0.003102;167533.0;0.040563
2961;barabasi;221837.0;0.011656;221837.0;0.002922;221837.0;0.038081
2961;complete;8068.0;0.009692;8534.0;0.006555;8068.0;0.016056
2961;erdos;108874.0;0.012333;116543.0;0.003002;108874.0;0.049001
2961;regular;66285156.0;0.008963;66285156.0;0.001986;66285156.0;0.872517
2961;watts;769152.0;0.011043;769152.0;0.002703;769152.0;0.050413
2965;barabasi;187511.0;0.011608;187511.0;0.002859;187511.0;0.030172
2965;complete;7993.0;0.010724;8377.0;0.006973;7993.0;0.016392
2965;erdos;154046.0;0.012354;161641.0;0.003019;154046.0;0.039986
2965;regular;105865851.0;0.011345;105865851.0;0.002581;105865851.0;1.480367
2965;watts;723120.0;0.011115;723120.0;0.002992;723120.0;0.052619
2970;barabasi;198843.0;0.011499;198843.0;0.002913;198843.0;0.038305
2970;complete;7858.0;0.010938;8162.0;0.006643;7858.0;0.016163
2970;erdos;95271.0;0.01242;102450.0;0.003143;95271.0;0.044871
2970;regular;1352703.0;0.011578;1352703.0;0.002913;1352703.0;0.036447
2970;watts;816706.0;0.01112;816706.0;0.002837;816706.0;0.057499
2974;barabasi;192717.0;0.011567;192717.0;0.002954;192717.0;0.034318
2974;complete;8007.0;0.010096;8394.0;0.006673;8007.0;0.01615
2974;erdos;101664.0;0.012416;108809.0;0.003061;101664.0;0.040483
2974;regular;873668.0;0.010944;873668.0;0.002759;873668.0;0.041834
2974;watts;813205.0;0.011049;813205.0;0.002957;813205.0;0.057725
2979;barabasi;212108.0;0.011652;212108.0;0.00291;212108.0;0.034586
2979;complete;7935.0;0.01036;8286.0;0.006667;7935.0;0.016244
2979;erdos;132155.0;0.01248;138819.0;0.00311;132155.0;0.053743
2979;regular;9308521.0;0.002997;9308521.0;0.000641;9308521.0;0.137545
2979;watts;882417.0;0.011292;882417.0;0.002747;882417.0;0.057985
2983;barabasi;185517.0;0.011695;185517.0;0.003075;185517.0;0.030727
2983;complete;8099.0;0.009978;8560.0;0.006782;8099.0;0.016341
2983;erdos;87041.0;0.012589;94380.0;0.003232;87041.0;0.041156
2983;regular;294434.0;0.000537;294434.0;0.000147;294434.0;0.011498
2983;watts;723171.0;0.011484;723171.0;0.002797;723171.0;0.05801
2988;barabasi;178570.0;0.011844;178570.0;0.003415;178570.0;0.030741
2988;complete;8059.0;0.010815;8426.0;0.006784;8059.0;0.016355
2988;erdos;91853.0;0.012587;99543.0;0.003129;91853.0;0.049872
2988;regular;1309155.0;0.011956;1309155.0;0.0028;1309155.0;0.039802
2988;watts;832395.0;0.011308;832395.0;0.003076;832395.0;0.053969
2992;regular;1139683.0;0.01181;1139683.0;0.003086;1139683.0;0.048048
2992;watts;827786.0;0.011334;827786.0;0.00311;827786.0;0.062103
2992;erdos;97691.0;0.012595;104411.0;0.003155;97691.0;0.049708
2992;barabasi;210034.0;0.011678;210034.0;0.002953;210034.0;0.034962
2992;complete;8077.0;0.010905;8374.0;0.006808;8077.0;0.016413
2997;barabasi;189055.0;0.012002;189055.0;0.002995;189055.0;0.039145
2997;complete;8169.0;0.010649;8556.0;0.006749;8169.0;0.016488
2997;erdos;76015.0;0.012623;83721.0;0.003227;76015.0;0.046039
2997;regular;14603204.0;0.00388;14603204.0;0.000822;14603204.0;0.211283
2997;watts;763456.0;0.011361;763456.0;0.002957;763456.0;0.062494
3001;barabasi;250566.0;0.011839;250566.0;0.002983;250566.0;0.039006
3001;complete;8008.0;0.011016;8340.0;0.006776;8008.0;0.016544
3001;erdos;99879.0;0.012729;107408.0;0.003134;99879.0;0.042758
3001;regular;9095753.0;0.003058;9095753.0;0.000937;9095753.0;0.133651
3001;watts;756766.0;0.011699;756766.0;0.002831;756766.0;0.05463
3006;barabasi;204602.0;0.011881;204602.0;0.003226;204602.0;0.039483
3006;complete;8288.0;0.010662;8905.0;0.006893;8288.0;0.016552
3006;erdos;119909.0;0.012686;127745.0;0.003187;119909.0;0.045846
3006;regular;1245391.0;0.011816;1245391.0;0.002786;1245391.0;0.044522
3006;watts;739430.0;0.011496;739430.0;0.003253;739430.0;0.058528
3010;barabasi;177222.0;0.011935;177222.0;0.003075;177222.0;0.035202
3010;complete;8182.0;0.010234;8605.0;0.006933;8182.0;0.016598
3010;erdos;93267.0;0.012713;100896.0;0.00314;93267.0;0.05526
3010;regular;1276720.0;0.011931;1276720.0;0.003029;1276720.0;0.040297
3010;watts;849364.0;0.01148;849364.0;0.003058;849364.0;0.063771
3015;barabasi;192280.0;0.012356;192280.0;0.003022;192280.0;0.035355
3015;complete;8221.0;0.010938;8655.0;0.006959;8221.0;0.0167
3015;erdos;93533.0;0.012854;100949.0;0.003212;93533.0;0.045858
3015;regular;47352468.0;0.007626;47352468.0;0.001627;47352468.0;0.639044
3015;watts;869280.0;0.011577;869280.0;0.003267;869280.0;0.055529
3019;barabasi;192442.0;0.01192;192442.0;0.003244;192442.0;0.035629
3019;complete;8359.0;0.010139;8935.0;0.006954;8359.0;0.016743
3019;erdos;92092.0;0.012883;99510.0;0.00337;92092.0;0.04686
3019;regular;88132102.0;0.010377;88132102.0;0.002376;88132102.0;1.193653
3019;watts;835567.0;0.011569;835567.0;0.003353;835567.0;0.060079
3024;barabasi;198725.0;0.011968;198725.0;0.00299;198725.0;0.035582
3024;complete;8356.0;0.00995;8860.0;0.006951;8356.0;0.016893
3024;erdos;100596.0;0.012932;108517.0;0.003226;100596.0;0.046615
3024;regular;1245570.0;0.012074;1245570.0;0.002759;1245570.0;0.041997
3024;watts;821473.0;0.011597;821473.0;0.002867;821473.0;0.068038
3028;regular;1282726.0;0.011951;1282726.0;0.002868;1282726.0;0.044083
3028;watts;816957.0;0.011601;816957.0;0.002945;816957.0;0.067949
3028;erdos;133917.0;0.012961;141868.0;0.003315;133917.0;0.056322
3028;barabasi;175362.0;0.012148;175362.0;0.003034;175362.0;0.044177
3028;complete;8274.0;0.010825;8727.0;0.00692;8274.0;0.016902
3033;barabasi;183778.0;0.012094;183778.0;0.003101;183778.0;0.040244
3033;complete;8123.0;0.011135;8441.0;0.006966;8123.0;0.016859
3033;erdos;115144.0;0.01291;122249.0;0.003175;115144.0;0.047046
3033;regular;81736316.0;0.009958;81736316.0;0.002194;81736316.0;1.113713
3033;watts;904074.0;0.011826;904074.0;0.002925;904074.0;0.063297
3037;barabasi;185638.0;0.012175;185638.0;0.003297;185638.0;0.035961
3037;complete;7997.0;0.011478;8259.0;0.006971;7997.0;0.016963
3037;erdos;94526.0;0.012915;101300.0;0.003256;94526.0;0.046834
3037;regular;104601885.0;0.01143;104601885.0;0.002671;104601885.0;1.407858
3037;watts;722351.0;0.011663;722351.0;0.003101;722351.0;0.069339
3042;barabasi;208765.0;0.01207;208765.0;0.003006;208765.0;0.044519
3042;complete;8143.0;0.010738;8547.0;0.007017;8143.0;0.016991
3042;erdos;90007.0;0.012992;98029.0;0.003177;90007.0;0.046682
3042;regular;1266453.0;0.012057;1266453.0;0.003011;1266453.0;0.044718
3042;watts;772489.0;0.011586;772489.0;0.002915;772489.0;0.06835
3047;barabasi;196296.0;0.012131;196296.0;0.003065;196296.0;0.040456
3047;complete;8156.0;0.011353;8452.0;0.007017;8156.0;0.0171
3047;erdos;96409.0;0.013131;103889.0;0.003683;96409.0;0.056754
3047;regular;55192448.0;0.008536;55192448.0;0.00214;55192448.0;0.764846
3047;watts;927743.0;0.011735;927743.0;0.002969;927743.0;0.064422
3051;barabasi;169111.0;0.012227;169111.0;0.003066;169111.0;0.031966
3051;complete;8429.0;0.010303;8958.0;0.007084;8429.0;0.017102
3051;erdos;97070.0;0.013059;105139.0;0.00326;97070.0;0.038355
3051;regular;109981340.0;0.011678;109981340.0;0.002648;109981340.0;1.544522
3051;watts;859731.0;0.011856;859731.0;0.003009;859731.0;0.077653
3056;barabasi;198975.0;0.012435;198975.0;0.003381;198975.0;0.036295
3056;complete;8392.0;0.010314;8824.0;0.007068;8392.0;0.017215
3056;erdos;91191.0;0.013145;98032.0;0.003306;91191.0;0.04299
3056;regular;1161615.0;0.012276;1161615.0;0.003195;1161615.0;0.045233
3056;watts;923027.0;0.011798;923027.0;0.003202;923027.0;0.057057
3060;barabasi;206760.0;0.012152;206760.0;0.003117;206760.0;0.040749
3060;complete;8373.0;0.011057;8873.0;0.007136;8373.0;0.017189
3060;erdos;81992.0;0.013193;89963.0;0.003288;81992.0;0.052441
3060;regular;1285053.0;0.012253;1285053.0;0.002911;1285053.0;0.047048
3060;watts;839168.0;0.011795;839168.0;0.003264;839168.0;0.061074
3065;regular;49736419.0;0.008202;49736419.0;0.002173;49736419.0;0.713583
3065;watts;943673.0;0.011864;943673.0;0.002992;943673.0;0.061325
3065;erdos;110159.0;0.013198;117244.0;0.003402;110159.0;0.052482
3065;barabasi;201193.0;0.01235;201193.0;0.003369;201193.0;0.045716
3065;complete;8303.0;0.010618;8674.0;0.007108;8303.0;0.017301
3069;barabasi;205298.0;0.012503;205298.0;0.003025;205298.0;0.03231
3069;complete;8378.0;0.010519;8732.0;0.007139;8378.0;0.017296
3069;erdos;123488.0;0.013207;131043.0;0.003357;123488.0;0.048081
3069;regular;3310951.0;0.001738;3310951.0;0.000389;3310951.0;0.052928
3069;watts;872506.0;0.011854;872506.0;0.003037;872506.0;0.078664
3074;barabasi;180868.0;0.012462;180868.0;0.003135;180868.0;0.032448
3074;complete;8323.0;0.010777;8731.0;0.00713;8323.0;0.017423
3074;erdos;90338.0;0.01334;98597.0;0.003582;90338.0;0.048425
3074;regular;774047.0;0.01172;774047.0;0.003125;774047.0;0.037003
3074;watts;768096.0;0.012164;768096.0;0.004212;768096.0;0.058325
3079;barabasi;196457.0;0.012435;196457.0;0.003341;196457.0;0.032761
3079;complete;8386.0;0.010715;8821.0;0.007265;8386.0;0.017473
3079;erdos;91897.0;0.013532;98927.0;0.003415;91897.0;0.048268
3079;regular;14551464.0;0.00405;14551464.0;0.001233;14551464.0;0.21757
3079;watts;853536.0;0.011919;853536.0;0.003131;853536.0;0.057622
3083;barabasi;196265.0;0.012335;196265.0;0.0033;196265.0;0.037124
3083;complete;8362.0;0.011467;8792.0;0.007252;8362.0;0.017465
3083;erdos;88024.0;0.013393;96276.0;0.003285;88024.0;0.04867
3083;regular;112718010.0;0.011998;112718010.0;0.002781;112718010.0;1.601256
3083;watts;934502.0;0.012031;934502.0;0.003427;934502.0;0.067313
3088;barabasi;273635.0;0.01246;273635.0;0.003248;273635.0;0.037241
3088;complete;8479.0;0.010588;8873.0;0.007291;8479.0;0.017627
3088;erdos;88629.0;0.01342;96203.0;0.003321;88629.0;0.044077
3088;regular;1174651.0;0.012481;1174651.0;0.00299;1174651.0;0.045906
3088;watts;828581.0;0.012063;828581.0;0.003068;828581.0;0.053878
3093;barabasi;205754.0;0.012503;205754.0;0.003362;205754.0;0.037547
3093;complete;8144.0;0.011348;8467.0;0.007282;8144.0;0.017607
3093;erdos;110851.0;0.013417;118718.0;0.003419;110851.0;0.053844
3093;regular;114914813.0;0.012256;114914813.0;0.00281;114914813.0;1.702795
3093;watts;959281.0;0.012038;959281.0;0.003078;959281.0;0.072101
3097;barabasi;193825.0;0.012751;193825.0;0.00343;193825.0;0.033013
3097;complete;8410.0;0.010737;8804.0;0.007236;8410.0;0.017716
3097;erdos;79846.0;0.013726;87499.0;0.003374;79846.0;0.044274
3097;regular;90520970.0;0.010926;90520970.0;0.002693;90520970.0;1.295396
3097;watts;761650.0;0.012125;761650.0;0.003082;761650.0;0.062869
3102;regular;1334767.0;0.012742;1334767.0;0.003348;1334767.0;0.0429
3102;watts;913594.0;0.012234;913594.0;0.003054;913594.0;0.06214
3102;erdos;105767.0;0.013757;113162.0;0.003647;105767.0;0.043906
3102;barabasi;185802.0;0.012668;185802.0;0.003148;185802.0;0.03296
3102;complete;8493.0;0.011407;8878.0;0.007304;8493.0;0.017624
3107;barabasi;219799.0;0.012552;219799.0;0.003378;219799.0;0.04229
3107;complete;8498.0;0.011426;8937.0;0.007259;8498.0;0.01785
3107;erdos;99386.0;0.013619;106988.0;0.003338;99386.0;0.058945
3107;regular;17183106.0;0.004278;17183106.0;0.000952;17183106.0;0.250375
3107;watts;777472.0;0.012158;777472.0;0.003135;777472.0;0.07182
3111;barabasi;207343.0;0.012618;207343.0;0.003158;207343.0;0.042298
3111;complete;8460.0;0.010865;8860.0;0.007318;8460.0;0.017874
3111;erdos;99142.0;0.013712;106533.0;0.003379;99142.0;0.049511
3111;regular;3544739.0;0.001909;3544739.0;0.000434;3544739.0;0.062073
3111;watts;822622.0;0.012236;822622.0;0.003136;822622.0;0.062655
3116;barabasi;189933.0;0.01264;189933.0;0.003252;189933.0;0.037849
3116;complete;8263.0;0.011368;8554.0;0.00731;8263.0;0.017875
3116;erdos;110854.0;0.013736;117880.0;0.003739;110854.0;0.049457
3116;regular;1018793.0;0.0119;1018793.0;0.002836;1018793.0;0.046816
3116;watts;821927.0;0.012452;821927.0;0.003562;821927.0;0.068114
3121;barabasi;218973.0;0.012761;218973.0;0.003471;218973.0;0.03805
3121;complete;8651.0;0.011518;9234.0;0.007463;8651.0;0.01798
3121;erdos;96412.0;0.013741;104660.0;0.003493;96412.0;0.059308
3121;regular;3195349.0;0.001844;3195349.0;0.000404;3195349.0;0.054296
3121;watts;1002449.0;0.012488;1002449.0;0.003565;1002449.0;0.067993
3125;barabasi;225644.0;0.012654;225644.0;0.003375;225644.0;0.047027
3125;complete;8438.0;0.011873;8803.0;0.007386;8438.0;0.017997
3125;erdos;82200.0;0.013865;89838.0;0.003671;82200.0;0.045235
3125;regular;11364475.0;0.003446;11364475.0;0.000735;11364475.0;0.161959
3125;watts;819935.0;0.012348;819935.0;0.003149;819935.0;0.063768
3130;barabasi;194856.0;0.012844;194856.0;0.003265;194856.0;0.038202
3130;complete;8503.0;0.011782;8900.0;0.007514;8503.0;0.018107
3130;erdos;106349.0;0.013775;114153.0;0.003497;106349.0;0.055097
3130;regular;1289516.0;0.012728;1289516.0;0.003072;1289516.0;0.040556
3130;watts;869094.0;0.012343;869094.0;0.003309;869094.0;0.061849
3135;barabasi;191273.0;0.012828;191273.0;0.003503;191273.0;0.034019
3135;complete;8508.0;0.011945;9033.0;0.00749;8508.0;0.018108
3135;erdos;83511.0;0.013832;91554.0;0.003373;83511.0;0.055382
3135;regular;116226137.0;0.012647;116226137.0;0.002984;116226137.0;1.654858
3135;watts;917920.0;0.012365;917920.0;0.003237;917920.0;0.068653
3139;regular;23935741.0;0.005381;23935741.0;0.001145;23935741.0;0.370167
3139;watts;949931.0;0.012386;949931.0;0.003185;949931.0;0.064622
3139;erdos;90690.0;0.013881;98334.0;0.003636;90690.0;0.06013
3139;barabasi;232524.0;0.013027;232524.0;0.003292;232524.0;0.033726
3139;complete;8381.0;0.011471;8723.0;0.007538;8381.0;0.018206
3144;barabasi;174181.0;0.013;174181.0;0.003273;174181.0;0.034095
3144;complete;8551.0;0.011951;8946.0;0.007533;8551.0;0.018279
3144;erdos;91131.0;0.013908;99083.0;0.00354;91131.0;0.045952
3144;regular;1447848.0;0.012988;1447848.0;0.003386;1447848.0;0.042892
3144;watts;879242.0;0.01245;879242.0;0.003201;879242.0;0.068909
3149;barabasi;195969.0;0.012935;195969.0;0.003299;195969.0;0.038657
3149;complete;8450.0;0.011911;8768.0;0.007549;8450.0;0.018219
3149;erdos;110828.0;0.013868;118777.0;0.00354;110828.0;0.050998
3149;regular;97865432.0;0.011368;97865432.0;0.002597;97865432.0;1.396908
3149;watts;861802.0;0.012614;861802.0;0.003137;861802.0;0.064656
3153;barabasi;221591.0;0.012887;221591.0;0.003442;221591.0;0.043479
3153;complete;8428.0;0.011537;8792.0;0.007587;8428.0;0.018311
3153;erdos;95429.0;0.014012;103524.0;0.003578;95429.0;0.046087
3153;regular;90143089.0;0.011142;90143089.0;0.002723;90143089.0;1.269855
3153;watts;878206.0;0.012393;878206.0;0.003309;878206.0;0.056868
3158;barabasi;201452.0;0.012973;201452.0;0.003485;201452.0;0.043745
3158;complete;8701.0;0.010958;9249.0;0.007559;8701.0;0.018367
3158;erdos;97368.0;0.014024;104191.0;0.003499;97368.0;0.051165
3158;regular;1430408.0;0.01306;1430408.0;0.003347;1430408.0;0.046291
3158;watts;934464.0;0.01265;934464.0;0.003243;934464.0;0.065505
3163;barabasi;237113.0;0.013028;237113.0;0.003417;237113.0;0.043698
3163;complete;8702.0;0.011857;9337.0;0.007606;8702.0;0.018481
3163;erdos;89014.0;0.014058;96511.0;0.003489;89014.0;0.051516
3163;regular;126985547.0;0.012993;126985547.0;0.003317;126985547.0;1.782456
3163;watts;880304.0;0.01266;880304.0;0.003395;880304.0;0.065904
3168;barabasi;228768.0;0.013074;228768.0;0.003337;228768.0;0.039312
3168;complete;8652.0;0.0112;9074.0;0.007573;8652.0;0.018601
3168;erdos;101628.0;0.014824;109730.0;0.003555;101628.0;0.046006
3168;regular;795843.0;0.012657;795843.0;0.003035;795843.0;0.044175
3168;watts;842388.0;0.01264;842388.0;0.003194;842388.0;0.056441
3172;barabasi;206778.0;0.013242;206778.0;0.00338;206778.0;0.034672
3172;complete;8613.0;0.012061;9018.0;0.007615;8613.0;0.01858
3172;erdos;97001.0;0.014194;105132.0;0.003601;97001.0;0.056715
3172;regular;1411830.0;0.013233;1411830.0;0.003433;1411830.0;0.050779
3172;watts;896853.0;0.01285;896853.0;0.003655;896853.0;0.070819
3177;regular;1894028.0;0.001478;1894028.0;0.000315;1894028.0;0.036115
3177;watts;984455.0;0.01272;984455.0;0.003213;984455.0;0.065981
3177;erdos;87371.0;0.014216;94596.0;0.003652;87371.0;0.051841
3177;barabasi;212815.0;0.013308;212815.0;0.003485;212815.0;0.039456
3177;complete;8635.0;0.011852;9001.0;0.007834;8635.0;0.01873
3182;barabasi;214393.0;0.013181;214393.0;0.003597;214393.0;0.039709
3182;complete;8384.0;0.012869;8650.0;0.007727;8384.0;0.018664
3182;erdos;102545.0;0.014475;111200.0;0.003702;102545.0;0.047079
3182;regular;1392173.0;0.01327;1392173.0;0.003389;1392173.0;0.042944
3182;watts;810231.0;0.012771;810231.0;0.003507;810231.0;0.079939
3187;barabasi;229995.0;0.013327;229995.0;0.003534;229995.0;0.039837
3187;complete;8639.0;0.011569;8982.0;0.007781;8639.0;0.018787
3187;erdos;104455.0;0.014468;112821.0;0.003714;104455.0;0.05231
3187;regular;49614638.0;0.008487;49614638.0;0.002183;49614638.0;0.721631
3187;watts;828294.0;0.012805;828294.0;0.003238;828294.0;0.067062
3191;barabasi;232976.0;0.013233;232976.0;0.003454;232976.0;0.044468
3191;complete;8704.0;0.011362;9101.0;0.007714;8704.0;0.018846
3191;erdos;87073.0;0.014339;95244.0;0.003614;87073.0;0.052675
3191;regular;27001197.0;0.005851;27001197.0;0.00137;27001197.0;0.400969
3191;watts;904022.0;0.012757;904022.0;0.003299;904022.0;0.07144
3196;barabasi;218730.0;0.013306;218730.0;0.003648;218730.0;0.035381
3196;complete;8636.0;0.012444;8986.0;0.007818;8636.0;0.019
3196;erdos;137547.0;0.014495;145128.0;0.00374;137547.0;0.056893
3196;regular;1531941.0;0.013444;1531941.0;0.003235;1531941.0;0.053692
3196;watts;810426.0;0.012939;810426.0;0.003369;810426.0;0.057001
3201;barabasi;219882.0;0.0133;219882.0;0.003555;219882.0;0.044806
3201;complete;8740.0;0.01221;9128.0;0.007822;8740.0;0.018954
3201;erdos;87119.0;0.014448;95441.0;0.003742;87119.0;0.052881
3201;regular;59749131.0;0.0091;59749131.0;0.002329;59749131.0;0.851619
3201;watts;909522.0;0.013074;909522.0;0.003691;909522.0;0.072535
3206;barabasi;266472.0;0.013436;266472.0;0.003461;266472.0;0.040782
3206;complete;8599.0;0.012412;8936.0;0.007873;8599.0;0.019053
3206;erdos;103239.0;0.014547;110460.0;0.003849;103239.0;0.053046
3206;regular;1397500.0;0.01357;1397500.0;0.003439;1397500.0;0.059283
3206;watts;918446.0;0.012828;918446.0;0.003357;918446.0;0.07396
3211;barabasi;239566.0;0.013535;239566.0;0.00344;239566.0;0.040331
3211;complete;8512.0;0.012022;8810.0;0.007812;8512.0;0.01905
3211;erdos;96136.0;0.014525;103508.0;0.003557;96136.0;0.053181
3211;regular;120453953.0;0.012917;120453953.0;0.002951;120453953.0;1.84025
3211;watts;882215.0;0.012983;882215.0;0.00346;882215.0;0.067912
3215;regular;12373290.0;0.003721;12373290.0;0.001078;12373290.0;0.180994
3215;watts;820761.0;0.013075;820761.0;0.003289;820761.0;0.068098
3215;erdos;86485.0;0.014633;94524.0;0.00377;86485.0;0.053273
3215;barabasi;193648.0;0.013401;193648.0;0.003642;193648.0;0.035688
3215;complete;8518.0;0.012865;8737.0;0.007774;8518.0;0.01912
3220;barabasi;223054.0;0.013599;223054.0;0.003451;223054.0;0.04054
3220;complete;8506.0;0.012184;8775.0;0.007888;8506.0;0.019182
3220;erdos;107342.0;0.014607;115463.0;0.003741;107342.0;0.058157
3220;regular;1381190.0;0.013757;1381190.0;0.003354;1381190.0;0.051413
3220;watts;893612.0;0.013024;893612.0;0.003459;893612.0;0.061613
3225;barabasi;201886.0;0.0138;201886.0;0.0035;201886.0;0.045419
3225;complete;8588.0;0.01291;8937.0;0.007937;8588.0;0.019297
3225;erdos;99735.0;0.014658;108494.0;0.003607;99735.0;0.053165
3225;regular;3714732.0;0.002077;3714732.0;0.000475;3714732.0;0.057332
3225;watts;876967.0;0.013106;876967.0;0.003381;876967.0;0.071626
3230;barabasi;240511.0;0.013713;240511.0;0.003451;240511.0;0.045632
3230;complete;8755.0;0.011787;9117.0;0.008035;8755.0;0.019367
3230;erdos;96552.0;0.014751;105201.0;0.003836;96552.0;0.054014
3230;regular;1417612.0;0.013685;1417612.0;0.003477;1417612.0;0.046052
3230;watts;932951.0;0.013249;932951.0;0.003528;932951.0;0.072874
3235;barabasi;223977.0;0.013702;223977.0;0.003508;223977.0;0.04093
3235;complete;8617.0;0.012884;8932.0;0.007978;8617.0;0.019435
3235;erdos;115660.0;0.014744;123084.0;0.003819;115660.0;0.048517
3235;regular;47051476.0;0.00818;47051476.0;0.001855;47051476.0;0.721998
3235;watts;890475.0;0.013254;890475.0;0.003363;890475.0;0.068727
3240;barabasi;216782.0;0.014024;216782.0;0.003773;216782.0;0.050919
3240;complete;8870.0;0.01239;9352.0;0.007996;8870.0;0.019606
3240;erdos;99154.0;0.014982;106712.0;0.003733;99154.0;0.054144
3240;regular;1465791.0;0.013789;1465791.0;0.003337;1465791.0;0.053329
3240;watts;929974.0;0.013313;929974.0;0.003384;929974.0;0.078859
3245;barabasi;212931.0;0.01384;212931.0;0.003691;212931.0;0.036573
3245;complete;8599.0;0.012964;8821.0;0.007973;8599.0;0.019448
3245;erdos;94181.0;0.014906;102585.0;0.003732;94181.0;0.060019
3245;regular;74509252.0;0.010588;74509252.0;0.002443;74509252.0;1.083541
3245;watts;788792.0;0.013201;788792.0;0.003526;788792.0;0.061212
3249;barabasi;199272.0;0.013815;199272.0;0.003677;199272.0;0.041448
3249;complete;8695.0;0.012236;9026.0;0.008092;8695.0;0.019614
3249;erdos;103194.0;0.014856;110914.0;0.003769;103194.0;0.054147
3249;regular;1308127.0;0.001237;1308127.0;0.000359;1308127.0;0.028461
3249;watts;896974.0;0.013357;896974.0;0.00343;896974.0;0.068115
3254;regular;1397115.0;0.013956;1397115.0;0.003545;1397115.0;0.053293
3254;watts;896585.0;0.013479;896585.0;0.003523;896585.0;0.078947
3254;erdos;105257.0;0.014951;113401.0;0.003685;105257.0;0.059817
3254;barabasi;242670.0;0.013887;242670.0;0.003813;242670.0;0.046544
3254;complete;8719.0;0.012912;9071.0;0.00807;8719.0;0.019672
3259;barabasi;205168.0;0.013844;205168.0;0.003657;205168.0;0.041693
3259;complete;8939.0;0.011734;9335.0;0.00811;8939.0;0.019629
3259;erdos;93167.0;0.015088;100911.0;0.003986;93167.0;0.059632
3259;regular;22088344.0;0.005369;22088344.0;0.00144;22088344.0;0.332194
3259;watts;826396.0;0.013412;826396.0;0.003478;826396.0;0.059871
3264;barabasi;228326.0;0.013997;228326.0;0.00373;228326.0;0.041805
3264;complete;8693.0;0.012311;8928.0;0.008089;8693.0;0.019893
3264;erdos;98695.0;0.014997;106733.0;0.003727;98695.0;0.049641
3264;regular;1337971.0;0.014047;1337971.0;0.003577;1337971.0;0.057497
3264;watts;984061.0;0.01352;984061.0;0.003456;984061.0;0.070229
3269;barabasi;243773.0;0.014112;243773.0;0.003458;243773.0;0.04672
3269;complete;8872.0;0.012874;9225.0;0.008152;8872.0;0.019806
3269;erdos;98903.0;0.015158;107246.0;0.003729;98903.0;0.055196
3269;regular;70716074.0;0.010209;70716074.0;0.002236;70716074.0;1.078135
3269;watts;896823.0;0.013402;896823.0;0.003408;896823.0;0.07481
3274;barabasi;196601.0;0.014032;196601.0;0.003655;196601.0;0.046976
3274;complete;8602.0;0.013334;8861.0;0.008158;8602.0;0.014968
3274;erdos;113942.0;0.015184;121912.0;0.004;113942.0;0.060773
3274;regular;1434838.0;0.014135;1434838.0;0.003448;1434838.0;0.047432
3274;watts;1030851.0;0.013539;1030851.0;0.003607;1030851.0;0.070412
3279;barabasi;210764.0;0.014075;210764.0;0.003739;210764.0;0.042218
3279;complete;9025.0;0.011928;9589.0;0.008205;9025.0;0.019921
3279;erdos;96795.0;0.015222;104792.0;0.004051;96795.0;0.049966
3279;regular;124944174.0;0.013475;124944174.0;0.003405;124944174.0;1.95028
3279;watts;917828.0;0.013837;917828.0;0.003413;917828.0;0.070519
3284;barabasi;201439.0;0.014238;201439.0;0.003749;201439.0;0.047329
3284;complete;8925.0;0.012097;9241.0;0.008277;8925.0;0.020098
3284;erdos;104319.0;0.015262;112911.0;0.003788;104319.0;0.055617
3284;regular;1459199.0;0.014187;1459199.0;0.003432;1459199.0;0.047704
3284;watts;1225108.0;0.013553;1225108.0;0.003613;1225108.0;0.090202
3289;barabasi;206615.0;0.014388;206615.0;0.004003;206615.0;0.04254
3289;complete;8872.0;0.013135;9301.0;0.008229;8872.0;0.020052
3289;erdos;108059.0;0.015268;116143.0;0.003802;108059.0;0.050062
3289;regular;75181464.0;0.010787;75181464.0;0.002689;75181464.0;1.151482
3289;watts;877029.0;0.013768;877029.0;0.003616;877029.0;0.067907
3294;regular;1392007.0;0.014443;1392007.0;0.003846;1392007.0;0.066128
3294;watts;965900.0;0.013752;965900.0;0.003706;965900.0;0.081988
3294;erdos;92692.0;0.015292;100881.0;0.003807;92692.0;0.05619
3294;barabasi;204210.0;0.014148;204210.0;0.003636;204210.0;0.042587
3294;complete;9158.0;0.012673;9682.0;0.008494;9158.0;0.020189
3298;barabasi;224826.0;0.014411;224826.0;0.003954;224826.0;0.047874
3298;complete;8771.0;0.013285;9058.0;0.008233;8771.0;0.0201
3298;erdos;92844.0;0.015412;99806.0;0.004119;92844.0;0.050555
3298;regular;825122.0;0.013681;825122.0;0.003167;825122.0;0.047367
3298;watts;939096.0;0.013775;939096.0;0.003486;939096.0;0.086471
3303;barabasi;217847.0;0.014488;217847.0;0.003604;217847.0;0.053027
3303;complete;8982.0;0.013116;9379.0;0.008645;8982.0;0.020397
3303;erdos;98744.0;0.015424;105949.0;0.004207;98744.0;0.067353
3303;regular;102978321.0;0.012534;102978321.0;0.003221;102978321.0;1.536715
3303;watts;1070414.0;0.013814;1070414.0;0.003691;1070414.0;0.07151
3308;barabasi;217079.0;0.014328;217079.0;0.003885;217079.0;0.042973
3308;complete;8862.0;0.012495;9199.0;0.008323;8862.0;0.020199
3308;erdos;94587.0;0.015503;102611.0;0.00388;94587.0;0.050794
3308;regular;1055238.0;0.013623;1055238.0;0.003472;1055238.0;0.042093
3308;watts;966383.0;0.013859;966383.0;0.003657;966383.0;0.072182
3313;barabasi;203575.0;0.01438;203575.0;0.003834;203575.0;0.048156
3313;complete;9068.0;0.012268;9500.0;0.008521;9068.0;0.020361
3313;erdos;83688.0;0.015568;92011.0;0.004086;83688.0;0.056401
3313;regular;68826513.0;0.010358;68826513.0;0.002556;68826513.0;1.033616
3313;watts;978324.0;0.013939;978324.0;0.003553;978324.0;0.080228
3318;barabasi;208329.0;0.014427;208329.0;0.003711;208329.0;0.043134
3318;complete;8856.0;0.012679;9157.0;0.008355;8856.0;0.020371
3318;erdos;87093.0;0.015526;95543.0;0.004061;87093.0;0.056467
3318;regular;1456604.0;0.01446;1456604.0;0.003634;1456604.0;0.051491
3318;watts;965229.0;0.013915;965229.0;0.003749;965229.0;0.077628
3323;barabasi;216280.0;0.014383;216280.0;0.003854;216280.0;0.043333
3323;complete;8776.0;0.013612;9084.0;0.008432;8776.0;0.020329
3323;erdos;99571.0;0.015615;107676.0;0.003924;99571.0;0.056622
3323;regular;21367867.0;0.005398;21367867.0;0.001416;21367867.0;0.349509
3323;watts;878998.0;0.013883;878998.0;0.003544;878998.0;0.072387
3328;barabasi;186237.0;0.014633;186237.0;0.003888;186237.0;0.038788
3328;complete;9035.0;0.012403;9344.0;0.008433;9035.0;0.020663
3328;erdos;85549.0;0.015601;93417.0;0.004022;85549.0;0.057225
3328;regular;1413516.0;0.014647;1413516.0;0.003726;1413516.0;0.068838
3328;watts;923454.0;0.014034;923454.0;0.003814;923454.0;0.072036
3333;regular;50110466.0;0.008634;50110466.0;0.001882;50110466.0;0.735506
3333;watts;1027349.0;0.014025;1027349.0;0.003736;1027349.0;0.088762
3333;erdos;89907.0;0.015633;98293.0;0.003912;89907.0;0.062866
3333;barabasi;232839.0;0.014597;232839.0;0.003943;232839.0;0.038482
3333;complete;8877.0;0.013772;9169.0;0.008494;8877.0;0.020652
3338;barabasi;221502.0;0.014706;221502.0;0.003731;221502.0;0.04893
3338;complete;9005.0;0.01261;9347.0;0.008457;9005.0;0.020666
3338;erdos;96039.0;0.015727;104859.0;0.004159;96039.0;0.062708
3338;regular;1481206.0;0.01469;1481206.0;0.003738;1481206.0;0.047621
3338;watts;842880.0;0.014362;842880.0;0.003726;842880.0;0.078907
3343;barabasi;228674.0;0.014645;228674.0;0.003761;228674.0;0.048875
3343;complete;8885.0;0.013729;9215.0;0.0086;8885.0;0.020718
3343;erdos;87468.0;0.015813;96035.0;0.003971;87468.0;0.057543
3343;regular;117923796.0;0.013599;117923796.0;0.003392;117923796.0;1.937965
3343;watts;824160.0;0.014415;824160.0;0.0036;824160.0;0.066559
3348;barabasi;232367.0;0.014611;232367.0;0.003903;232367.0;0.04905
3348;complete;9079.0;0.012596;9414.0;0.008538;9079.0;0.020779
3348;erdos;91912.0;0.01583;99727.0;0.004148;91912.0;0.057827
3348;regular;1485389.0;0.014813;1485389.0;0.003927;1485389.0;0.054362
3348;watts;733115.0;0.014115;733115.0;0.003564;733115.0;0.094281
3353;barabasi;236941.0;0.014914;236941.0;0.003952;236941.0;0.038856
3353;complete;8963.0;0.013584;9253.0;0.008532;8963.0;0.020852
3353;erdos;120032.0;0.015934;129427.0;0.004097;120032.0;0.058072
3353;regular;48058082.0;0.008594;48058082.0;0.002133;48058082.0;0.719766
3353;watts;933582.0;0.014323;933582.0;0.003904;933582.0;0.074238
3358;barabasi;191469.0;0.014872;191469.0;0.003991;191469.0;0.044277
3358;complete;8868.0;0.014012;9181.0;0.008699;8868.0;0.020799
3358;erdos;105129.0;0.01598;113397.0;0.004166;105129.0;0.06371
3358;regular;1467852.0;0.01479;1467852.0;0.003687;1467852.0;0.054915
3358;watts;914689.0;0.014549;914689.0;0.004152;914689.0;0.095045
3363;barabasi;217087.0;0.014842;217087.0;0.003794;217087.0;0.049509
3363;complete;8957.0;0.01318;9316.0;0.008703;8957.0;0.020923
3363;erdos;108693.0;0.015887;117388.0;0.003965;108693.0;0.058414
3363;regular;28138951.0;0.00616;28138951.0;0.001546;28138951.0;0.416238
3363;watts;972544.0;0.014245;972544.0;0.003795;972544.0;0.069111
3368;barabasi;221891.0;0.014792;221891.0;0.003996;221891.0;0.044427
3368;complete;9076.0;0.013631;9373.0;0.008661;9076.0;0.021112
3368;erdos;80602.0;0.016063;89800.0;0.004035;80602.0;0.058334
3368;regular;1293885.0;0.014055;1293885.0;0.003476;1293885.0;0.049575
3368;watts;958690.0;0.014483;958690.0;0.003909;958690.0;0.090475
3373;regular;12553059.0;0.003957;12553059.0;0.000843;12553059.0;0.198284
3373;watts;1051315.0;0.014776;1051315.0;0.003907;1051315.0;0.068953
3373;erdos;105987.0;0.016053;113658.0;0.004193;105987.0;0.058793
3373;barabasi;225557.0;0.014751;225557.0;0.003795;225557.0;0.049903
3373;complete;9219.0;0.012598;9596.0;0.008659;9219.0;0.02102
3379;barabasi;239156.0;0.014814;239156.0;0.003981;239156.0;0.055382
3379;complete;9065.0;0.013887;9358.0;0.008788;9065.0;0.021153
3379;erdos;114623.0;0.016123;122891.0;0.004341;114623.0;0.064555
3379;regular;119065205.0;0.013513;119065205.0;0.003155;119065205.0;1.786857
3379;watts;894365.0;0.014245;894365.0;0.003764;894365.0;0.075338
3384;barabasi;240238.0;0.014912;240238.0;0.003861;240238.0;0.050193
3384;complete;9094.0;0.01393;9401.0;0.008762;9094.0;0.021289
3384;erdos;108084.0;0.016155;116685.0;0.004293;108084.0;0.058712
3384;regular;1426645.0;0.014986;1426645.0;0.003682;1426645.0;0.048378
3384;watts;908488.0;0.014328;908488.0;0.003877;908488.0;0.074479
3389;barabasi;210946.0;0.014962;210946.0;0.003845;210946.0;0.045176
3389;complete;9262.0;0.013674;9674.0;0.008779;9262.0;0.021335
3389;erdos;102857.0;0.016201;112316.0;0.004202;102857.0;0.076492
3389;regular;1963419.0;0.001496;1963419.0;0.000323;1963419.0;0.035577
3389;watts;971097.0;0.014612;971097.0;0.003823;971097.0;0.075603
3394;barabasi;211281.0;0.015119;211281.0;0.003901;211281.0;0.045247
3394;complete;9110.0;0.013146;9449.0;0.008785;9110.0;0.021421
3394;erdos;87390.0;0.016263;95562.0;0.004061;87390.0;0.070651
3394;regular;1498650.0;0.015057;1498650.0;0.003817;1498650.0;0.074375
3394;watts;919055.0;0.014503;919055.0;0.003924;919055.0;0.080768
3399;barabasi;229974.0;0.015195;229974.0;0.003909;229974.0;0.050682
3399;complete;9114.0;0.014095;9410.0;0.008817;9114.0;0.021408
3399;erdos;107516.0;0.016453;116349.0;0.00423;107516.0;0.053933
3399;regular;58495352.0;0.009589;58495352.0;0.002417;58495352.0;0.893871
3399;watts;955587.0;0.014486;955587.0;0.00384;955587.0;0.081143
3404;barabasi;202452.0;0.015132;202452.0;0.00399;202452.0;0.045488
3404;complete;9229.0;0.013996;9714.0;0.00881;9229.0;0.021626
3404;erdos;83256.0;0.016666;90722.0;0.004119;83256.0;0.059651
3404;regular;1393218.0;0.015205;1393218.0;0.003657;1393218.0;0.053496
3404;watts;1059783.0;0.014602;1059783.0;0.004013;1059783.0;0.070999
3409;barabasi;226245.0;0.015081;226245.0;0.004008;226245.0;0.051034
3409;complete;9364.0;0.012861;9756.0;0.009003;9364.0;0.022016
3409;erdos;88625.0;0.016432;96954.0;0.004138;88625.0;0.05978
3409;regular;103883777.0;0.013136;103883777.0;0.003317;103883777.0;1.683216
3409;watts;950582.0;0.014746;950582.0;0.00377;950582.0;0.076275
3414;regular;1491939.0;0.015392;1491939.0;0.003861;1491939.0;0.062292
3414;watts;928035.0;0.014628;928035.0;0.003971;928035.0;0.092388
3414;erdos;97434.0;0.016488;106174.0;0.00414;97434.0;0.054327
3414;barabasi;210212.0;0.015266;210212.0;0.004042;210212.0;0.045726
3414;complete;9373.0;0.01285;9848.0;0.008872;9373.0;0.021663
3419;barabasi;220640.0;0.015206;220640.0;0.00402;220640.0;0.051387
3419;complete;9359.0;0.013102;9712.0;0.008924;9359.0;0.021715
3419;erdos;90895.0;0.016531;98775.0;0.004274;90895.0;0.077637
3419;regular;1215139.0;0.001216;1215139.0;0.000295;1215139.0;0.027052
3419;watts;1010489.0;0.01484;1010489.0;0.004088;1010489.0;0.088108
3424;barabasi;233786.0;0.015471;233786.0;0.003976;233786.0;0.05693
3424;complete;9246.0;0.014155;9583.0;0.009;9246.0;0.021834
3424;erdos;80314.0;0.016587;88618.0;0.004196;80314.0;0.066636
3424;regular;1457050.0;0.015297;1457050.0;0.003914;1457050.0;0.056949
3424;watts;1015936.0;0.014947;1015936.0;0.00399;1015936.0;0.092951
3430;barabasi;209806.0;0.015264;209806.0;0.004133;209806.0;0.051725
3430;complete;9024.0;0.01388;9268.0;0.009018;9024.0;0.02188
3430;erdos;131771.0;0.016667;140540.0;0.004384;131771.0;0.054655
3430;regular;1497175.0;0.01534;1497175.0;0.003726;1497175.0;0.066299
3430;watts;835722.0;0.014864;835722.0;0.004038;835722.0;0.077866
3435;barabasi;226567.0;0.015325;226567.0;0.004005;226567.0;0.057377
3435;complete;9200.0;0.014161;9531.0;0.009054;9200.0;0.021943
3435;erdos;111001.0;0.016582;119217.0;0.004312;111001.0;0.054939
3435;regular;17799207.0;0.004848;17799207.0;0.00136;17799207.0;0.314999
3435;watts;1042836.0;0.014782;1042836.0;0.004012;1042836.0;0.07756
3440;barabasi;237284.0;0.015603;237284.0;0.004101;237284.0;0.052146
3440;complete;9520.0;0.012855;10100.0;0.00906;9520.0;0.021958
3440;erdos;106997.0;0.016735;116472.0;0.004301;106997.0;0.061059
3440;regular;822872.0;0.014599;822872.0;0.003774;822872.0;0.052419
3440;watts;933298.0;0.014933;933298.0;0.003937;933298.0;0.07248
3445;barabasi;233622.0;0.015319;233622.0;0.004122;233622.0;0.046536
3445;complete;9191.0;0.014347;9458.0;0.009125;9191.0;0.022042
3445;erdos;130854.0;0.016825;140217.0;0.004391;130854.0;0.055429
3445;regular;23169054.0;0.005709;23169054.0;0.001468;23169054.0;0.389942
3445;watts;841558.0;0.01513;841558.0;0.00396;841558.0;0.094495
3450;barabasi;266158.0;0.015426;266158.0;0.004074;266158.0;0.05226
3450;complete;9163.0;0.014988;9454.0;0.009146;9163.0;0.022124
3450;erdos;95396.0;0.016795;104012.0;0.004233;95396.0;0.06738
3450;regular;1474961.0;0.015695;1474961.0;0.003932;1474961.0;0.054123
3450;watts;925608.0;0.014924;925608.0;0.004125;925608.0;0.078132
3455;regular;149255639.0;0.015397;149255639.0;0.003649;149255639.0;2.417054
3455;watts;822608.0;0.015135;822608.0;0.004073;822608.0;0.095162
3455;erdos;104432.0;0.016896;112199.0;0.004444;104432.0;0.061211
3455;barabasi;229159.0;0.015567;229159.0;0.004211;229159.0;0.046986
3455;complete;9016.0;0.015031;9268.0;0.009166;9016.0;0.022148
3461;barabasi;213501.0;0.015677;213501.0;0.004212;213501.0;0.047098
3461;complete;9050.0;0.015298;9301.0;0.00913;9050.0;0.016743
3461;erdos;109841.0;0.016861;118422.0;0.004367;109841.0;0.062133
3461;regular;76909333.0;0.011526;76909333.0;0.00298;76909333.0;1.219985
3461;watts;956142.0;0.014985;956142.0;0.004006;956142.0;0.083494
3466;barabasi;206578.0;0.015803;206578.0;0.004364;206578.0;0.041681
3466;complete;9414.0;0.014307;9793.0;0.009318;9414.0;0.022303
3466;erdos;104046.0;0.016991;112591.0;0.004384;104046.0;0.061981
3466;regular;1558857.0;0.015786;1558857.0;0.004065;1558857.0;0.055308
3466;watts;902594.0;0.015271;902594.0;0.003944;902594.0;0.068548
3471;barabasi;228200.0;0.015797;228200.0;0.004101;228200.0;0.047275
3471;complete;9594.0;0.013262;10019.0;0.009353;9594.0;0.022451
3471;erdos;100044.0;0.017146;108890.0;0.004664;100044.0;0.068605
3471;regular;141856628.0;0.015041;141856628.0;0.003602;141856628.0;2.330583
3471;watts;824877.0;0.01553;824877.0;0.003801;824877.0;0.073235
3476;barabasi;242390.0;0.015866;242390.0;0.004111;242390.0;0.0474
3476;complete;9327.0;0.014732;9706.0;0.009243;9327.0;0.022447
3476;erdos;82079.0;0.017095;90868.0;0.004347;82079.0;0.062239
3476;regular;1485104.0;0.015817;1485104.0;0.004153;1485104.0;0.071947
3476;watts;984593.0;0.015305;984593.0;0.004396;984593.0;0.085542
3481;barabasi;232679.0;0.015958;232679.0;0.004516;232679.0;0.058953
3481;complete;9217.0;0.014245;9468.0;0.009275;9217.0;0.022559
3481;erdos;87998.0;0.017265;97633.0;0.004615;87998.0;0.068633
3481;regular;153113485.0;0.015824;153113485.0;0.003793;153113485.0;2.493406
3481;watts;910113.0;0.015282;910113.0;0.004098;910113.0;0.091508
3487;barabasi;237129.0;0.016156;237129.0;0.00452;237129.0;0.064678
3487;complete;9465.0;0.014748;9841.0;0.009364;9465.0;0.02256
3487;erdos;99177.0;0.017171;108504.0;0.004331;99177.0;0.075054
3487;regular;27008174.0;0.00621;27008174.0;0.001822;27008174.0;0.411269
3487;watts;845529.0;0.015501;845529.0;0.00411;845529.0;0.08044
3492;barabasi;223820.0;0.015995;223820.0;0.00411;223820.0;0.053458
3492;complete;9240.0;0.01426;9510.0;0.009266;9240.0;0.016975
3492;erdos;107763.0;0.01736;116465.0;0.004288;107763.0;0.056802
3492;regular;1407652.0;0.015924;1407652.0;0.004127;1407652.0;0.070342
3492;watts;1009852.0;0.015651;1009852.0;0.004146;1009852.0;0.074272
3497;regular;34675280.0;0.007168;34675280.0;0.001664;34675280.0;0.542299
3497;watts;983833.0;0.015331;983833.0;0.004056;983833.0;0.081581
3497;erdos;142346.0;0.017347;151183.0;0.004591;142346.0;0.063664
3497;barabasi;221364.0;0.016214;221364.0;0.004505;221364.0;0.053753
3497;complete;9570.0;0.013603;9957.0;0.009393;9570.0;0.022806
3502;barabasi;232342.0;0.015961;232342.0;0.004352;232342.0;0.048283
3502;complete;9227.0;0.014465;9486.0;0.00947;9227.0;0.017145
3502;erdos;122287.0;0.01733;131184.0;0.004501;122287.0;0.063506
3502;regular;1618069.0;0.016169;1618069.0;0.004074;1618069.0;0.061992
3502;watts;985199.0;0.015583;985199.0;0.004253;985199.0;0.080708
3508;barabasi;241762.0;0.016097;241762.0;0.00427;241762.0;0.054011
3508;complete;9413.0;0.014051;9711.0;0.009376;9413.0;0.022787
3508;erdos;120456.0;0.017297;128921.0;0.004355;120456.0;0.069982
3508;regular;1501856.0;0.016128;1501856.0;0.004184;1501856.0;0.060458
3508;watts;874620.0;0.0157;874620.0;0.004182;874620.0;0.069655
3513;barabasi;246180.0;0.016131;246180.0;0.004326;246180.0;0.042892
3513;complete;9132.0;0.015723;9384.0;0.009529;9132.0;0.017226
3513;erdos;96021.0;0.017469;105025.0;0.004583;96021.0;0.057509
3513;regular;149014844.0;0.015728;149014844.0;0.003848;149014844.0;2.450552
3513;watts;1145391.0;0.015571;1145391.0;0.004195;1145391.0;0.073799
3518;erdos;91843.0;0.01752;101561.0;0.004488;91843.0;0.057735
3518;barabasi;241481.0;0.016229;241481.0;0.004459;241481.0;0.048695
3518;complete;9436.0;0.014243;9764.0;0.009427;9436.0;0.022958
3518;regular;845367.0;0.015498;845367.0;0.004003;845367.0;0.057272
3518;watts;1025701.0;0.016004;1025701.0;0.00409;1025701.0;0.081399
3523;barabasi;235460.0;0.016219;235460.0;0.004231;235460.0;0.042902
3523;complete;9689.0;0.014579;10072.0;0.00944;9689.0;0.022983
3523;erdos;90143.0;0.017542;98647.0;0.004414;90143.0;0.06408
3523;regular;73231992.0;0.011324;73231992.0;0.002862;73231992.0;1.168596
3523;watts;948567.0;0.015635;948567.0;0.004038;948567.0;0.098804
3529;barabasi;258782.0;0.016566;258782.0;0.004446;258782.0;0.048825
3529;complete;9431.0;0.014405;9728.0;0.009582;9431.0;0.023078
3529;erdos;100225.0;0.01767;109277.0;0.004435;100225.0;0.083169
3529;regular;65076673.0;0.010702;65076673.0;0.002872;65076673.0;1.087397
3529;watts;1081703.0;0.015678;1081703.0;0.004301;1081703.0;0.081597
3534;barabasi;230698.0;0.0165;230698.0;0.004637;230698.0;0.049165
3534;complete;9299.0;0.014788;9565.0;0.009702;9299.0;0.023166
3534;erdos;97235.0;0.01771;106206.0;0.004465;97235.0;0.064368
3534;regular;1508636.0;0.016485;1508636.0;0.004354;1508636.0;0.069076
3534;watts;804928.0;0.015946;804928.0;0.004488;804928.0;0.088005
3539;regular;152080847.0;0.01616;152080847.0;0.003886;152080847.0;2.474083
3539;watts;1135785.0;0.015886;1135785.0;0.004165;1135785.0;0.088317
3539;erdos;103049.0;0.017722;111658.0;0.004488;103049.0;0.064817
3539;barabasi;238713.0;0.016468;238713.0;0.00428;238713.0;0.055201
3539;complete;9411.0;0.015338;9673.0;0.009532;9411.0;0.02326
3545;barabasi;200803.0;0.016495;200803.0;0.004285;200803.0;0.043493
3545;complete;9327.0;0.015618;9637.0;0.00974;9327.0;0.017519
3545;erdos;114320.0;0.017782;123762.0;0.00451;114320.0;0.071375
3545;regular;160331695.0;0.016535;160331695.0;0.004173;160331695.0;2.570731
3545;watts;1206857.0;0.016022;1206857.0;0.004434;1206857.0;0.075702
3550;barabasi;222336.0;0.016519;222336.0;0.004376;222336.0;0.049592
3550;complete;9566.0;0.014242;9894.0;0.009623;9566.0;0.023447
3550;erdos;83979.0;0.017806;93655.0;0.004566;83979.0;0.065242
3550;regular;1601536.0;0.016737;1601536.0;0.004467;1601536.0;0.05573
3550;watts;961166.0;0.016011;961166.0;0.00433;961166.0;0.089501
3555;barabasi;231190.0;0.016623;231190.0;0.004598;231190.0;0.049733
3555;complete;9529.0;0.01451;9791.0;0.009659;9529.0;0.02347
3555;erdos;91531.0;0.017913;99969.0;0.004552;91531.0;0.071757
3555;regular;1176727.0;0.001293;1176727.0;0.00035;1176727.0;0.030421
3555;watts;1097193.0;0.016018;1097193.0;0.004224;1097193.0;0.089286
3560;barabasi;250751.0;0.017004;250751.0;0.004383;250751.0;0.049744
3560;complete;9270.0;0.015337;9512.0;0.009704;9270.0;0.023548
3560;erdos;107794.0;0.018052;116654.0;0.004706;107794.0;0.065192
3560;regular;1590832.0;0.016664;1590832.0;0.004047;1590832.0;0.066633
3560;watts;1006605.0;0.016452;1006605.0;0.004227;1006605.0;0.077587
3566;barabasi;247909.0;0.016637;247909.0;0.004387;247909.0;0.049911
3566;complete;9273.0;0.015357;9502.0;0.009719;9273.0;0.017769
3566;erdos;100126.0;0.018156;109615.0;0.004858;100126.0;0.072368
3566;regular;1801296.0;0.016773;1801296.0;0.004131;1801296.0;0.054796
3566;watts;1077563.0;0.016052;1077563.0;0.004282;1077563.0;0.101701
3571;barabasi;262814.0;0.016799;262814.0;0.004473;262814.0;0.050138
3571;complete;9731.0;0.015104;10213.0;0.009909;9731.0;0.023693
3571;erdos;105653.0;0.018092;115116.0;0.00475;105653.0;0.059685
3571;regular;135884301.0;0.015505;135884301.0;0.003857;135884301.0;2.2245
3571;watts;1147389.0;0.016151;1147389.0;0.004281;1147389.0;0.101598
3577;barabasi;237069.0;0.016929;237069.0;0.004471;237069.0;0.050236
3577;complete;9414.0;0.015245;9679.0;0.009968;9414.0;0.023873
3577;erdos;98919.0;0.018183;108241.0;0.004889;98919.0;0.072321
3577;regular;145466500.0;0.015859;145466500.0;0.003792;145466500.0;2.342336
3577;watts;1094233.0;0.016164;1094233.0;0.004247;1094233.0;0.084174
3582;erdos;94559.0;0.018235;104318.0;0.00468;94559.0;0.066284
3582;regular;1703921.0;0.016903;1703921.0;0.004275;1703921.0;0.052865
3582;watts;1086958.0;0.016372;1086958.0;0.004315;1086958.0;0.090668
3582;barabasi;272823.0;0.016888;272823.0;0.004615;272823.0;0.050511
3582;complete;9755.0;0.014252;10118.0;0.009961;9755.0;0.023851
3587;barabasi;254556.0;0.017183;254556.0;0.004715;254556.0;0.05059
3587;complete;9451.0;0.015238;9720.0;0.009823;9451.0;0.023939
3587;erdos;88963.0;0.018215;98555.0;0.004626;88963.0;0.060005
3587;regular;60194702.0;0.010282;60194702.0;0.002549;60194702.0;0.958716
3587;watts;1066342.0;0.016255;1066342.0;0.004367;1066342.0;0.08496
3593;barabasi;341782.0;0.017043;341782.0;0.004496;341782.0;0.062753
3593;complete;9826.0;0.014297;10213.0;0.010016;9826.0;0.024704
3593;erdos;108022.0;0.018242;116747.0;0.004652;108022.0;0.060037
3593;regular;157817695.0;0.016993;157817695.0;0.004454;157817695.0;2.767462
3593;watts;968341.0;0.016632;968341.0;0.004538;968341.0;0.079059
3598;barabasi;239884.0;0.017302;239884.0;0.004597;239884.0;0.050813
3598;complete;9466.0;0.015334;9717.0;0.009882;9466.0;0.024018
3598;erdos;96968.0;0.01838;105898.0;0.00465;96968.0;0.060533
3598;regular;805601.0;0.016152;805601.0;0.004064;805601.0;0.0517
3598;watts;978211.0;0.016638;978211.0;0.004275;978211.0;0.09658
3603;erdos;99445.0;0.018388;108532.0;0.004643;99445.0;0.067107
3603;barabasi;249693.0;0.017088;249693.0;0.004518;249693.0;0.051016
3603;complete;9568.0;0.016032;9885.0;0.009909;9568.0;0.024142
3603;regular;109881737.0;0.014443;109881737.0;0.003407;109881737.0;1.906837
3603;watts;1048350.0;0.016712;1048350.0;0.004298;1048350.0;0.085576
3609;barabasi;255457.0;0.017112;255457.0;0.00435;255457.0;0.057165
3609;complete;9452.0;0.015569;9666.0;0.009988;9452.0;0.018304
3609;erdos;99303.0;0.018447;108095.0;0.004511;99303.0;0.060551
3609;regular;147310289.0;0.016279;147310289.0;0.003794;147310289.0;2.426166
3609;watts;973492.0;0.01657;973492.0;0.004393;973492.0;0.085173
3614;barabasi;241748.0;0.017255;241748.0;0.004437;241748.0;0.051341
3614;complete;9494.0;0.016191;9718.0;0.01004;9494.0;0.024305
3614;erdos;102969.0;0.018466;113027.0;0.00463;102969.0;0.060509
3614;regular;1618907.0;0.017266;1618907.0;0.004396;1618907.0;0.063638
3614;watts;1124948.0;0.016666;1124948.0;0.00444;1124948.0;0.10377
3620;barabasi;255756.0;0.017437;255756.0;0.004872;255756.0;0.045472
3620;complete;9597.0;0.016375;9860.0;0.010126;9597.0;0.018229
3620;erdos;83304.0;0.018532;93031.0;0.004666;83304.0;0.067869
3620;regular;1500880.0;0.017257;1500880.0;0.004426;1500880.0;0.06218
3620;watts;979590.0;0.01665;979590.0;0.004536;979590.0;0.10424
3625;regular;116805139.0;0.01484;116805139.0;0.003716;116805139.0;1.971542
3625;watts;983705.0;0.016736;983705.0;0.004397;983705.0;0.085645
3625;erdos;106458.0;0.018622;115447.0;0.0049;106458.0;0.07417
3625;barabasi;241718.0;0.01725;241718.0;0.004495;241718.0;0.051569
3625;complete;9588.0;0.016403;9808.0;0.010026;9588.0;0.018326
3631;barabasi;234133.0;0.017401;234133.0;0.004693;234133.0;0.051833
3631;complete;9782.0;0.014946;10140.0;0.010217;9782.0;0.024497
3631;erdos;112981.0;0.018634;121723.0;0.004851;112981.0;0.067747
3631;regular;166748144.0;0.017419;166748144.0;0.004378;166748144.0;2.836684
3631;watts;1133097.0;0.017186;1133097.0;0.004355;1133097.0;0.086988
3636;barabasi;243563.0;0.017473;243563.0;0.004516;243563.0;0.057988
3636;complete;9539.0;0.016735;9790.0;0.010188;9539.0;0.024576
3636;erdos;91412.0;0.01873;100328.0;0.00471;91412.0;0.061842
3636;regular;1172624.0;0.016725;1172624.0;0.004237;1172624.0;0.059814
3636;watts;959285.0;0.01687;959285.0;0.004382;959285.0;0.085216
3641;barabasi;223910.0;0.017479;223910.0;0.004526;223910.0;0.052079
3641;complete;9613.0;0.016529;9891.0;0.010129;9613.0;0.024706
3641;erdos;112520.0;0.018686;122061.0;0.004769;112520.0;0.075049
3641;regular;96647053.0;0.013464;96647053.0;0.003382;96647053.0;1.612449
3641;watts;1098034.0;0.017009;1098034.0;0.004197;1098034.0;0.092988
3647;barabasi;274803.0;0.017424;274803.0;0.004564;274803.0;0.052281
3647;complete;9594.0;0.016832;9809.0;0.01023;9594.0;0.024715
3647;erdos;115133.0;0.018772;124188.0;0.004835;115133.0;0.068754
3647;regular;11650555.0;0.004097;11650555.0;0.001165;11650555.0;0.205647
3647;watts;904232.0;0.016924;904232.0;0.004388;904232.0;0.087377
3652;barabasi;226868.0;0.017607;226868.0;0.004582;226868.0;0.046182
3652;complete;9749.0;0.01539;10059.0;0.010222;9749.0;0.024747
3652;erdos;107630.0;0.019098;116245.0;0.004789;107630.0;0.062748
3652;regular;1590566.0;0.017637;1590566.0;0.004345;1590566.0;0.063159
3652;watts;1134116.0;0.017354;1134116.0;0.004425;1134116.0;0.112015
3658;barabasi;256569.0;0.017616;256569.0;0.004689;256569.0;0.052642
3658;complete;9816.0;0.016463;10158.0;0.010241;9816.0;0.024955
3658;erdos;91947.0;0.019053;101673.0;0.004783;91947.0;0.069695
3658;regular;1595587.0;0.017804;1595587.0;0.004547;1595587.0;0.061757
3658;watts;996144.0;0.017375;996144.0;0.004515;996144.0;0.081122
3663;barabasi;222316.0;0.017654;222316.0;0.004711;222316.0;0.058921
3663;complete;9765.0;0.015523;10080.0;0.010291;9765.0;0.018737
3663;erdos;109167.0;0.019171;118305.0;0.004811;109167.0;0.069738
3663;regular;42724475.0;0.008754;42724475.0;0.002061;42724475.0;0.733625
3663;watts;1060026.0;0.016978;1060026.0;0.004484;1060026.0;0.119783
3669;erdos;104237.0;0.019094;114161.0;0.004942;104237.0;0.062575
3669;regular;83098430.0;0.012432;83098430.0;0.002887;83098430.0;1.391426
3669;watts;1085947.0;0.017214;1085947.0;0.004911;1085947.0;0.09465
3669;barabasi;224404.0;0.017542;224404.0;0.004662;224404.0;0.05289
3669;complete;9813.0;0.016421;10124.0;0.010354;9813.0;0.024988
3674;barabasi;212764.0;0.017858;212764.0;0.004655;212764.0;0.053018
3674;complete;9628.0;0.01608;9877.0;0.010325;9628.0;0.018841
3674;erdos;93157.0;0.019114;101740.0;0.004974;93157.0;0.08346
3674;regular;1654697.0;0.017925;1654697.0;0.004627;1654697.0;0.064925
3674;watts;1180374.0;0.017143;1180374.0;0.004528;1180374.0;0.089316
3680;barabasi;254236.0;0.017896;254236.0;0.004704;254236.0;0.053216
3680;complete;9723.0;0.016951;10003.0;0.010391;9723.0;0.025189
3680;erdos;99080.0;0.01908;107955.0;0.004982;99080.0;0.063036
3680;regular;1811159.0;0.01796;1811159.0;0.004565;1811159.0;0.065959
3680;watts;1048386.0;0.017415;1048386.0;0.004612;1048386.0;0.093536
3685;barabasi;264699.0;0.018058;264699.0;0.00455;264699.0;0.053217
3685;complete;9872.0;0.016772;10232.0;0.010642;9872.0;0.025276
3685;erdos;94740.0;0.019299;103956.0;0.004987;94740.0;0.070153
3685;regular;111394062.0;0.014623;111394062.0;0.0034;111394062.0;1.832794
3685;watts;809885.0;0.017328;809885.0;0.004544;809885.0;0.082574
3691;erdos;88740.0;0.019316;98704.0;0.004855;88740.0;0.070291
3691;barabasi;235947.0;0.018165;235947.0;0.004777;235947.0;0.05337
3691;complete;10028.0;0.01632;10386.0;0.010552;10028.0;0.025319
3691;regular;114705951.0;0.01513;114705951.0;0.00382;114705951.0;1.939379
3691;watts;1097398.0;0.017323;1097398.0;0.004499;1097398.0;0.102188
3696;barabasi;238470.0;0.018026;238470.0;0.00477;238470.0;0.053617
3696;complete;9848.0;0.016675;10198.0;0.010438;9848.0;0.025442
3696;erdos;92249.0;0.019383;101344.0;0.004865;92249.0;0.063948
3696;regular;1685856.0;0.018121;1685856.0;0.004667;1685856.0;0.067341
3696;watts;1213983.0;0.017445;1213983.0;0.004492;1213983.0;0.090105
3702;barabasi;244183.0;0.018107;244183.0;0.004825;244183.0;0.06017
3702;complete;9625.0;0.016472;9884.0;0.010489;9625.0;0.019119
3702;erdos;89052.0;0.019447;99634.0;0.005117;89052.0;0.07121
3702;regular;1615011.0;0.018029;1615011.0;0.004465;1615011.0;0.061228
3702;watts;1082797.0;0.017597;1082797.0;0.004837;1082797.0;0.08424
3708;barabasi;256181.0;0.018099;256181.0;0.004785;256181.0;0.053939
3708;complete;9924.0;0.016576;10258.0;0.01063;9924.0;0.025599
3708;erdos;87974.0;0.019459;97246.0;0.00509;87974.0;0.071041
3708;regular;880368.0;0.016859;880368.0;0.004221;880368.0;0.056089
3708;watts;1272750.0;0.017415;1272750.0;0.004645;1272750.0;0.090028
3713;regular;157760388.0;0.017328;157760388.0;0.004302;157760388.0;2.666726
3713;watts;1199093.0;0.017621;1199093.0;0.004628;1199093.0;0.103824
3713;erdos;93692.0;0.019537;103754.0;0.00486;93692.0;0.078284
3713;barabasi;249021.0;0.018067;249021.0;0.004789;249021.0;0.054557
3713;complete;9632.0;0.016759;9825.0;0.01053;9632.0;0.025642
3719;barabasi;232758.0;0.018244;232758.0;0.004921;232758.0;0.067211
3719;complete;9933.0;0.015964;10257.0;0.010661;9933.0;0.025673
3719;erdos;95058.0;0.019653;104745.0;0.00523;95058.0;0.078794
3719;regular;174364337.0;0.018351;174364337.0;0.004792;174364337.0;3.041867
3719;watts;991603.0;0.017583;991603.0;0.004567;991603.0;0.103937
3724;barabasi;231697.0;0.018615;231697.0;0.00465;231697.0;0.054516
3724;complete;9992.0;0.016962;10322.0;0.010707;9992.0;0.025792
3724;erdos;101902.0;0.019657;111594.0;0.005278;101902.0;0.07189
3724;regular;1533741.0;0.018342;1533741.0;0.004813;1533741.0;0.075927
3724;watts;1168693.0;0.01762;1168693.0;0.004664;1168693.0;0.091549
3730;barabasi;230185.0;0.018468;230185.0;0.005132;230185.0;0.054656
3730;complete;9952.0;0.017233;10259.0;0.010773;9952.0;0.025908
3730;erdos;100025.0;0.019757;109130.0;0.005354;100025.0;0.085928
3730;regular;959128.0;0.017326;959128.0;0.004532;959128.0;0.056079
3730;watts;1063558.0;0.017713;1063558.0;0.004642;1063558.0;0.098355
3735;barabasi;240490.0;0.018345;240490.0;0.004856;240490.0;0.054779
3735;complete;9826.0;0.017369;10095.0;0.010766;9826.0;0.025951
3735;erdos;85089.0;0.019737;94832.0;0.005096;85089.0;0.072107
3735;regular;41346668.0;0.008657;41346668.0;0.002328;41346668.0;0.703962
3735;watts;1031347.0;0.017621;1031347.0;0.004747;1031347.0;0.098466
3741;barabasi;263541.0;0.018361;263541.0;0.004936;263541.0;0.0486
3741;complete;9913.0;0.016383;10172.0;0.010679;9913.0;0.019563
3741;erdos;107206.0;0.019832;116664.0;0.005154;107206.0;0.079864
3741;regular;22433916.0;0.00609;22433916.0;0.001707;22433916.0;0.402647
3741;watts;1021474.0;0.01836;1021474.0;0.004719;1021474.0;0.092624
3747;barabasi;248727.0;0.018494;248727.0;0.004992;248727.0;0.055058
3747;complete;10064.0;0.015991;10344.0;0.010789;10064.0;0.026151
3747;erdos;105376.0;0.019886;115196.0;0.004943;105376.0;0.086627
3747;regular;171962837.0;0.018225;171962837.0;0.004634;171962837.0;3.052304
3747;watts;1268390.0;0.017817;1268390.0;0.0051;1268390.0;0.092764
3752;barabasi;235617.0;0.018196;235617.0;0.004821;235617.0;0.048721
3752;complete;9896.0;0.016622;10117.0;0.010802;9896.0;0.02618
3752;erdos;80621.0;0.019921;91406.0;0.004955;80621.0;0.079911
3752;regular;1523345.0;0.018741;1523345.0;0.005182;1523345.0;0.068797
3752;watts;1099798.0;0.017913;1099798.0;0.004754;1099798.0;0.092989
3758;erdos;112141.0;0.019979;121498.0;0.005173;112141.0;0.080111
3758;regular;1654155.0;0.018662;1654155.0;0.004831;1654155.0;0.082695
3758;watts;1096527.0;0.017891;1096527.0;0.004816;1096527.0;0.099461
3758;barabasi;263838.0;0.018722;263838.0;0.004939;263838.0;0.048896
3758;complete;9980.0;0.01634;10252.0;0.010906;9980.0;0.02625
3764;barabasi;251120.0;0.018726;251120.0;0.004826;251120.0;0.055677
3764;complete;10158.0;0.017235;10487.0;0.010807;10158.0;0.026377
3764;erdos;100823.0;0.020169;110431.0;0.005369;100823.0;0.080469
3764;regular;1679333.0;0.018602;1679333.0;0.004641;1679333.0;0.061296
3764;watts;1287186.0;0.017764;1287186.0;0.004671;1287186.0;0.099971
3769;barabasi;234371.0;0.018602;234371.0;0.004951;234371.0;0.055972
3769;complete;10204.0;0.016079;10596.0;0.010928;10204.0;0.026447
3769;erdos;94275.0;0.020132;103316.0;0.005099;94275.0;0.07999
3769;regular;98435840.0;0.014127;98435840.0;0.003241;98435840.0;1.772196
3769;watts;1145931.0;0.018128;1145931.0;0.004582;1145931.0;0.106553
3775;barabasi;212975.0;0.018629;212975.0;0.004963;212975.0;0.056038
3775;complete;10121.0;0.017422;10471.0;0.010996;10121.0;0.026557
3775;erdos;85729.0;0.020182;94530.0;0.005108;85729.0;0.07407
3775;regular;183114148.0;0.018746;183114148.0;0.004739;183114148.0;3.115697
3775;watts;1170310.0;0.017913;1170310.0;0.00486;1170310.0;0.107079
3780;erdos;119035.0;0.020157;128334.0;0.005244;119035.0;0.073938
3780;barabasi;295637.0;0.018691;295637.0;0.004957;295637.0;0.0561
3780;complete;10042.0;0.016581;10285.0;0.010936;10042.0;0.019952
3780;regular;1607030.0;0.018828;1607030.0;0.004782;1607030.0;0.066606
3780;watts;1077794.0;0.018161;1077794.0;0.004915;1077794.0;0.087915
3786;barabasi;232433.0;0.018627;232433.0;0.004921;232433.0;0.062961
3786;complete;10145.0;0.016407;10475.0;0.011013;10145.0;0.026713
3786;erdos;84261.0;0.020238;94558.0;0.00516;84261.0;0.073774
3786;regular;1671029.0;0.018811;1671029.0;0.004836;1671029.0;0.063075
3786;watts;978653.0;0.018115;978653.0;0.004918;978653.0;0.088548
3792;barabasi;228847.0;0.01879;228847.0;0.004895;228847.0;0.056475
3792;complete;10253.0;0.017343;10558.0;0.011019;10253.0;0.026806
3792;erdos;94794.0;0.020359;104683.0;0.005291;94794.0;0.080884
3792;regular;1749822.0;0.018769;1749822.0;0.004678;1749822.0;0.071212
3792;watts;973917.0;0.018268;973917.0;0.004907;973917.0;0.100414
3798;barabasi;238105.0;0.018857;238105.0;0.005199;238105.0;0.056623
3798;complete;10248.0;0.01635;10585.0;0.01117;10248.0;0.026835
3798;erdos;97344.0;0.020346;107035.0;0.005285;97344.0;0.074809
3798;regular;1795261.0;0.018973;1795261.0;0.004815;1795261.0;0.076029
3798;watts;1204745.0;0.018316;1204745.0;0.004783;1204745.0;0.095363
3803;regular;30234351.0;0.007118;30234351.0;0.001932;30234351.0;0.526498
3803;watts;947573.0;0.018198;947573.0;0.004873;947573.0;0.095843
3803;erdos;93847.0;0.020571;103684.0;0.005208;93847.0;0.075114
3803;barabasi;237352.0;0.018897;237352.0;0.004946;237352.0;0.063552
3803;complete;10092.0;0.016864;10433.0;0.011109;10092.0;0.026907
3809;barabasi;273318.0;0.019082;273318.0;0.005055;273318.0;0.063768
3809;complete;9917.0;0.018458;10095.0;0.011159;9917.0;0.027016
3809;erdos;89080.0;0.02052;98520.0;0.00525;89080.0;0.075137
3809;regular;79998844.0;0.012776;79998844.0;0.003028;79998844.0;1.420504
3809;watts;1203570.0;0.018537;1203570.0;0.004825;1203570.0;0.108578
3815;barabasi;296195.0;0.019489;296195.0;0.004895;296195.0;0.057172
3815;complete;9894.0;0.018699;10109.0;0.011154;9894.0;0.020285
3815;erdos;77989.0;0.020594;88371.0;0.00516;77989.0;0.082517
3815;regular;182159840.0;0.018938;182159840.0;0.004614;182159840.0;3.262345
3815;watts;1053981.0;0.018487;1053981.0;0.004856;1053981.0;0.094351
3820;barabasi;306081.0;0.019292;306081.0;0.004987;306081.0;0.077661
3820;complete;10163.0;0.018198;10481.0;0.011171;10163.0;0.027024
3820;erdos;99800.0;0.020643;109408.0;0.005214;99800.0;0.082649
3820;regular;1723756.0;0.0191;1723756.0;0.004807;1723756.0;0.077055
3820;watts;1077734.0;0.018449;1077734.0;0.005046;1077734.0;0.101878
3826;barabasi;258726.0;0.01915;258726.0;0.00512;258726.0;0.050811
3826;complete;10199.0;0.016868;10486.0;0.011296;10199.0;0.027213
3826;erdos;93726.0;0.020795;102930.0;0.006019;93726.0;0.076097
3826;regular;1605398.0;0.019237;1605398.0;0.004944;1605398.0;0.08073
3826;watts;1083257.0;0.018574;1083257.0;0.004907;1083257.0;0.089406
3832;barabasi;260449.0;0.01912;260449.0;0.005024;260449.0;0.057709
3832;complete;10341.0;0.017573;10663.0;0.011311;10341.0;0.027318
3832;erdos;89888.0;0.020805;99205.0;0.005301;89888.0;0.076388
3832;regular;1718439.0;0.019294;1718439.0;0.004849;1718439.0;0.080655
3832;watts;980376.0;0.018584;980376.0;0.004906;980376.0;0.103933
3838;barabasi;204973.0;0.019277;204973.0;0.005058;204973.0;0.05783
3838;complete;10079.0;0.018534;10295.0;0.011336;10079.0;0.027435
3838;erdos;111075.0;0.020914;120711.0;0.005459;111075.0;0.068945
3838;regular;1798834.0;0.019422;1798834.0;0.004804;1798834.0;0.066518
3838;watts;1117897.0;0.018814;1117897.0;0.004869;1117897.0;0.104244
3843;barabasi;272366.0;0.019337;272366.0;0.005243;272366.0;0.064939
3843;complete;10304.0;0.017781;10563.0;0.011427;10304.0;0.027517
3843;erdos;95554.0;0.020992;105223.0;0.005283;95554.0;0.069048
3843;regular;168168368.0;0.018452;168168368.0;0.004605;168168368.0;3.033511
3843;watts;1147083.0;0.018812;1147083.0;0.005086;1147083.0;0.097382
3849;erdos;103758.0;0.021057;114075.0;0.005319;103758.0;0.083867
3849;regular;77494318.0;0.012634;77494318.0;0.003177;77494318.0;1.365142
3849;watts;1223608.0;0.018778;1223608.0;0.005001;1223608.0;0.111573
3849;barabasi;255676.0;0.019334;255676.0;0.005021;255676.0;0.0651
3849;complete;10139.0;0.018586;10389.0;0.011434;10139.0;0.020732
3855;barabasi;260322.0;0.0194;260322.0;0.005152;260322.0;0.05142
3855;complete;10287.0;0.017181;10605.0;0.011436;10287.0;0.027687
3855;erdos;101876.0;0.02114;110631.0;0.005478;101876.0;0.076988
3855;regular;166749901.0;0.018242;166749901.0;0.004445;166749901.0;3.027073
3855;watts;1194851.0;0.018993;1194851.0;0.005042;1194851.0;0.098985
3861;barabasi;242263.0;0.01952;242263.0;0.005107;242263.0;0.065438
3861;complete;10215.0;0.018532;10522.0;0.011549;10215.0;0.02771
3861;erdos;87762.0;0.0211;98225.0;0.005402;87762.0;0.077052
3861;regular;167505094.0;0.018656;167505094.0;0.004655;167505094.0;3.130097
3861;watts;1106037.0;0.018924;1106037.0;0.005027;1106037.0;0.11779
3866;barabasi;289307.0;0.019667;289307.0;0.005173;289307.0;0.072652
3866;complete;10490.0;0.016782;10781.0;0.011673;10490.0;0.027985
3866;erdos;100089.0;0.021248;109662.0;0.005635;100089.0;0.070209
3866;regular;1701410.0;0.019815;1701410.0;0.005035;1701410.0;0.067019
3866;watts;1125400.0;0.018876;1125400.0;0.005005;1125400.0;0.098474
3872;erdos;101887.0;0.021341;113610.0;0.005352;101887.0;0.07763
3872;barabasi;270158.0;0.019686;270158.0;0.005205;270158.0;0.058965
3872;complete;10389.0;0.017236;10746.0;0.011598;10389.0;0.02788
3872;regular;1521837.0;0.019725;1521837.0;0.005106;1521837.0;0.068382
3872;watts;978326.0;0.019123;978326.0;0.005454;978326.0;0.110178
3878;barabasi;241630.0;0.019962;241630.0;0.005273;241630.0;0.059232
3878;complete;10657.0;0.017693;11041.0;0.011539;10657.0;0.027991
3878;erdos;90033.0;0.021396;99607.0;0.005458;90033.0;0.070451
3878;regular;1597382.0;0.019805;1597382.0;0.005118;1597382.0;0.074983
3878;watts;976806.0;0.019046;976806.0;0.005198;976806.0;0.134457
3884;barabasi;258433.0;0.0198;258433.0;0.005366;258433.0;0.066378
3884;complete;10163.0;0.018096;10389.0;0.011708;10163.0;0.021066
3884;erdos;142564.0;0.021495;153570.0;0.005593;142564.0;0.077977
3884;regular;1769361.0;0.019912;1769361.0;0.00511;1769361.0;0.072912
3884;watts;1079506.0;0.019444;1079506.0;0.004927;1079506.0;0.099341
3890;barabasi;261297.0;0.020161;261297.0;0.005052;261297.0;0.059511
3890;complete;10163.0;0.019047;10389.0;0.011723;10163.0;0.021178
3890;erdos;112693.0;0.021469;123274.0;0.005668;112693.0;0.078659
3890;regular;1629088.0;0.019934;1629088.0;0.005189;1629088.0;0.087563
3890;watts;1325184.0;0.019343;1325184.0;0.005045;1325184.0;0.099885
3896;regular;1659392.0;0.020214;1659392.0;0.005362;1659392.0;0.088434
3896;watts;1178425.0;0.019369;1178425.0;0.005169;1178425.0;0.114632
3896;erdos;103262.0;0.021613;112697.0;0.005436;103262.0;0.085819
3896;barabasi;245521.0;0.01983;245521.0;0.005265;245521.0;0.05973
3896;complete;10217.0;0.018843;10475.0;0.01179;10217.0;0.028259
3901;barabasi;254091.0;0.01994;254091.0;0.005378;254091.0;0.052774
3901;complete;10455.0;0.0175;10776.0;0.011769;10455.0;0.028301
3901;erdos;121673.0;0.021679;132634.0;0.005755;121673.0;0.086509
3901;regular;73320550.0;0.01274;73320550.0;0.003248;73320550.0;1.319289
3901;watts;1247094.0;0.019366;1247094.0;0.005132;1247094.0;0.100104
3907;barabasi;253251.0;0.019995;253251.0;0.005316;253251.0;0.067055
3907;complete;10508.0;0.017335;10849.0;0.011695;10508.0;0.028404
3907;erdos;104857.0;0.022021;114737.0;0.005503;104857.0;0.094337
3907;regular;80787305.0;0.013231;80787305.0;0.003252;80787305.0;1.455757
3907;watts;1210539.0;0.019254;1210539.0;0.00507;1210539.0;0.09972
3913;barabasi;287062.0;0.020216;287062.0;0.005361;287062.0;0.060101
3913;complete;10254.0;0.018256;10505.0;0.011777;10254.0;0.021441
3913;erdos;107711.0;0.021617;117808.0;0.005517;107711.0;0.070959
3913;regular;4342834.0;0.002564;4342834.0;0.000544;4342834.0;0.086342
3913;watts;968165.0;0.019383;968165.0;0.005062;968165.0;0.100962
3919;barabasi;234268.0;0.020101;234268.0;0.005285;234268.0;0.074564
3919;complete;10399.0;0.019029;10663.0;0.011843;10399.0;0.028591
3919;erdos;97370.0;0.021808;107202.0;0.005743;97370.0;0.079896
3919;regular;2498448.0;0.002024;2498448.0;0.000576;2498448.0;0.059864
3919;watts;1085098.0;0.019606;1085098.0;0.005133;1085098.0;0.101453
3925;barabasi;275946.0;0.020149;275946.0;0.005344;275946.0;0.060657
3925;complete;10490.0;0.017717;10790.0;0.011941;10490.0;0.028706
3925;erdos;126915.0;0.021896;135751.0;0.005453;126915.0;0.07986
3925;regular;7414423.0;0.003456;7414423.0;0.001016;7414423.0;0.14372
3925;watts;1143687.0;0.019548;1143687.0;0.005167;1143687.0;0.101421
3931;barabasi;259236.0;0.020232;259236.0;0.005297;259236.0;0.053414
3931;complete;10375.0;0.018223;10598.0;0.012034;10375.0;0.028691
3931;erdos;76541.0;0.021935;86477.0;0.005654;76541.0;0.079703
3931;regular;10933038.0;0.004242;10933038.0;0.001274;10933038.0;0.200974
3931;watts;1079494.0;0.019708;1079494.0;0.005332;1079494.0;0.101174
3937;barabasi;289825.0;0.020292;289825.0;0.005406;289825.0;0.06087
3937;complete;10555.0;0.018767;10870.0;0.012038;10555.0;0.028846
3937;erdos;97471.0;0.021985;107103.0;0.005642;97471.0;0.080239
3937;regular;190001205.0;0.020413;190001205.0;0.005159;190001205.0;3.491232
3937;watts;1006768.0;0.019782;1006768.0;0.005153;1006768.0;0.100753
3943;erdos;90614.0;0.022003;99870.0;0.005653;90614.0;0.080503
3943;regular;32100192.0;0.007825;32100192.0;0.002076;32100192.0;0.590525
3943;watts;1143482.0;0.019741;1143482.0;0.005158;1143482.0;0.102927
3943;barabasi;248014.0;0.020644;248014.0;0.005314;248014.0;0.06816
3943;complete;10329.0;0.019485;10549.0;0.011971;10329.0;0.028972
3948;barabasi;249502.0;0.020487;249502.0;0.005433;249502.0;0.06119
3948;complete;10543.0;0.01801;10873.0;0.012045;10543.0;0.029018
3948;erdos;104746.0;0.022132;114328.0;0.005683;104746.0;0.080856
3948;regular;1658579.0;0.020502;1658579.0;0.005214;1658579.0;0.082228
3948;watts;1171208.0;0.019874;1171208.0;0.005262;1171208.0;0.102227
3954;barabasi;268760.0;0.020591;268760.0;0.005292;268760.0;0.068728
3954;complete;10512.0;0.018998;10760.0;0.012019;10512.0;0.029144
3954;erdos;107943.0;0.022229;117718.0;0.005814;107943.0;0.088921
3954;regular;1726194.0;0.020619;1726194.0;0.005174;1726194.0;0.064202
3954;watts;1249440.0;0.019864;1249440.0;0.005272;1249440.0;0.103475
3960;barabasi;237350.0;0.020567;237350.0;0.005374;237350.0;0.076087
3960;complete;10242.0;0.020183;10414.0;0.011998;10242.0;0.021893
3960;erdos;113025.0;0.022284;123365.0;0.005629;113025.0;0.081359
3960;regular;1816020.0;0.020793;1816020.0;0.005255;1816020.0;0.07595
3960;watts;1144805.0;0.020116;1144805.0;0.005053;1144805.0;0.102362
3966;erdos;91649.0;0.022386;102402.0;0.005665;91649.0;0.081063
3966;barabasi;278921.0;0.020698;278921.0;0.005457;278921.0;0.076476
3966;complete;10361.0;0.018839;10557.0;0.012133;10361.0;0.021964
3966;regular;1833568.0;0.020802;1833568.0;0.005013;1833568.0;0.071822
3966;watts;1108066.0;0.020126;1108066.0;0.005342;1108066.0;0.095616
3972;barabasi;282853.0;0.020752;282853.0;0.005526;282853.0;0.061971
3972;complete;10783.0;0.019118;11210.0;0.01223;10783.0;0.029395
3972;erdos;100768.0;0.022424;111158.0;0.005684;100768.0;0.08977
3972;regular;1573871.0;0.020953;1573871.0;0.005206;1573871.0;0.086071
3972;watts;1309661.0;0.020205;1309661.0;0.005306;1309661.0;0.097022
3978;barabasi;252281.0;0.02089;252281.0;0.005506;252281.0;0.062036
3978;complete;10558.0;0.019787;10848.0;0.012249;10558.0;0.029472
3978;erdos;120501.0;0.022465;130272.0;0.005741;120501.0;0.089633
3978;regular;1425535.0;0.019656;1425535.0;0.004945;1425535.0;0.074964
3978;watts;1084639.0;0.020217;1084639.0;0.005416;1084639.0;0.11215
3984;barabasi;268782.0;0.020904;268782.0;0.005563;268782.0;0.062309
3984;complete;10853.0;0.017613;11327.0;0.012279;10853.0;0.02957
3984;erdos;105290.0;0.022605;115793.0;0.005898;105290.0;0.073831
3984;regular;1564732.0;0.021057;1564732.0;0.00541;1564732.0;0.086092
3984;watts;1061931.0;0.020533;1061931.0;0.005217;1061931.0;0.126332
3990;regular;1789381.0;0.021117;1789381.0;0.005343;1789381.0;0.085626
3990;watts;1204122.0;0.020257;1204122.0;0.005461;1204122.0;0.112205
3990;erdos;119065.0;0.022602;129820.0;0.00584;119065.0;0.097924
3990;barabasi;310539.0;0.021011;310539.0;0.005441;310539.0;0.062381
3990;complete;10640.0;0.018409;10924.0;0.012168;10640.0;0.029633
3996;barabasi;269336.0;0.021032;269336.0;0.005491;269336.0;0.062614
3996;complete;10523.0;0.020112;10807.0;0.012331;10523.0;0.02966
3996;erdos;102538.0;0.022559;113130.0;0.005793;102538.0;0.08252
3996;regular;1643298.0;0.021111;1643298.0;0.005374;1643298.0;0.079321
3996;watts;1180668.0;0.020328;1180668.0;0.005354;1180668.0;0.118772
4002;barabasi;291697.0;0.021116;291697.0;0.005336;291697.0;0.055629
4002;complete;10805.0;0.018137;11141.0;0.012376;10805.0;0.029751
4002;erdos;127132.0;0.022728;137362.0;0.005993;127132.0;0.090977
4002;regular;1098246.0;0.01997;1098246.0;0.005088;1098246.0;0.07601
4002;watts;1148933.0;0.020542;1148933.0;0.005389;1148933.0;0.120555
4008;barabasi;251058.0;0.021139;251058.0;0.005584;251058.0;0.064266
4008;complete;10713.0;0.018576;11046.0;0.012515;10713.0;0.029915
4008;erdos;89239.0;0.02282;99037.0;0.005817;89239.0;0.08337
4008;regular;1814692.0;0.021399;1814692.0;0.005447;1814692.0;0.073404
4008;watts;1118605.0;0.020637;1118605.0;0.005498;1118605.0;0.113482
4014;barabasi;274443.0;0.021177;274443.0;0.005548;274443.0;0.07064
4014;complete;10546.0;0.019003;10803.0;0.012466;10546.0;0.022481
4014;erdos;112866.0;0.022926;123273.0;0.005911;112866.0;0.08371
4014;regular;1733862.0;0.021381;1733862.0;0.005167;1733862.0;0.075408
4014;watts;1328798.0;0.020612;1328798.0;0.005385;1328798.0;0.127429
4020;barabasi;258952.0;0.021308;258952.0;0.005536;258952.0;0.070925
4020;complete;10585.0;0.020186;10857.0;0.012534;10585.0;0.030084
4020;erdos;113315.0;0.023074;124546.0;0.005906;113315.0;0.09217
4020;regular;1799998.0;0.021579;1799998.0;0.005446;1799998.0;0.074439
4020;watts;1146340.0;0.020455;1146340.0;0.005428;1146340.0;0.106261
4026;barabasi;267711.0;0.021264;267711.0;0.005589;267711.0;0.071038
4026;complete;10682.0;0.020136;10992.0;0.012636;10682.0;0.030254
4026;erdos;124837.0;0.02312;134907.0;0.005977;124837.0;0.084358
4026;regular;1704316.0;0.021591;1704316.0;0.005374;1704316.0;0.078381
4026;watts;1352878.0;0.020837;1352878.0;0.005372;1352878.0;0.106871
4032;barabasi;257981.0;0.021553;257981.0;0.005492;257981.0;0.078801
4032;complete;10651.0;0.02032;10882.0;0.012529;10651.0;0.030281
4032;erdos;106481.0;0.023112;116840.0;0.005771;106481.0;0.084314
4032;regular;1722725.0;0.021684;1722725.0;0.00551;1722725.0;0.086737
4032;watts;1204956.0;0.020888;1204956.0;0.005501;1204956.0;0.107155
4038;erdos;98915.0;0.023239;109408.0;0.005892;98915.0;0.076064
4038;regular;1743095.0;0.021685;1743095.0;0.005163;1743095.0;0.086069
4038;watts;1004593.0;0.021084;1004593.0;0.005459;1004593.0;0.138173
4038;barabasi;270949.0;0.021462;270949.0;0.005575;270949.0;0.064018
4038;complete;10738.0;0.020189;11042.0;0.012516;10738.0;0.030299
4044;barabasi;279164.0;0.021559;279164.0;0.00563;279164.0;0.056718
4044;complete;10449.0;0.021122;10646.0;0.012878;10449.0;0.022866
4044;erdos;125897.0;0.023205;135540.0;0.005914;125897.0;0.093056
4044;regular;1946306.0;0.021812;1946306.0;0.005463;1946306.0;0.08574
4044;watts;1093113.0;0.020892;1093113.0;0.005517;1093113.0;0.115605
4050;barabasi;285572.0;0.021534;285572.0;0.005786;285572.0;0.072006
4050;complete;10819.0;0.018911;11096.0;0.012666;10819.0;0.03053
4050;erdos;101902.0;0.023369;113011.0;0.006014;101902.0;0.093128
4050;regular;1762577.0;0.021797;1762577.0;0.005318;1762577.0;0.081182
4050;watts;1184436.0;0.020984;1184436.0;0.005639;1184436.0;0.120993
4056;barabasi;261594.0;0.021884;261594.0;0.005653;261594.0;0.072111
4056;complete;10454.0;0.021461;10619.0;0.012662;10454.0;0.030638
4056;erdos;106136.0;0.02336;116135.0;0.005988;106136.0;0.085023
4056;regular;1096304.0;0.020736;1096304.0;0.005305;1096304.0;0.080705
4056;watts;1084120.0;0.021017;1084120.0;0.00541;1084120.0;0.114811
4062;erdos;97941.0;0.023371;108276.0;0.00578;97941.0;0.110437
4062;barabasi;261392.0;0.021714;261392.0;0.005758;261392.0;0.072531
4062;complete;10941.0;0.019927;11236.0;0.012793;10941.0;0.03071
4062;regular;1742582.0;0.02199;1742582.0;0.005374;1742582.0;0.070832
4062;watts;1117487.0;0.021134;1117487.0;0.005541;1117487.0;0.113115
4069;barabasi;289719.0;0.021768;289719.0;0.005717;289719.0;0.072665
4069;complete;11152.0;0.019581;11513.0;0.012868;11152.0;0.030829
4069;erdos;137483.0;0.023538;147987.0;0.005899;137483.0;0.093886
4069;regular;178229902.0;0.020354;178229902.0;0.005054;178229902.0;3.385562
4069;watts;1326393.0;0.021353;1326393.0;0.005817;1326393.0;0.116501
4075;barabasi;292850.0;0.022109;292850.0;0.005761;292850.0;0.065014
4075;complete;10486.0;0.020377;10679.0;0.012772;10486.0;0.023154
4075;erdos;120278.0;0.023675;130415.0;0.006203;120278.0;0.085878
4075;regular;179868772.0;0.020383;179868772.0;0.004985;179868772.0;3.40967
4075;watts;1263216.0;0.021216;1263216.0;0.005924;1263216.0;0.11694
4081;barabasi;242031.0;0.022143;242031.0;0.006024;242031.0;0.065321
4081;complete;10778.0;0.019503;11006.0;0.012918;10778.0;0.031002
4081;erdos;122737.0;0.023741;133311.0;0.006311;122737.0;0.077943
4081;regular;54467537.0;0.01099;54467537.0;0.0029;54467537.0;1.019023
4081;watts;1060093.0;0.021372;1060093.0;0.005645;1060093.0;0.116176
4087;regular;210043324.0;0.022007;210043324.0;0.005549;210043324.0;4.076858
4087;watts;1186463.0;0.021469;1186463.0;0.005711;1186463.0;0.108865
4087;erdos;134364.0;0.023785;144559.0;0.006335;134364.0;0.094453
4087;barabasi;289614.0;0.022146;289614.0;0.005662;289614.0;0.065419
4087;complete;10803.0;0.019653;11061.0;0.012952;10803.0;0.02335
4093;barabasi;251313.0;0.022088;251313.0;0.005679;251313.0;0.073319
4093;complete;10653.0;0.020952;10914.0;0.012932;10653.0;0.031138
4093;erdos;98268.0;0.023807;108950.0;0.006031;98268.0;0.087148
4093;regular;35249140.0;0.008637;35249140.0;0.002171;35249140.0;0.711121
4093;watts;1187042.0;0.021468;1187042.0;0.005537;1187042.0;0.117989
4099;barabasi;296381.0;0.02226;296381.0;0.005754;296381.0;0.065925
4099;complete;10711.0;0.021092;10916.0;0.01302;10711.0;0.031371
4099;erdos;104585.0;0.023829;115030.0;0.006075;104585.0;0.078803
4099;regular;21540722.0;0.006482;21540722.0;0.001432;21540722.0;0.435076
4099;watts;1146699.0;0.022266;1146699.0;0.005746;1146699.0;0.126009
4105;barabasi;305523.0;0.022499;305523.0;0.005745;305523.0;0.073775
4105;complete;10683.0;0.020337;10893.0;0.013023;10683.0;0.031395
4105;erdos;113777.0;0.023948;123938.0;0.006024;113777.0;0.095879
4105;regular;36012712.0;0.008598;36012712.0;0.0022;36012712.0;0.676127
4105;watts;1234324.0;0.021505;1234324.0;0.005522;1234324.0;0.111362
4111;barabasi;253721.0;0.022278;253721.0;0.005841;253721.0;0.066361
4111;complete;10988.0;0.019467;11286.0;0.013052;10988.0;0.03148
4111;erdos;104659.0;0.024068;115428.0;0.006078;104659.0;0.095759
4111;regular;48571746.0;0.010294;48571746.0;0.00254;48571746.0;0.904381
4111;watts;1335486.0;0.022068;1335486.0;0.005656;1335486.0;0.127289
4118;barabasi;292189.0;0.022326;292189.0;0.005583;292189.0;0.074422
4118;complete;10891.0;0.019844;11129.0;0.013069;10891.0;0.031586
4118;erdos;97595.0;0.02401;107609.0;0.006119;97595.0;0.088179
4118;regular;1177048.0;0.021227;1177048.0;0.005357;1177048.0;0.070332
4118;watts;1139890.0;0.021866;1139890.0;0.005656;1139890.0;0.119391
4124;barabasi;248859.0;0.022551;248859.0;0.005878;248859.0;0.066676
4124;complete;10699.0;0.021384;10959.0;0.013019;10699.0;0.031637
4124;erdos;94465.0;0.024192;105736.0;0.006272;94465.0;0.088401
4124;regular;1289625.0;0.021319;1289625.0;0.005339;1289625.0;0.079743
4124;watts;1055507.0;0.021716;1055507.0;0.005758;1055507.0;0.12822
4130;barabasi;269139.0;0.022645;269139.0;0.005831;269139.0;0.066878
4130;complete;10555.0;0.022366;10741.0;0.013271;10555.0;0.023842
4130;erdos;111077.0;0.024176;121072.0;0.006173;111077.0;0.080211
4130;regular;1879409.0;0.022604;1879409.0;0.005692;1879409.0;0.078418
4130;watts;1117968.0;0.021895;1117968.0;0.005723;1117968.0;0.112131
4136;erdos;101877.0;0.024262;112233.0;0.006138;101877.0;0.08925
4136;regular;1956829.0;0.022872;1956829.0;0.00567;1956829.0;0.083029
4136;watts;1109243.0;0.02184;1109243.0;0.005597;1109243.0;0.128424
4136;barabasi;250269.0;0.022667;250269.0;0.005908;250269.0;0.067048
4136;complete;11158.0;0.02065;11552.0;0.013305;11158.0;0.0319
4142;barabasi;263851.0;0.022743;263851.0;0.005968;263851.0;0.075266
4142;complete;10974.0;0.020102;11263.0;0.013265;10974.0;0.03192
4142;erdos;113116.0;0.024444;124202.0;0.006113;113116.0;0.088934
4142;regular;1952636.0;0.022751;1952636.0;0.00565;1952636.0;0.084393
4142;watts;1185003.0;0.022199;1185003.0;0.005629;1185003.0;0.112791
4149;barabasi;268804.0;0.022789;268804.0;0.005874;268804.0;0.08348
4149;complete;10685.0;0.022281;10907.0;0.013291;10685.0;0.024098
4149;erdos;88874.0;0.024397;99557.0;0.006217;88874.0;0.0888
4149;regular;218066162.0;0.022721;218066162.0;0.005565;218066162.0;4.250172
4149;watts;1217296.0;0.021982;1217296.0;0.0057;1217296.0;0.126034
4155;barabasi;270091.0;0.023207;270091.0;0.005797;270091.0;0.067681
4155;complete;11197.0;0.019578;11543.0;0.013416;11197.0;0.032115
4155;erdos;109761.0;0.024679;119654.0;0.006329;109761.0;0.080881
4155;regular;212266421.0;0.022545;212266421.0;0.005385;212266421.0;4.060995
4155;watts;1342800.0;0.02213;1342800.0;0.005892;1342800.0;0.121616
4161;erdos;101889.0;0.024612;112895.0;0.006263;101889.0;0.098346
4161;barabasi;283376.0;0.022972;283376.0;0.006042;283376.0;0.083907
4161;complete;11068.0;0.021407;11369.0;0.013438;11068.0;0.032198
4161;regular;176907909.0;0.0207;176907909.0;0.004953;176907909.0;3.433231
4161;watts;1404992.0;0.022206;1404992.0;0.005797;1404992.0;0.128004
4167;barabasi;313015.0;0.022795;313015.0;0.005943;313015.0;0.084148
4167;complete;10860.0;0.022093;11064.0;0.013387;10860.0;0.024295
4167;erdos;92807.0;0.024748;103218.0;0.006237;92807.0;0.090234
4167;regular;140418981.0;0.01862;140418981.0;0.004392;140418981.0;2.902942
4167;watts;1236892.0;0.022672;1236892.0;0.005934;1236892.0;0.146942
4174;barabasi;297101.0;0.022972;297101.0;0.005981;297101.0;0.068398
4174;complete;10933.0;0.022017;11196.0;0.01344;10933.0;0.024281
4174;erdos;103074.0;0.02489;113346.0;0.006232;103074.0;0.081192
4174;regular;1794967.0;0.023238;1794967.0;0.005901;1794967.0;0.100068
4174;watts;1146096.0;0.022248;1146096.0;0.005834;1146096.0;0.123188
4180;barabasi;261415.0;0.022939;261415.0;0.00606;261415.0;0.068613
4180;complete;11035.0;0.021693;11258.0;0.01357;11035.0;0.032604
4180;erdos;96952.0;0.02494;108057.0;0.006405;96952.0;0.081819
4180;regular;1970590.0;0.023084;1970590.0;0.005839;1970590.0;0.089891
4180;watts;1057822.0;0.022381;1057822.0;0.005906;1057822.0;0.102415
4186;regular;1969853.0;0.023232;1969853.0;0.005873;1969853.0;0.093026
4186;watts;1396152.0;0.022405;1396152.0;0.005873;1396152.0;0.123036
4186;erdos;81888.0;0.024927;92826.0;0.006331;81888.0;0.099434
4186;barabasi;263353.0;0.023115;263353.0;0.006001;263353.0;0.068739
4186;complete;10894.0;0.022597;11097.0;0.013504;10894.0;0.032693
4192;barabasi;298633.0;0.023024;298633.0;0.005992;298633.0;0.068979
4192;complete;11096.0;0.022012;11384.0;0.013694;11096.0;0.024561
4192;erdos;98925.0;0.024958;109375.0;0.006237;98925.0;0.090971
4192;regular;1823719.0;0.023219;1823719.0;0.0058;1823719.0;0.083122
4192;watts;1283312.0;0.022392;1283312.0;0.005875;1283312.0;0.14847
4199;barabasi;309927.0;0.023075;309927.0;0.005973;309927.0;0.077413
4199;complete;11378.0;0.020766;11747.0;0.013843;11378.0;0.032904
4199;erdos;120506.0;0.025059;131193.0;0.006299;120506.0;0.082348
4199;regular;145289841.0;0.019008;145289841.0;0.004684;145289841.0;2.948403
4199;watts;1418136.0;0.022538;1418136.0;0.005931;1418136.0;0.116363
4205;barabasi;250106.0;0.023699;250106.0;0.005988;250106.0;0.077685
4205;complete;11205.0;0.020355;11464.0;0.013691;11205.0;0.024682
4205;erdos;116093.0;0.025149;127028.0;0.006446;116093.0;0.100412
4205;regular;118030299.0;0.017466;118030299.0;0.004227;118030299.0;2.339395
4205;watts;1023359.0;0.022677;1023359.0;0.006107;1023359.0;0.157173
4211;erdos;109449.0;0.025245;120723.0;0.006425;109449.0;0.092091
4211;barabasi;257648.0;0.023439;257648.0;0.006149;257648.0;0.094293
4211;complete;10996.0;0.021865;11233.0;0.013732;10996.0;0.024821
4211;regular;183162752.0;0.021369;183162752.0;0.005219;183162752.0;3.568588
4211;watts;1144258.0;0.022896;1144258.0;0.005962;1144258.0;0.124159
4218;barabasi;289510.0;0.023314;289510.0;0.006077;289510.0;0.069874
4218;complete;11184.0;0.020707;11445.0;0.01371;11184.0;0.024869
4218;erdos;84328.0;0.025431;94782.0;0.00638;84328.0;0.083583
4218;regular;1935529.0;0.023719;1935529.0;0.006146;1935529.0;0.097647
4218;watts;1249353.0;0.022715;1249353.0;0.006035;1249353.0;0.134185
4224;barabasi;301677.0;0.023525;301677.0;0.006438;301677.0;0.069939
4224;complete;10824.0;0.023156;10989.0;0.013773;10824.0;0.024884
4224;erdos;94529.0;0.025321;104212.0;0.00646;94529.0;0.08319
4224;regular;1714669.0;0.023706;1714669.0;0.006032;1714669.0;0.087622
4224;watts;1172832.0;0.022616;1172832.0;0.006;1172832.0;0.125724
4230;barabasi;302301.0;0.023567;302301.0;0.006301;302301.0;0.078466
4230;complete;11115.0;0.021235;11300.0;0.013873;11115.0;0.033303
4230;erdos;117209.0;0.025465;127302.0;0.006501;117209.0;0.092986
4230;regular;1339526.0;0.022368;1339526.0;0.005763;1339526.0;0.079078
4230;watts;1238352.0;0.022746;1238352.0;0.005993;1238352.0;0.118287
4237;regular;227279738.0;0.023623;227279738.0;0.005999;227279738.0;4.452567
4237;watts;1121483.0;0.022706;1121483.0;0.006213;1121483.0;0.11817
4237;erdos;101992.0;0.025542;113353.0;0.006716;101992.0;0.111371
4237;barabasi;246305.0;0.023475;246305.0;0.006197;246305.0;0.070434
4237;complete;11329.0;0.020628;11585.0;0.01394;11329.0;0.033363
4243;barabasi;257507.0;0.023595;257507.0;0.006255;257507.0;0.070723
4243;complete;10913.0;0.022082;11087.0;0.013899;10913.0;0.033533
4243;erdos;106163.0;0.025669;116640.0;0.006617;106163.0;0.102557
4243;regular;181281086.0;0.021329;181281086.0;0.00517;181281086.0;3.652139
4243;watts;1254969.0;0.022762;1254969.0;0.006108;1254969.0;0.119105
4249;barabasi;281828.0;0.023783;281828.0;0.006375;281828.0;0.070851
4249;complete;11325.0;0.020841;11658.0;0.013998;11325.0;0.033715
4249;erdos;114228.0;0.025745;124968.0;0.006682;114228.0;0.075431
4249;regular;47357585.0;0.010337;47357585.0;0.002516;47357585.0;0.917467
4249;watts;1188074.0;0.022857;1188074.0;0.006089;1188074.0;0.119593
4256;barabasi;291249.0;0.023819;291249.0;0.006212;291249.0;0.070997
4256;complete;11202.0;0.021369;11429.0;0.014145;11202.0;0.025279
4256;erdos;103818.0;0.025835;114154.0;0.006622;103818.0;0.094131
4256;regular;1967400.0;0.024002;1967400.0;0.005989;1967400.0;0.076485
4256;watts;1218396.0;0.02311;1218396.0;0.006073;1218396.0;0.128188
4262;barabasi;267939.0;0.023719;267939.0;0.006296;267939.0;0.071257
4262;complete;11406.0;0.020793;11746.0;0.014094;11406.0;0.025365
4262;erdos;98174.0;0.025956;109197.0;0.006611;98174.0;0.085183
4262;regular;2045338.0;0.023956;2045338.0;0.006104;2045338.0;0.080246
4262;watts;1249380.0;0.022992;1249380.0;0.006038;1249380.0;0.116828
4268;barabasi;307546.0;0.023899;307546.0;0.006233;307546.0;0.071503
4268;complete;11100.0;0.021941;11300.0;0.014301;11100.0;0.025451
4268;erdos;107248.0;0.025933;117332.0;0.006623;107248.0;0.103587
4268;regular;2058096.0;0.02403;2058096.0;0.006002;2058096.0;0.091341
4268;watts;1324627.0;0.023156;1324627.0;0.006108;1324627.0;0.144604
4275;barabasi;295875.0;0.02437;295875.0;0.006163;295875.0;0.080162
4275;complete;11089.0;0.023257;11284.0;0.014154;11089.0;0.025549
4275;erdos;108776.0;0.026007;120139.0;0.006633;108776.0;0.104535
4275;regular;201502995.0;0.022511;201502995.0;0.005572;201502995.0;4.116717
4275;watts;1306579.0;0.023202;1306579.0;0.006115;1306579.0;0.129032
4281;barabasi;291151.0;0.02412;291151.0;0.006252;291151.0;0.080461
4281;complete;10857.0;0.023986;11042.0;0.014294;10857.0;0.025611
4281;erdos;156136.0;0.026133;167494.0;0.006602;156136.0;0.094842
4281;regular;224399565.0;0.023706;224399565.0;0.005859;224399565.0;4.399395
4281;watts;1267627.0;0.023298;1267627.0;0.006101;1267627.0;0.12771
4288;regular;1262598.0;0.022827;1262598.0;0.00592;1262598.0;0.08329
4288;watts;1258322.0;0.023358;1258322.0;0.006125;1258322.0;0.12161
4288;erdos;89120.0;0.026455;99549.0;0.006699;89120.0;0.09558
4288;barabasi;302754.0;0.024137;302754.0;0.006361;302754.0;0.072213
4288;complete;11072.0;0.022459;11288.0;0.014255;11072.0;0.025625
4294;barabasi;282804.0;0.02412;282804.0;0.006365;282804.0;0.072433
4294;complete;11340.0;0.022102;11570.0;0.014242;11340.0;0.025815
4294;erdos;101448.0;0.026202;112643.0;0.006619;101448.0;0.095738
4294;regular;1911327.0;0.024282;1911327.0;0.006157;1911327.0;0.091167
4294;watts;1437719.0;0.023367;1437719.0;0.006145;1437719.0;0.129695
4301;barabasi;264382.0;0.024136;264382.0;0.006341;264382.0;0.072687
4301;complete;11459.0;0.022501;11697.0;0.014347;11459.0;0.025832
4301;erdos;94846.0;0.026365;105347.0;0.006682;94846.0;0.087032
4301;regular;546208.0;0.000989;546208.0;0.000279;546208.0;0.025215
4301;watts;1257853.0;0.023521;1257853.0;0.00622;1257853.0;0.137576
4307;barabasi;284055.0;0.024404;284055.0;0.006346;284055.0;0.072901
4307;complete;11457.0;0.021381;11694.0;0.014449;11457.0;0.025937
4307;erdos;120846.0;0.026347;132436.0;0.006677;120846.0;0.08683
4307;regular;217571687.0;0.023529;217571687.0;0.0058;217571687.0;4.422879
4307;watts;1310901.0;0.023891;1310901.0;0.006095;1310901.0;0.121891
4313;barabasi;253178.0;0.024372;253178.0;0.006382;253178.0;0.064448
4313;complete;11095.0;0.024124;11251.0;0.01449;11095.0;0.026064
4313;erdos;110320.0;0.026442;121007.0;0.006644;110320.0;0.096056
4313;regular;34974982.0;0.008751;34974982.0;0.00212;34974982.0;0.700099
4313;watts;1102510.0;0.023594;1102510.0;0.00622;1102510.0;0.121164
4320;barabasi;281562.0;0.024544;281562.0;0.006476;281562.0;0.090809
4320;complete;10985.0;0.024079;11142.0;0.014498;10985.0;0.026021
4320;erdos;87152.0;0.02659;97666.0;0.006705;87152.0;0.087072
4320;regular;1106326.0;0.023209;1106326.0;0.005807;1106326.0;0.091068
4320;watts;1105955.0;0.023809;1105955.0;0.006371;1105955.0;0.149409
4326;barabasi;329597.0;0.024587;329597.0;0.006401;329597.0;0.073543
4326;complete;11321.0;0.022235;11589.0;0.014654;11321.0;0.026104
4326;erdos;117120.0;0.026743;128218.0;0.006745;117120.0;0.088
4326;regular;1891821.0;0.025081;1891821.0;0.005863;1891821.0;0.106873
4326;watts;1151905.0;0.02388;1151905.0;0.006252;1151905.0;0.166079
4333;barabasi;355108.0;0.024748;355108.0;0.006726;355108.0;0.091271
4333;complete;11519.0;0.023107;11824.0;0.014716;11519.0;0.026134
4333;erdos;135032.0;0.02672;146657.0;0.006688;135032.0;0.106331
4333;regular;233604934.0;0.024785;233604934.0;0.006155;233604934.0;4.802679
4333;watts;1195232.0;0.023823;1195232.0;0.006247;1195232.0;0.132484
4339;regular;250848.0;0.000639;250848.0;0.000201;250848.0;0.018176
4339;watts;1338428.0;0.024001;1338428.0;0.006446;1338428.0;0.175646
4339;erdos;111814.0;0.026822;122306.0;0.007036;111814.0;0.09793
4339;barabasi;252182.0;0.024756;252182.0;0.006293;252182.0;0.065241
4339;complete;11329.0;0.023956;11535.0;0.014664;11329.0;0.035019
4346;barabasi;254338.0;0.024836;254338.0;0.006447;254338.0;0.074083
4346;complete;11498.0;0.02336;11760.0;0.014561;11498.0;0.026334
4346;erdos;100664.0;0.026871;112017.0;0.00691;100664.0;0.098329
4346;regular;1871870.0;0.025084;1871870.0;0.006248;1871870.0;0.100177
4346;watts;1336169.0;0.023908;1336169.0;0.00637;1336169.0;0.141584
4352;barabasi;301994.0;0.024945;301994.0;0.006413;301994.0;0.083259
4352;complete;11680.0;0.021599;11942.0;0.014688;11680.0;0.035224
4352;erdos;85478.0;0.027085;96867.0;0.006859;85478.0;0.097722
4352;regular;2143709.0;0.025285;2143709.0;0.006001;2143709.0;0.084348
4352;watts;1170891.0;0.024327;1170891.0;0.006225;1170891.0;0.122886
4359;barabasi;322555.0;0.024979;322555.0;0.006612;322555.0;0.07464
4359;complete;11442.0;0.023593;11686.0;0.014814;11442.0;0.026481
4359;erdos;130180.0;0.027088;141308.0;0.006963;130180.0;0.098641
4359;regular;233771997.0;0.024725;233771997.0;0.005992;233771997.0;4.690019
4359;watts;1264159.0;0.024243;1264159.0;0.006447;1264159.0;0.13384
4366;barabasi;317410.0;0.025181;317410.0;0.006698;317410.0;0.083716
4366;complete;11752.0;0.021676;12089.0;0.014918;11752.0;0.035431
4366;erdos;98517.0;0.027353;109113.0;0.007;98517.0;0.108396
4366;regular;1973425.0;0.02535;1973425.0;0.006007;1973425.0;0.110164
4366;watts;1148266.0;0.024268;1148266.0;0.006403;1148266.0;0.134561
4372;barabasi;287954.0;0.025088;287954.0;0.006439;287954.0;0.092739
4372;complete;11498.0;0.022526;11715.0;0.014867;11498.0;0.026646
4372;erdos;88661.0;0.027189;100149.0;0.006956;88661.0;0.109036
4372;regular;1270943.0;0.023734;1270943.0;0.005829;1270943.0;0.094517
4372;watts;1296077.0;0.024559;1296077.0;0.006615;1296077.0;0.121813
4379;barabasi;253253.0;0.025291;253253.0;0.006862;253253.0;0.075173
4379;complete;11634.0;0.022195;11882.0;0.014874;11634.0;0.03558
4379;erdos;89457.0;0.027398;101006.0;0.00711;89457.0;0.089891
4379;regular;117077279.0;0.017889;117077279.0;0.00455;117077279.0;2.477905
4379;watts;1366097.0;0.024558;1366097.0;0.006545;1366097.0;0.118124
4385;barabasi;270125.0;0.02519;270125.0;0.006679;270125.0;0.075479
4385;complete;11361.0;0.024129;11530.0;0.014889;11361.0;0.026823
4385;erdos;126862.0;0.027264;138286.0;0.006857;126862.0;0.109199
4385;regular;152273369.0;0.020349;152273369.0;0.004964;152273369.0;3.270555
4385;watts;1279314.0;0.024625;1279314.0;0.006469;1279314.0;0.144671
4392;regular;1804249.0;0.024002;1804249.0;0.005919;1804249.0;0.088797
4392;watts;1447406.0;0.02479;1447406.0;0.006448;1447406.0;0.135049
4392;erdos;102863.0;0.027596;113221.0;0.007156;102863.0;0.099905
4392;barabasi;302885.0;0.025557;302885.0;0.006871;302885.0;0.08461
4392;complete;11535.0;0.022883;11802.0;0.015066;11535.0;0.026865
4398;barabasi;282931.0;0.025559;282931.0;0.006801;282931.0;0.075889
4398;complete;10979.0;0.024459;11077.0;0.015072;10979.0;0.026929
4398;erdos;113756.0;0.027526;125150.0;0.00705;113756.0;0.100432
4398;regular;1914096.0;0.025686;1914096.0;0.006392;1914096.0;0.098015
4398;watts;1048940.0;0.024706;1048940.0;0.006431;1048940.0;0.135437
4405;barabasi;269401.0;0.025608;269401.0;0.006497;269401.0;0.094117
4405;complete;11319.0;0.023877;11484.0;0.015099;11319.0;0.027043
4405;erdos;96550.0;0.02762;108133.0;0.00698;96550.0;0.110433
4405;regular;150944738.0;0.020616;150944738.0;0.004996;150944738.0;3.318224
4405;watts;1220481.0;0.024966;1220481.0;0.006692;1220481.0;0.136996
4412;barabasi;277863.0;0.025622;277863.0;0.006619;277863.0;0.0764
4412;complete;11761.0;0.022477;12033.0;0.01501;11761.0;0.036163
4412;erdos;96550.0;0.027657;107881.0;0.006921;96550.0;0.091339
4412;regular;1924877.0;0.025888;1924877.0;0.006486;1924877.0;0.093348
4412;watts;1389489.0;0.024965;1389489.0;0.006504;1389489.0;0.128302
4418;barabasi;267484.0;0.025797;267484.0;0.006689;267484.0;0.076579
4418;complete;11399.0;0.023863;11598.0;0.015113;11399.0;0.027262
4418;erdos;147674.0;0.027788;159588.0;0.006989;147674.0;0.091567
4418;regular;1883021.0;0.025983;1883021.0;0.00645;1883021.0;0.095696
4418;watts;1233429.0;0.024971;1233429.0;0.006763;1233429.0;0.163743
4425;barabasi;289617.0;0.025551;289617.0;0.006664;289617.0;0.076709
4425;complete;11707.0;0.023894;11941.0;0.015129;11707.0;0.027306
4425;erdos;99758.0;0.028202;111073.0;0.007137;99758.0;0.101225
4425;regular;139533967.0;0.01993;139533967.0;0.004762;139533967.0;2.959577
4425;watts;1340080.0;0.02511;1340080.0;0.006512;1340080.0;0.146551
4431;barabasi;277762.0;0.02575;277762.0;0.006693;277762.0;0.085996
4431;complete;11645.0;0.023185;11951.0;0.015339;11645.0;0.0364
4431;erdos;113080.0;0.028005;125070.0;0.006972;113080.0;0.092173
4431;regular;246099202.0;0.025804;246099202.0;0.006146;246099202.0;5.035645
4431;watts;1377004.0;0.025152;1377004.0;0.006553;1377004.0;0.136137
4438;barabasi;345844.0;0.025976;345844.0;0.006785;345844.0;0.10462
4438;complete;11769.0;0.024497;12010.0;0.015399;11769.0;0.027453
4438;erdos;113151.0;0.028068;124898.0;0.007009;113151.0;0.092402
4438;regular;1998326.0;0.026115;1998326.0;0.006443;1998326.0;0.094858
4438;watts;1209489.0;0.02527;1209489.0;0.006579;1209489.0;0.129818
4445;regular;11328.0;0.000157;11328.0;4.3e-05;11328.0;0.013657
4445;watts;1341995.0;0.0254;1341995.0;0.0066;1341995.0;0.139145
4445;erdos;100982.0;0.028277;112939.0;0.00702;100982.0;0.103044
4445;barabasi;353365.0;0.026089;353365.0;0.006833;353365.0;0.08665
4445;complete;11979.0;0.022467;12320.0;0.015282;11979.0;0.027539
4451;barabasi;305445.0;0.026061;305445.0;0.006819;305445.0;0.087047
4451;complete;11755.0;0.023231;11977.0;0.015325;11755.0;0.036843
4451;erdos;96132.0;0.028238;106960.0;0.007084;96132.0;0.093184
4451;regular;105576885.0;0.017094;105576885.0;0.004147;105576885.0;2.147763
4451;watts;1212877.0;0.025325;1212877.0;0.006639;1212877.0;0.139872
4458;barabasi;317784.0;0.026427;317784.0;0.006963;317784.0;0.087151
4458;complete;12044.0;0.02241;12336.0;0.01549;12044.0;0.036929
4458;erdos;97790.0;0.028332;108569.0;0.007024;97790.0;0.113234
4458;regular;2002952.0;0.026463;2002952.0;0.006382;2002952.0;0.096636
4458;watts;1274611.0;0.025483;1274611.0;0.006466;1274611.0;0.131082
4465;barabasi;276779.0;0.026268;276779.0;0.006794;276779.0;0.078183
4465;complete;11560.0;0.025712;11758.0;0.015696;11560.0;0.027837
4465;erdos;113016.0;0.028352;124129.0;0.007018;113016.0;0.093458
4465;regular;25387924.0;0.00744;25387924.0;0.001718;25387924.0;0.506052
4465;watts;1191689.0;0.025414;1191689.0;0.006661;1191689.0;0.131829
4471;barabasi;264736.0;0.026588;264736.0;0.006711;264736.0;0.0876
4471;complete;11503.0;0.025478;11699.0;0.015615;11503.0;0.027866
4471;erdos;94929.0;0.028504;106516.0;0.007229;94929.0;0.104109
4471;regular;6795474.0;0.003789;6795474.0;0.000821;6795474.0;0.146907
4471;watts;1380209.0;0.025522;1380209.0;0.006374;1380209.0;0.14966
4478;barabasi;270984.0;0.02642;270984.0;0.006877;270984.0;0.069219
4478;complete;12366.0;0.022069;12800.0;0.015799;12366.0;0.037158
4478;erdos;96706.0;0.028605;108033.0;0.007172;96706.0;0.114365
4478;regular;2052403.0;0.02673;2052403.0;0.006643;2052403.0;0.114826
4478;watts;1483665.0;0.025524;1483665.0;0.006544;1483665.0;0.131573
4485;barabasi;264416.0;0.026838;264416.0;0.006908;264416.0;0.088079
4485;complete;11462.0;0.024923;11603.0;0.015588;11462.0;0.028058
4485;erdos;123444.0;0.028687;135023.0;0.007266;123444.0;0.104375
4485;regular;182413937.0;0.022744;182413937.0;0.005532;182413937.0;4.028158
4485;watts;1368461.0;0.025877;1368461.0;0.006671;1368461.0;0.122027
4492;barabasi;291048.0;0.026684;291048.0;0.006956;291048.0;0.079029
4492;complete;11621.0;0.024427;11813.0;0.015721;11621.0;0.02814
4492;erdos;93235.0;0.028657;105032.0;0.007225;93235.0;0.114937
4492;regular;1360409.0;0.025361;1360409.0;0.006314;1360409.0;0.08465
4492;watts;1340373.0;0.025808;1340373.0;0.006806;1340373.0;0.188902
4498;regular;2198938.0;0.027028;2198938.0;0.006592;2198938.0;0.09657
4498;watts;1185326.0;0.026065;1185326.0;0.006639;1185326.0;0.132532
4498;erdos;86413.0;0.028872;98576.0;0.00729;86413.0;0.104545
4498;barabasi;257488.0;0.026737;257488.0;0.006929;257488.0;0.079314
4498;complete;11916.0;0.02359;12158.0;0.015757;11916.0;0.037602
4505;barabasi;322193.0;0.026793;322193.0;0.006923;322193.0;0.088956
4505;complete;11826.0;0.025538;12084.0;0.015769;11826.0;0.02824
4505;erdos;106812.0;0.028947;118548.0;0.007323;106812.0;0.115575
4505;regular;5194608.0;0.003262;5194608.0;0.00069;5194608.0;0.114789
4505;watts;1168170.0;0.026054;1168170.0;0.006559;1168170.0;0.142138
4512;barabasi;314161.0;0.026874;314161.0;0.006861;314161.0;0.08934
4512;complete;11946.0;0.023854;12143.0;0.015843;11946.0;0.028362
4512;erdos;102218.0;0.029074;112809.0;0.007263;102218.0;0.104707
4512;regular;2126550.0;0.027147;2126550.0;0.006467;2126550.0;0.088128
4512;watts;1414139.0;0.026055;1414139.0;0.006896;1414139.0;0.17106
4519;barabasi;297447.0;0.027088;297447.0;0.006903;297447.0;0.0896
4519;complete;11887.0;0.02543;12091.0;0.015896;11887.0;0.03792
4519;erdos;101418.0;0.029187;113875.0;0.007224;101418.0;0.095555
4519;regular;98447639.0;0.016897;98447639.0;0.004038;98447639.0;2.130478
4519;watts;1348395.0;0.026325;1348395.0;0.006966;1348395.0;0.125007
4525;barabasi;351648.0;0.026893;351648.0;0.00707;351648.0;0.099706
4525;complete;12088.0;0.023518;12397.0;0.016044;12088.0;0.037999
4525;erdos;123253.0;0.029168;135114.0;0.007271;123253.0;0.116308
4525;regular;215124812.0;0.024949;215124812.0;0.006054;215124812.0;4.494788
4525;watts;1404817.0;0.026285;1404817.0;0.006813;1404817.0;0.125255
4532;barabasi;286805.0;0.027213;286805.0;0.007007;286805.0;0.080385
4532;complete;11989.0;0.023988;12221.0;0.016035;11989.0;0.028615
4532;erdos;134689.0;0.029254;147151.0;0.007536;134689.0;0.137798
4532;regular;1928125.0;0.027414;1928125.0;0.00681;1928125.0;0.105129
4532;watts;1576095.0;0.026503;1576095.0;0.006834;1576095.0;0.144363
4539;barabasi;298771.0;0.027031;298771.0;0.006898;298771.0;0.080788
4539;complete;11872.0;0.024525;12131.0;0.016099;11872.0;0.028718
4539;erdos;105394.0;0.02943;117730.0;0.007483;105394.0;0.107298
4539;regular;246144258.0;0.026573;246144258.0;0.00649;246144258.0;5.24639
4539;watts;1210229.0;0.026214;1210229.0;0.006867;1210229.0;0.145108
4546;barabasi;311110.0;0.027271;311110.0;0.007007;311110.0;0.090567
4546;complete;12369.0;0.022913;12791.0;0.016179;12369.0;0.038376
4546;erdos;119290.0;0.029418;131054.0;0.007432;119290.0;0.118058
4546;regular;2075392.0;0.027564;2075392.0;0.006765;2075392.0;0.096445
4546;watts;1268533.0;0.026667;1268533.0;0.006898;1268533.0;0.134721
4553;regular;169890356.0;0.022639;169890356.0;0.005425;169890356.0;3.724382
4553;watts;1260938.0;0.026873;1260938.0;0.006916;1260938.0;0.155469
4553;erdos;118287.0;0.029542;129997.0;0.007485;118287.0;0.107595
4553;barabasi;275757.0;0.027479;275757.0;0.006946;275757.0;0.081252
4553;complete;11873.0;0.026289;12090.0;0.016146;11873.0;0.028869
4559;barabasi;289861.0;0.027438;289861.0;0.007071;289861.0;0.091099
4559;complete;11934.0;0.024795;12145.0;0.016071;11934.0;0.028964
4559;erdos;101113.0;0.029617;112874.0;0.007516;101113.0;0.108222
4559;regular;172917482.0;0.022727;172917482.0;0.005432;172917482.0;3.547449
4559;watts;1307540.0;0.026819;1307540.0;0.006965;1307540.0;0.126848
4566;barabasi;268118.0;0.027515;268118.0;0.00712;268118.0;0.081627
4566;complete;12114.0;0.025824;12357.0;0.01631;12114.0;0.038688
4566;erdos;101442.0;0.029909;113701.0;0.007414;101442.0;0.108134
4566;regular;1249954.0;0.026218;1249954.0;0.006444;1249954.0;0.093141
4566;watts;1325682.0;0.027003;1325682.0;0.006977;1325682.0;0.142346
4573;barabasi;274850.0;0.027715;274850.0;0.006996;274850.0;0.082022
4573;complete;12061.0;0.025883;12305.0;0.016194;12061.0;0.029138
4573;erdos;91035.0;0.029768;103309.0;0.007793;91035.0;0.108441
4573;regular;5374971.0;0.003514;5374971.0;0.00101;5374971.0;0.12363
4573;watts;1192823.0;0.026858;1192823.0;0.006886;1192823.0;0.156599
4580;barabasi;296301.0;0.027867;296301.0;0.007307;296301.0;0.092017
4580;complete;12149.0;0.024391;12413.0;0.016442;12149.0;0.029252
4580;erdos;104046.0;0.030058;115030.0;0.007471;104046.0;0.108575
4580;regular;2260414.0;0.028069;2260414.0;0.006906;2260414.0;0.097531
4580;watts;1321350.0;0.026997;1321350.0;0.006907;1321350.0;0.147964
4587;barabasi;276849.0;0.027844;276849.0;0.007258;276849.0;0.082517
4587;complete;11803.0;0.025735;11970.0;0.016404;11803.0;0.029339
4587;erdos;94162.0;0.02997;104833.0;0.007339;94162.0;0.098864
4587;regular;29187171.0;0.008357;29187171.0;0.002056;29187171.0;0.602368
4587;watts;1143485.0;0.027381;1143485.0;0.007048;1143485.0;0.147453
4594;barabasi;273667.0;0.028026;273667.0;0.007173;273667.0;0.092484
4594;complete;11956.0;0.02619;12169.0;0.016428;11956.0;0.029442
4594;erdos;126641.0;0.030051;139688.0;0.007589;126641.0;0.109474
4594;regular;2285634.0;0.028329;2285634.0;0.00699;2285634.0;0.108679
4594;watts;1288488.0;0.027224;1288488.0;0.007081;1288488.0;0.138127
4601;barabasi;255882.0;0.028348;255882.0;0.007145;255882.0;0.092706
4601;complete;12267.0;0.024461;12531.0;0.016543;12267.0;0.039312
4601;erdos;111723.0;0.030163;122644.0;0.007466;111723.0;0.11032
4601;regular;41461952.0;0.010428;41461952.0;0.002729;41461952.0;0.865655
4601;watts;1291111.0;0.027201;1291111.0;0.006914;1291111.0;0.136017
4608;regular;2199462.0;0.028567;2199462.0;0.006959;2199462.0;0.086053
4608;watts;1720910.0;0.027327;1720910.0;0.007071;1720910.0;0.149051
4608;erdos;109392.0;0.030197;121000.0;0.007555;109392.0;0.120913
4608;barabasi;281443.0;0.028291;281443.0;0.007295;281443.0;0.092986
4608;complete;12011.0;0.025402;12240.0;0.016656;12011.0;0.029742
4614;barabasi;325629.0;0.02817;325629.0;0.007177;325629.0;0.093167
4614;complete;12101.0;0.025207;12312.0;0.01658;12101.0;0.029686
4614;erdos;109030.0;0.030392;120600.0;0.00747;109030.0;0.110817
4614;regular;1962170.0;0.028632;1962170.0;0.007006;1962170.0;0.104824
4614;watts;1222354.0;0.027682;1222354.0;0.006894;1222354.0;0.139923
4621;barabasi;290148.0;0.028323;290148.0;0.007303;290148.0;0.083607
4621;complete;11843.0;0.026302;12008.0;0.016714;11843.0;0.029761
4621;erdos;103328.0;0.030402;115873.0;0.007588;103328.0;0.09936
4621;regular;182359330.0;0.02385;182359330.0;0.005578;182359330.0;3.985893
4621;watts;1160585.0;0.02767;1160585.0;0.007098;1160585.0;0.140681
4628;barabasi;294341.0;0.028551;294341.0;0.007266;294341.0;0.093809
4628;complete;12329.0;0.024849;12589.0;0.016777;12329.0;0.029895
4628;erdos;114371.0;0.030536;125229.0;0.007657;114371.0;0.111494
4628;regular;1270532.0;0.027035;1270532.0;0.006539;1270532.0;0.08275
4628;watts;1650459.0;0.027789;1650459.0;0.007158;1650459.0;0.190908
4635;barabasi;327741.0;0.02849;327741.0;0.00736;327741.0;0.083978
4635;complete;11883.0;0.027887;12066.0;0.016725;11883.0;0.029885
4635;erdos;110323.0;0.030639;122259.0;0.007751;110323.0;0.111424
4635;regular;237353460.0;0.026933;237353460.0;0.006468;237353460.0;5.257712
4635;watts;1340262.0;0.027679;1340262.0;0.007139;1340262.0;0.149619
4642;barabasi;354714.0;0.028518;354714.0;0.007329;354714.0;0.094452
4642;complete;11907.0;0.026394;12043.0;0.016805;11907.0;0.030065
4642;erdos;104085.0;0.030764;115910.0;0.007651;104085.0;0.111888
4642;regular;1226564.0;0.027351;1226564.0;0.006685;1226564.0;0.087427
4642;watts;1375671.0;0.027785;1375671.0;0.007188;1375671.0;0.161448
4649;barabasi;308200.0;0.029088;308200.0;0.007319;308200.0;0.094575
4649;complete;12271.0;0.025257;12474.0;0.01695;12271.0;0.040128
4649;erdos;92413.0;0.030765;104696.0;0.007759;92413.0;0.11256
4649;regular;217240470.0;0.026015;217240470.0;0.00609;217240470.0;4.846442
4649;watts;1338102.0;0.027583;1338102.0;0.007129;1338102.0;0.131691
4656;barabasi;307679.0;0.028778;307679.0;0.007318;307679.0;0.095012
4656;complete;12075.0;0.026193;12239.0;0.017027;12075.0;0.040232
4656;erdos;109250.0;0.031003;121289.0;0.00781;109250.0;0.112517
4656;regular;1943461.0;0.029144;1943461.0;0.007108;1943461.0;0.116536
4656;watts;1324301.0;0.028173;1324301.0;0.007124;1324301.0;0.151282
4663;regular;38905978.0;0.010029;38905978.0;0.002441;38905978.0;0.827024
4663;watts;1291935.0;0.028258;1291935.0;0.007235;1291935.0;0.139361
4663;erdos;107271.0;0.031045;119256.0;0.007809;107271.0;0.102211
4663;barabasi;368864.0;0.028926;368864.0;0.007385;368864.0;0.105246
4663;complete;12359.0;0.026699;12591.0;0.016908;12359.0;0.040326
4670;barabasi;325048.0;0.029074;325048.0;0.007173;325048.0;0.085517
4670;complete;12225.0;0.025925;12455.0;0.017057;12225.0;0.040443
4670;erdos;106314.0;0.031188;117352.0;0.007676;106314.0;0.102026
4670;regular;2341450.0;0.029538;2341450.0;0.006795;2341450.0;0.106844
4670;watts;1405878.0;0.028123;1405878.0;0.007253;1405878.0;0.133373
4677;barabasi;313906.0;0.02926;313906.0;0.007489;313906.0;0.085723
4677;complete;12212.0;0.025924;12427.0;0.017082;12212.0;0.030448
4677;erdos;88286.0;0.031384;100407.0;0.007998;88286.0;0.113308
4677;regular;15674521.0;0.006251;15674521.0;0.001706;15674521.0;0.357753
4677;watts;1296480.0;0.028411;1296480.0;0.007077;1296480.0;0.15396
4684;barabasi;306572.0;0.029084;306572.0;0.007403;306572.0;0.07573
4684;complete;12286.0;0.027555;12530.0;0.017221;12286.0;0.040762
4684;erdos;111497.0;0.031379;123237.0;0.007862;111497.0;0.124524
4684;regular;2066813.0;0.029505;2066813.0;0.007182;2066813.0;0.103636
4684;watts;1457669.0;0.028425;1457669.0;0.007216;1457669.0;0.141128
4691;barabasi;302319.0;0.02929;302319.0;0.00751;302319.0;0.086136
4691;complete;11962.0;0.027284;12100.0;0.017191;11962.0;0.030676
4691;erdos;119901.0;0.031337;132243.0;0.007856;119901.0;0.114708
4691;regular;60935613.0;0.013117;60935613.0;0.003325;60935613.0;1.316285
4691;watts;1321352.0;0.028448;1321352.0;0.007307;1321352.0;0.155581
4698;barabasi;311075.0;0.029207;311075.0;0.007385;311075.0;0.096728
4698;complete;11943.0;0.027507;12088.0;0.017255;11943.0;0.030827
4698;erdos;109097.0;0.03138;121331.0;0.007929;109097.0;0.103579
4698;regular;2184770.0;0.029538;2184770.0;0.007152;2184770.0;0.09616
4698;watts;1264129.0;0.028593;1264129.0;0.007204;1264129.0;0.153091
4705;barabasi;289092.0;0.029435;289092.0;0.007471;289092.0;0.086724
4705;complete;12450.0;0.027601;12687.0;0.01735;12450.0;0.030855
4705;erdos;109938.0;0.031622;122227.0;0.00779;109938.0;0.11503
4705;regular;91188719.0;0.016608;91188719.0;0.00402;91188719.0;1.974621
4705;watts;1306394.0;0.028672;1306394.0;0.007506;1306394.0;0.145997
4712;barabasi;339096.0;0.029621;339096.0;0.007719;339096.0;0.117837
4712;complete;12149.0;0.027692;12339.0;0.017454;12149.0;0.03103
4712;erdos;99093.0;0.031672;110986.0;0.007907;99093.0;0.104815
4712;regular;2195661.0;0.030229;2195661.0;0.00754;2195661.0;0.101633
4712;watts;1260174.0;0.028681;1260174.0;0.007407;1260174.0;0.155786
4719;regular;269684368.0;0.029674;269684368.0;0.006934;269684368.0;5.996784
4719;watts;1563545.0;0.028904;1563545.0;0.007622;1563545.0;0.157317
4719;erdos;102729.0;0.031733;114409.0;0.008157;102729.0;0.126662
4719;barabasi;320930.0;0.029677;320930.0;0.007857;320930.0;0.097504
4719;complete;12300.0;0.026685;12494.0;0.01748;12300.0;0.031084
4726;barabasi;341147.0;0.029726;341147.0;0.007575;341147.0;0.09791
4726;complete;12093.0;0.027421;12226.0;0.017415;12093.0;0.031219
4726;erdos;104870.0;0.031797;117601.0;0.007959;104870.0;0.127804
4726;regular;2212382.0;0.030317;2212382.0;0.007252;2212382.0;0.102256
4726;watts;1660716.0;0.028935;1660716.0;0.007253;1660716.0;0.187692
4734;barabasi;308651.0;0.029936;308651.0;0.007592;308651.0;0.098541
4734;complete;11931.0;0.029691;12062.0;0.017324;11931.0;0.031147
4734;erdos;123534.0;0.031944;134706.0;0.007865;123534.0;0.127569
4734;regular;2087607.0;0.030222;2087607.0;0.007285;2087607.0;0.107024
4734;watts;1243296.0;0.02903;1243296.0;0.007324;1243296.0;0.167685
4741;barabasi;311856.0;0.029744;311856.0;0.007539;311856.0;0.10894
4741;complete;11915.0;0.029655;12047.0;0.017633;11915.0;0.031332
4741;erdos;102461.0;0.032052;114128.0;0.008087;102461.0;0.128308
4741;regular;95769166.0;0.017411;95769166.0;0.004256;95769166.0;2.131302
4741;watts;1258186.0;0.029352;1258186.0;0.007327;1258186.0;0.158775
4748;barabasi;292377.0;0.029905;292377.0;0.00763;292377.0;0.088267
4748;complete;12048.0;0.029311;12195.0;0.017704;12048.0;0.031361
4748;erdos;99647.0;0.032147;111172.0;0.008537;99647.0;0.117212
4748;regular;2192376.0;0.03027;2192376.0;0.007406;2192376.0;0.110119
4748;watts;1701564.0;0.029055;1701564.0;0.007552;1701564.0;0.166901
4755;barabasi;352423.0;0.02999;352423.0;0.007633;352423.0;0.098918
4755;complete;12302.0;0.027466;12484.0;0.017716;12302.0;0.031524
4755;erdos;120062.0;0.032236;131795.0;0.008293;120062.0;0.129116
4755;regular;209146176.0;0.026151;209146176.0;0.00612;209146176.0;4.892069
4755;watts;1566729.0;0.029217;1566729.0;0.007454;1566729.0;0.178541
4762;barabasi;362270.0;0.029936;362270.0;0.007602;362270.0;0.099282
4762;complete;11829.0;0.028673;11941.0;0.017619;11829.0;0.031592
4762;erdos;93955.0;0.032295;105394.0;0.008174;93955.0;0.129035
4762;regular;2191129.0;0.030566;2191129.0;0.007635;2191129.0;0.101208
4762;watts;1448103.0;0.029277;1448103.0;0.007575;1448103.0;0.149883
4769;barabasi;326860.0;0.030036;326860.0;0.007671;326860.0;0.110174
4769;complete;12466.0;0.027076;12642.0;0.017787;12466.0;0.042202
4769;erdos;97037.0;0.032475;109029.0;0.008154;97037.0;0.118273
4769;regular;284545883.0;0.030561;284545883.0;0.007151;284545883.0;6.423119
4769;watts;1261577.0;0.029301;1261577.0;0.00752;1261577.0;0.190156
4776;regular;2316753.0;0.030653;2316753.0;0.007345;2316753.0;0.118278
4776;watts;1239254.0;0.029214;1239254.0;0.007453;1239254.0;0.139662
4776;erdos;99720.0;0.032631;111858.0;0.008268;99720.0;0.118383
4776;barabasi;280472.0;0.030699;280472.0;0.007827;280472.0;0.089259
4776;complete;12479.0;0.028967;12645.0;0.017731;12479.0;0.031792
4783;barabasi;286171.0;0.030045;286171.0;0.007818;286171.0;0.089526
4783;complete;12607.0;0.026899;12848.0;0.017864;12607.0;0.032118
4783;erdos;120130.0;0.032566;132336.0;0.008114;120130.0;0.130238
4783;regular;71442.0;0.00039;71442.0;0.000119;71442.0;0.01747
4783;watts;1456939.0;0.02944;1456939.0;0.007709;1456939.0;0.17204
4791;barabasi;285095.0;0.030355;285095.0;0.007644;285095.0;0.089856
4791;complete;12513.0;0.029146;12709.0;0.017828;12513.0;0.031963
4791;erdos;123962.0;0.03275;136524.0;0.008308;123962.0;0.118913
4791;regular;168492203.0;0.02358;168492203.0;0.005557;168492203.0;3.804241
4791;watts;1333652.0;0.02945;1333652.0;0.007582;1333652.0;0.161136
4798;barabasi;326554.0;0.030239;326554.0;0.007656;326554.0;0.079464
4798;complete;12399.0;0.029859;12591.0;0.018004;12399.0;0.032031
4798;erdos;117625.0;0.032823;129901.0;0.007956;117625.0;0.119563
4798;regular;2388450.0;0.030903;2388450.0;0.007648;2388450.0;0.111366
4798;watts;1419611.0;0.029537;1419611.0;0.007647;1419611.0;0.160447
4805;barabasi;346134.0;0.030279;346134.0;0.007696;346134.0;0.122761
4805;complete;12420.0;0.028128;12658.0;0.018077;12420.0;0.032545
4805;erdos;96984.0;0.03292;109026.0;0.008364;96984.0;0.119916
4805;regular;8759475.0;0.004681;8759475.0;0.0011;8759475.0;0.224085
4805;watts;1369146.0;0.029483;1369146.0;0.00765;1369146.0;0.162677
4812;barabasi;343051.0;0.030423;343051.0;0.007888;343051.0;0.090715
4812;complete;12728.0;0.028561;12970.0;0.018136;12728.0;0.03214
4812;erdos;102814.0;0.033109;116065.0;0.008161;102814.0;0.109111
4812;regular;2353544.0;0.030781;2353544.0;0.0075;2353544.0;0.110992
4812;watts;1576815.0;0.029487;1576815.0;0.007496;1576815.0;0.153058
4819;barabasi;367644.0;0.030856;367644.0;0.008097;367644.0;0.112579
4819;complete;12457.0;0.028109;12617.0;0.01811;12457.0;0.032348
4819;erdos;122447.0;0.033095;134792.0;0.008513;122447.0;0.120766
4819;regular;263828074.0;0.029077;263828074.0;0.007189;263828074.0;5.934297
4819;watts;1665396.0;0.029624;1665396.0;0.007617;1665396.0;0.174609
4827;barabasi;314919.0;0.030619;314919.0;0.007903;314919.0;0.091351
4827;complete;12665.0;0.027592;12870.0;0.01826;12665.0;0.032489
4827;erdos;112497.0;0.033283;124157.0;0.008158;112497.0;0.120383
4827;regular;294598415.0;0.030882;294598415.0;0.007724;294598415.0;6.814463
4827;watts;1499955.0;0.029649;1499955.0;0.007639;1499955.0;0.175376
4834;regular;2328835.0;0.031117;2328835.0;0.00794;2328835.0;0.11342
4834;watts;1462042.0;0.029828;1462042.0;0.008011;1462042.0;0.174319
4834;erdos;94771.0;0.033438;107486.0;0.008423;94771.0;0.121764
4834;barabasi;394212.0;0.030773;394212.0;0.008114;394212.0;0.113129
4834;complete;12315.0;0.029002;12474.0;0.018222;12315.0;0.032516
4841;barabasi;334794.0;0.030761;334794.0;0.007894;334794.0;0.102917
4841;complete;12071.0;0.029681;12183.0;0.018291;12071.0;0.032784
4841;erdos;127535.0;0.03333;139409.0;0.008279;127535.0;0.110417
4841;regular;13464055.0;0.00576;13464055.0;0.001625;13464055.0;0.300149
4841;watts;1321014.0;0.029828;1321014.0;0.007643;1321014.0;0.165848
4848;barabasi;314832.0;0.030943;314832.0;0.007972;314832.0;0.103697
4848;complete;12622.0;0.029899;12845.0;0.01842;12622.0;0.032803
4848;erdos;112941.0;0.033432;126091.0;0.008269;112941.0;0.122541
4848;regular;2256208.0;0.03115;2256208.0;0.007668;2256208.0;0.102251
4848;watts;1418237.0;0.029971;1418237.0;0.007722;1418237.0;0.160777
4856;barabasi;301372.0;0.030798;301372.0;0.007878;301372.0;0.125427
4856;complete;12610.0;0.028372;12796.0;0.018319;12610.0;0.032945
4856;erdos;113842.0;0.033527;126416.0;0.008489;113842.0;0.134878
4856;regular;2286292.0;0.031405;2286292.0;0.007483;2286292.0;0.106761
4856;watts;1268263.0;0.029965;1268263.0;0.007726;1268263.0;0.155541
4863;barabasi;336820.0;0.031082;336820.0;0.00795;336820.0;0.125677
4863;complete;12745.0;0.030282;12961.0;0.018544;12745.0;0.03294
4863;erdos;110401.0;0.033807;122738.0;0.008287;110401.0;0.122738
4863;regular;284744702.0;0.030745;284744702.0;0.007424;284744702.0;6.423923
4863;watts;1374413.0;0.030136;1374413.0;0.007661;1374413.0;0.155147
4870;barabasi;349382.0;0.031413;349382.0;0.007823;349382.0;0.09416
4870;complete;12540.0;0.030731;12699.0;0.01846;12540.0;0.03303
4870;erdos;101366.0;0.033804;113354.0;0.008451;101366.0;0.123117
4870;regular;2157876.0;0.031557;2157876.0;0.007758;2157876.0;0.113806
4870;watts;1560603.0;0.030263;1560603.0;0.007735;1560603.0;0.156759
4878;barabasi;313083.0;0.03125;313083.0;0.007898;313083.0;0.093299
4878;complete;12668.0;0.029815;12862.0;0.018566;12668.0;0.033165
4878;erdos;128867.0;0.033959;141389.0;0.008439;128867.0;0.111694
4878;regular;2024024.0;0.031769;2024024.0;0.007872;2024024.0;0.114103
4878;watts;1291887.0;0.030317;1291887.0;0.00786;1291887.0;0.141196
4885;barabasi;324487.0;0.031482;324487.0;0.008263;324487.0;0.093558
4885;complete;12328.0;0.029813;12473.0;0.018516;12328.0;0.033192
4885;erdos;127992.0;0.033956;141366.0;0.008365;127992.0;0.111751
4885;regular;266502174.0;0.030087;266502174.0;0.007451;266502174.0;6.21831
4885;watts;1552171.0;0.030479;1552171.0;0.007914;1552171.0;0.201468
4892;regular;2163622.0;0.031889;2163622.0;0.00779;2163622.0;0.129182
4892;watts;1597007.0;0.030576;1597007.0;0.008163;1597007.0;0.190958
4892;erdos;124108.0;0.034148;137239.0;0.008674;124108.0;0.136601
4892;barabasi;347866.0;0.031596;347866.0;0.008134;347866.0;0.11584
4892;complete;12735.0;0.028597;12907.0;0.018841;12735.0;0.033269
4900;barabasi;323926.0;0.031869;323926.0;0.008429;323926.0;0.116231
4900;complete;12455.0;0.029786;12596.0;0.018961;12455.0;0.033365
4900;erdos;101473.0;0.034294;113760.0;0.008821;101473.0;0.124981
4900;regular;2276784.0;0.032004;2276784.0;0.008195;2276784.0;0.115488
4900;watts;1542264.0;0.03078;1542264.0;0.008277;1542264.0;0.170914
4907;barabasi;333441.0;0.031603;333441.0;0.008098;333441.0;0.10556
4907;complete;12365.0;0.030305;12485.0;0.018707;12365.0;0.033498
4907;erdos;116832.0;0.03426;129536.0;0.008566;116832.0;0.125493
4907;regular;199461670.0;0.026382;199461670.0;0.006515;199461670.0;4.68893
4907;watts;1466897.0;0.030607;1466897.0;0.007924;1466897.0;0.169129
4914;barabasi;359116.0;0.031538;359116.0;0.008087;359116.0;0.128384
4914;complete;12813.0;0.028723;13026.0;0.018819;12813.0;0.033605
4914;erdos;102293.0;0.03445;113987.0;0.00846;102293.0;0.101276
4914;regular;2274001.0;0.032303;2274001.0;0.00788;2274001.0;0.138584
4914;watts;1665117.0;0.030739;1665117.0;0.008183;1665117.0;0.179672
4922;barabasi;319582.0;0.032046;319582.0;0.00819;319582.0;0.094941
4922;complete;12935.0;0.028524;13192.0;0.018964;12935.0;0.033811
4922;erdos;101123.0;0.03453;114161.0;0.008836;101123.0;0.113883
4922;regular;2372219.0;0.032202;2372219.0;0.00772;2372219.0;0.137285
4922;watts;1140583.0;0.031077;1140583.0;0.007912;1140583.0;0.182136
4929;barabasi;306396.0;0.03201;306396.0;0.008154;306396.0;0.095221
4929;complete;12860.0;0.029007;13077.0;0.018815;12860.0;0.03385
4929;erdos;120825.0;0.034745;132428.0;0.008896;120825.0;0.126485
4929;regular;306752544.0;0.032162;306752544.0;0.008006;306752544.0;7.172183
4929;watts;1546558.0;0.030957;1546558.0;0.008025;1546558.0;0.156736
4936;barabasi;316582.0;0.032095;316582.0;0.008271;316582.0;0.106638
4936;complete;12718.0;0.031101;12909.0;0.019016;12718.0;0.033911
4936;erdos;95534.0;0.034755;108000.0;0.008865;95534.0;0.13868
4936;regular;2190325.0;0.032301;2190325.0;0.007661;2190325.0;0.11575
4936;watts;1488911.0;0.031058;1488911.0;0.008122;1488911.0;0.171579
4944;barabasi;310361.0;0.031899;310361.0;0.008172;310361.0;0.107146
4944;complete;12394.0;0.032152;12520.0;0.019172;12394.0;0.034031
4944;erdos;115381.0;0.034803;127195.0;0.0086;115381.0;0.126921
4944;regular;2382320.0;0.032606;2382320.0;0.008074;2382320.0;0.116395
4944;watts;1585677.0;0.031185;1585677.0;0.008183;1585677.0;0.182786
4951;regular;67924961.0;0.01448;67924961.0;0.003637;67924961.0;1.538736
4951;watts;1326786.0;0.031212;1326786.0;0.00829;1326786.0;0.172276
4951;erdos;103515.0;0.034906;116849.0;0.008457;103515.0;0.127074
4951;barabasi;305599.0;0.032161;305599.0;0.008408;305599.0;0.096039
4951;complete;13122.0;0.028402;13365.0;0.019246;13122.0;0.03414
4959;barabasi;323877.0;0.032342;323877.0;0.008249;323877.0;0.10781
4959;complete;13061.0;0.028943;13326.0;0.019368;13061.0;0.045638
4959;erdos;103330.0;0.03498;115508.0;0.008568;103330.0;0.15278
4959;regular;4338968.0;0.003378;4338968.0;0.000709;4338968.0;0.116387
4959;watts;1798374.0;0.031262;1798374.0;0.008013;1798374.0;0.16199
4966;barabasi;305389.0;0.032538;305389.0;0.008294;305389.0;0.119601
4966;complete;13064.0;0.029142;13274.0;0.019427;13064.0;0.034338
4966;erdos;92242.0;0.03522;105808.0;0.008814;92242.0;0.140715
4966;regular;2325766.0;0.032805;2325766.0;0.007968;2325766.0;0.139046
4966;watts;1553751.0;0.031456;1553751.0;0.008061;1553751.0;0.206719
4974;barabasi;331376.0;0.032398;331376.0;0.008417;331376.0;0.096852
4974;complete;12497.0;0.032875;12614.0;0.019386;12497.0;0.034512
4974;erdos;98710.0;0.035367;110735.0;0.00886;98710.0;0.116294
4974;regular;2530781.0;0.033055;2530781.0;0.008164;2530781.0;0.115556
4974;watts;1422044.0;0.031489;1422044.0;0.007986;1422044.0;0.197777
4981;barabasi;354697.0;0.032529;354697.0;0.008286;354697.0;0.097332
4981;complete;12962.0;0.029776;13171.0;0.019439;12962.0;0.034592
4981;erdos;116683.0;0.035439;129446.0;0.008864;116683.0;0.141268
4981;regular;232414895.0;0.028316;232414895.0;0.006729;232414895.0;5.386271
4981;watts;1625165.0;0.031863;1625165.0;0.008387;1625165.0;0.185751
4988;barabasi;319167.0;0.032849;319167.0;0.008612;319167.0;0.108972
4988;complete;12856.0;0.031696;13062.0;0.019573;12856.0;0.034707
4988;erdos;103635.0;0.035567;117469.0;0.008959;103635.0;0.12902
4988;regular;2523454.0;0.033344;2523454.0;0.008334;2523454.0;0.117995
4988;watts;1336133.0;0.031775;1336133.0;0.008192;1336133.0;0.158001
4996;barabasi;301507.0;0.032917;301507.0;0.008615;301507.0;0.097744
4996;complete;13274.0;0.028799;13513.0;0.019529;13274.0;0.034709
4996;erdos;117146.0;0.035612;129605.0;0.008866;117146.0;0.129803
4996;regular;2349910.0;0.033456;2349910.0;0.008461;2349910.0;0.134079
4996;watts;1354093.0;0.031964;1354093.0;0.008123;1354093.0;0.186535
5003;regular;162490801.0;0.024217;162490801.0;0.00583;162490801.0;3.972995
5003;watts;1490080.0;0.032021;1490080.0;0.008443;1490080.0;0.176146
5003;erdos;106990.0;0.035795;119763.0;0.008852;106990.0;0.117365
5003;barabasi;367251.0;0.032959;367251.0;0.008429;367251.0;0.098088
5003;complete;12942.0;0.032067;13115.0;0.019634;12942.0;0.034785
5011;barabasi;377852.0;0.033043;377852.0;0.008243;377852.0;0.109884
5011;complete;12778.0;0.032289;12897.0;0.019577;12778.0;0.03494
5011;erdos;106709.0;0.03579;119254.0;0.009267;106709.0;0.130725
5011;regular;152821745.0;0.023308;152821745.0;0.005596;152821745.0;3.63495
5011;watts;1658851.0;0.032415;1658851.0;0.008539;1658851.0;0.177011
5018;barabasi;368090.0;0.033502;368090.0;0.008688;368090.0;0.110295
5018;complete;13139.0;0.030033;13349.0;0.019599;13139.0;0.035129
5018;erdos;93102.0;0.036076;106737.0;0.009164;93102.0;0.144022
5018;regular;2405046.0;0.033545;2405046.0;0.008201;2405046.0;0.120919
5018;watts;1621087.0;0.032174;1621087.0;0.008289;1621087.0;0.178002
5026;barabasi;371285.0;0.033443;371285.0;0.008542;371285.0;0.098947
5026;complete;13133.0;0.032391;13283.0;0.020021;13133.0;0.035212
5026;erdos;116007.0;0.035889;128198.0;0.008701;116007.0;0.131526
5026;regular;2151305.0;0.033946;2151305.0;0.008269;2151305.0;0.121263
5026;watts;1478783.0;0.032396;1478783.0;0.008238;1478783.0;0.201295
5034;barabasi;352277.0;0.033759;352277.0;0.008448;352277.0;0.111485
5034;complete;12966.0;0.032343;13153.0;0.020022;12966.0;0.035256
5034;erdos;104048.0;0.036258;115435.0;0.008809;104048.0;0.118795
5034;regular;2289834.0;0.033937;2289834.0;0.008278;2289834.0;0.135086
5034;watts;1460882.0;0.032513;1460882.0;0.008313;1460882.0;0.214026
5041;barabasi;356805.0;0.0338;356805.0;0.008787;356805.0;0.122937
5041;complete;13072.0;0.032335;13292.0;0.019904;13072.0;0.035433
5041;erdos;159497.0;0.036361;172183.0;0.008985;159497.0;0.131977
5041;regular;293193269.0;0.0323;293193269.0;0.007735;293193269.0;6.924806
5041;watts;1464960.0;0.032459;1464960.0;0.008354;1464960.0;0.178024
5049;barabasi;420534.0;0.033635;420534.0;0.008498;420534.0;0.123491
5049;complete;13237.0;0.030162;13423.0;0.019971;13237.0;0.035991
5049;erdos;95238.0;0.036339;108574.0;0.009018;95238.0;0.133423
5049;regular;318018582.0;0.033855;318018582.0;0.008278;318018582.0;7.668467
5049;watts;1453766.0;0.032924;1453766.0;0.008525;1453766.0;0.180005
5056;barabasi;328860.0;0.033952;328860.0;0.008523;328860.0;0.100138
5056;complete;13212.0;0.030328;13427.0;0.020045;13212.0;0.035723
5056;erdos;113210.0;0.036643;127250.0;0.008864;113210.0;0.119267
5056;regular;2074953.0;0.032214;2074953.0;0.007835;2074953.0;0.131731
5056;watts;1429498.0;0.032832;1429498.0;0.008486;1429498.0;0.192352
5064;barabasi;332703.0;0.033845;332703.0;0.008567;332703.0;0.100558
5064;complete;12838.0;0.031829;12962.0;0.02015;12838.0;0.035754
5064;erdos;105741.0;0.036554;118280.0;0.008954;105741.0;0.120586
5064;regular;2262139.0;0.034434;2262139.0;0.008298;2262139.0;0.125804
5064;watts;1797268.0;0.032842;1797268.0;0.008383;1797268.0;0.18816
5071;barabasi;357022.0;0.034048;357022.0;0.00869;357022.0;0.100756
5071;complete;13576.0;0.029337;13876.0;0.020174;13576.0;0.035864
5071;erdos;113949.0;0.036647;127167.0;0.009127;113949.0;0.134115
5071;regular;177279944.0;0.025694;177279944.0;0.006009;177279944.0;4.335758
5071;watts;1356231.0;0.033158;1356231.0;0.008663;1356231.0;0.180287
5079;watts;1479951.0;0.033269;1479951.0;0.008422;1479951.0;0.164169
5079;barabasi;341438.0;0.03389;341438.0;0.008558;341438.0;0.125033
5079;complete;12954.0;0.031764;13115.0;0.02019;12954.0;0.035895
5079;erdos;92195.0;0.03679;104927.0;0.009148;92195.0;0.133774
5079;regular;244289366.0;0.030224;244289366.0;0.00728;244289366.0;5.980196
5087;barabasi;363003.0;0.034245;363003.0;0.008705;363003.0;0.113391
5087;complete;12510.0;0.032829;12624.0;0.020256;12510.0;0.036036
5087;erdos;122546.0;0.037105;135793.0;0.008918;122546.0;0.147755
5087;regular;104867097.0;0.019786;104867097.0;0.004762;104867097.0;2.548144
5087;watts;1563172.0;0.033286;1563172.0;0.008499;1563172.0;0.183186
5094;barabasi;344725.0;0.034618;344725.0;0.008716;344725.0;0.089613
5094;complete;13261.0;0.031058;13418.0;0.020386;13261.0;0.03615
5094;erdos;119544.0;0.037124;131784.0;0.009145;119544.0;0.135315
5094;regular;2178420.0;0.034974;2178420.0;0.008341;2178420.0;0.136887
5094;watts;1488611.0;0.033328;1488611.0;0.008479;1488611.0;0.227538
5102;barabasi;338888.0;0.034187;338888.0;0.008649;338888.0;0.126181
5102;complete;12937.0;0.032308;13069.0;0.020558;12937.0;0.048324
5102;erdos;141871.0;0.03699;154050.0;0.009191;141871.0;0.135645
5102;regular;1566355.0;0.032964;1566355.0;0.008232;1566355.0;0.102245
5102;watts;1425082.0;0.03372;1425082.0;0.008732;1425082.0;0.159032
5110;barabasi;330581.0;0.034509;330581.0;0.008835;330581.0;0.10226
5110;complete;12768.0;0.032801;12896.0;0.020604;12768.0;0.036395
5110;erdos;111098.0;0.037267;124678.0;0.009452;111098.0;0.121891
5110;regular;1461891.0;0.032955;1461891.0;0.007952;1461891.0;0.130567
5110;watts;1485293.0;0.033497;1485293.0;0.00858;1485293.0;0.231497
5117;barabasi;323629.0;0.034621;323629.0;0.008613;323629.0;0.090475
5117;complete;13277.0;0.031568;13490.0;0.020498;13277.0;0.036543
5117;erdos;120035.0;0.037457;133838.0;0.009191;120035.0;0.136624
5117;regular;327383367.0;0.035076;327383367.0;0.008335;327383367.0;7.98364
5117;watts;1276269.0;0.03337;1276269.0;0.008617;1276269.0;0.194098
5125;barabasi;369480.0;0.034806;369480.0;0.008968;369480.0;0.102709
5125;complete;13551.0;0.030351;13774.0;0.02077;13551.0;0.036667
5125;erdos;99234.0;0.037516;112384.0;0.009181;99234.0;0.135853
5125;regular;333529457.0;0.035352;333529457.0;0.008659;333529457.0;7.881649
5125;watts;1437400.0;0.033519;1437400.0;0.008751;1437400.0;0.191618
5133;barabasi;332297.0;0.035146;332297.0;0.008955;332297.0;0.090842
5133;complete;13119.0;0.032281;13262.0;0.020731;13119.0;0.036723
5133;erdos;110564.0;0.037507;124271.0;0.009146;110564.0;0.136733
5133;regular;23018587.0;0.008103;23018587.0;0.002052;23018587.0;0.578474
5133;watts;1621333.0;0.033935;1621333.0;0.008817;1621333.0;0.185618
5140;barabasi;322458.0;0.035203;322458.0;0.009049;322458.0;0.115524
5140;complete;13041.0;0.034146;13159.0;0.020858;13041.0;0.036887
5140;erdos;127433.0;0.037582;140246.0;0.009225;127433.0;0.137548
5140;regular;1683516.0;0.03327;1683516.0;0.008158;1683516.0;0.123307
5140;watts;1603024.0;0.034046;1603024.0;0.008707;1603024.0;0.181133
5148;complete;13480.0;0.031488;13681.0;0.02099;13480.0;0.037012
5148;erdos;120160.0;0.037723;132596.0;0.009151;120160.0;0.138055
5148;regular;2247354.0;0.03577;2247354.0;0.008299;2247354.0;0.139293
5148;watts;1807850.0;0.033961;1807850.0;0.008757;1807850.0;0.186401
5148;barabasi;329742.0;0.035138;329742.0;0.008862;329742.0;0.115906
5156;barabasi;304448.0;0.035518;304448.0;0.008907;304448.0;0.104216
5156;complete;12988.0;0.033224;13102.0;0.021228;12988.0;0.037111
5156;erdos;103122.0;0.038093;115856.0;0.009143;103122.0;0.138338
5156;regular;1586030.0;0.033666;1586030.0;0.008075;1586030.0;0.125719
5156;watts;1463027.0;0.03435;1463027.0;0.00843;1463027.0;0.172851
5163;barabasi;350218.0;0.035607;350218.0;0.008821;350218.0;0.104382
5163;complete;13118.0;0.033046;13290.0;0.021135;13118.0;0.037224
5163;erdos;101032.0;0.038124;114167.0;0.009311;101032.0;0.152594
5163;regular;320691010.0;0.034966;320691010.0;0.008289;320691010.0;7.934304
5163;watts;1574902.0;0.034515;1574902.0;0.008818;1574902.0;0.187974
5171;barabasi;313546.0;0.035518;313546.0;0.008653;313546.0;0.117154
5171;complete;13395.0;0.032118;13588.0;0.021366;13395.0;0.040109
5171;erdos;110310.0;0.038039;123138.0;0.009746;110310.0;0.152945
5171;regular;305187821.0;0.034001;305187821.0;0.007939;305187821.0;7.262017
5171;watts;1473059.0;0.03445;1473059.0;0.008851;1473059.0;0.194886
5179;barabasi;357888.0;0.035637;357888.0;0.00863;357888.0;0.117441
5179;complete;13463.0;0.033459;13647.0;0.021196;13463.0;0.037427
5179;erdos;111488.0;0.038212;124204.0;0.009428;111488.0;0.125509
5179;regular;115414339.0;0.020741;115414339.0;0.005027;115414339.0;2.793834
5179;watts;1718935.0;0.034628;1718935.0;0.009045;1718935.0;0.225344
5187;barabasi;375113.0;0.035876;375113.0;0.009076;375113.0;0.117915
5187;complete;13140.0;0.033257;13273.0;0.021238;13140.0;0.037518
5187;erdos;111385.0;0.038415;124414.0;0.00926;111385.0;0.140112
5187;regular;87160230.0;0.017927;87160230.0;0.004411;87160230.0;2.191469
5187;watts;1651471.0;0.03481;1651471.0;0.008811;1651471.0;0.201564
5194;barabasi;339688.0;0.035642;339688.0;0.008991;339688.0;0.105558
5194;complete;13622.0;0.031792;13841.0;0.021116;13622.0;0.03765
5194;erdos;124123.0;0.038446;137262.0;0.009353;124123.0;0.14027
5194;regular;1640080.0;0.034165;1640080.0;0.00812;1640080.0;0.137664
5194;watts;1493944.0;0.034909;1493944.0;0.008637;1493944.0;0.176467
5202;barabasi;344971.0;0.036117;344971.0;0.009105;344971.0;0.118655
5202;complete;13371.0;0.032891;13541.0;0.021432;13371.0;0.037725
5202;erdos;109052.0;0.038799;123048.0;0.009827;109052.0;0.127355
5202;regular;2225325.0;0.03639;2225325.0;0.008724;2225325.0;0.157644
5202;watts;1531513.0;0.034823;1531513.0;0.00891;1531513.0;0.214621
5210;barabasi;345591.0;0.036026;345591.0;0.009094;345591.0;0.118824
5210;complete;13734.0;0.03173;13963.0;0.021574;13734.0;0.03786
5210;erdos;102389.0;0.03872;115584.0;0.009621;102389.0;0.141176
5210;regular;2393582.0;0.036852;2393582.0;0.008854;2393582.0;0.142394
5210;watts;1432950.0;0.035299;1432950.0;0.009219;1432950.0;0.189432
5218;barabasi;347993.0;0.036259;347993.0;0.009655;347993.0;0.119153
5218;complete;13282.0;0.034593;13420.0;0.021549;13282.0;0.038139
5218;erdos;106490.0;0.039027;120371.0;0.009819;106490.0;0.141471
5218;regular;2314842.0;0.03685;2314842.0;0.009103;2314842.0;0.156483
5218;watts;1597235.0;0.035418;1597235.0;0.009164;1597235.0;0.190175
5226;barabasi;362039.0;0.036642;362039.0;0.009009;362039.0;0.119614
5226;complete;13487.0;0.042836;13651.0;0.024934;13487.0;0.03817
5226;erdos;122380.0;0.039239;135553.0;0.009933;122380.0;0.142531
5226;regular;2409071.0;0.036908;2409071.0;0.008812;2409071.0;0.151553
5226;watts;1440570.0;0.035544;1440570.0;0.00912;1440570.0;0.178777
5234;barabasi;367556.0;0.036634;367556.0;0.009242;367556.0;0.12026
5234;complete;13812.0;0.033882;14051.0;0.021665;13812.0;0.050821
5234;erdos;129409.0;0.039161;141956.0;0.009526;129409.0;0.142585
5234;regular;1425309.0;0.034614;1425309.0;0.008296;1425309.0;0.127914
5234;watts;1551140.0;0.035821;1551140.0;0.008868;1551140.0;0.167348
5241;barabasi;364897.0;0.036751;364897.0;0.00911;364897.0;0.120156
5241;complete;13510.0;0.035652;13666.0;0.021733;13510.0;0.038274
5241;erdos;115750.0;0.039218;129099.0;0.009662;115750.0;0.143095
5241;regular;137638834.0;0.023469;137638834.0;0.005576;137638834.0;3.442158
5241;watts;1577408.0;0.035471;1577408.0;0.008713;1577408.0;0.164065
5249;barabasi;356676.0;0.036782;356676.0;0.009304;356676.0;0.145914
5249;complete;13401.0;0.033889;13532.0;0.021731;13401.0;0.038359
5249;erdos;122320.0;0.039646;135041.0;0.00961;122320.0;0.142904
5249;regular;131874888.0;0.023024;131874888.0;0.005463;131874888.0;3.351268
5249;watts;1586851.0;0.03566;1586851.0;0.009247;1586851.0;0.194059
5257;barabasi;351108.0;0.03723;351108.0;0.00954;351108.0;0.120692
5257;complete;13202.0;0.034579;13327.0;0.021913;13202.0;0.038641
5257;erdos;102061.0;0.039653;115746.0;0.009876;102061.0;0.1579
5257;regular;148401005.0;0.024678;148401005.0;0.005941;148401005.0;3.676292
5257;watts;1767652.0;0.035972;1767652.0;0.009336;1767652.0;0.218159
5265;barabasi;353242.0;0.036835;353242.0;0.009207;353242.0;0.12123
5265;complete;13000.0;0.03497;13088.0;0.021672;13000.0;0.038625
5265;erdos;100359.0;0.039757;113400.0;0.00987;100359.0;0.129805
5265;regular;21906885.0;0.008345;21906885.0;0.002239;21906885.0;0.536013
5265;watts;1331227.0;0.035906;1331227.0;0.00905;1331227.0;0.169009
5273;barabasi;331559.0;0.037255;331559.0;0.009503;331559.0;0.108725
5273;complete;13331.0;0.036773;13457.0;0.021895;13331.0;0.038726
5273;erdos;107292.0;0.039736;120089.0;0.009587;107292.0;0.144872
5273;regular;339635065.0;0.036826;339635065.0;0.008574;339635065.0;8.164921
5273;watts;1564713.0;0.035989;1564713.0;0.00915;1564713.0;0.183679
5281;barabasi;336274.0;0.037401;336274.0;0.009308;336274.0;0.122015
5281;complete;13811.0;0.035356;13983.0;0.022063;13811.0;0.038843
5281;erdos;123369.0;0.039847;135211.0;0.009575;123369.0;0.144936
5281;regular;248867.0;0.000776;248867.0;0.000185;248867.0;0.025216
5281;watts;1670259.0;0.036294;1670259.0;0.009099;1670259.0;0.20856
5289;barabasi;349565.0;0.037377;349565.0;0.009307;349565.0;0.122458
5289;complete;13476.0;0.034427;13643.0;0.021948;13476.0;0.039033
5289;erdos;101587.0;0.040557;114920.0;0.009902;101587.0;0.145727
5289;regular;5485571.0;0.004153;5485571.0;0.001171;5485571.0;0.15314
5289;watts;1486036.0;0.03656;1486036.0;0.009055;1486036.0;0.207819
5297;barabasi;318148.0;0.037471;318148.0;0.009348;318148.0;0.109674
5297;complete;13065.0;0.037378;13166.0;0.022095;13065.0;0.039064
5297;erdos;135764.0;0.040027;149059.0;0.009823;135764.0;0.145688
5297;regular;347928191.0;0.038182;347928191.0;0.008915;347928191.0;8.802465
5297;watts;1694391.0;0.036584;1694391.0;0.009138;1694391.0;0.236415
5305;barabasi;368759.0;0.037364;368759.0;0.00928;368759.0;0.122997
5305;complete;13342.0;0.037006;13477.0;0.022323;13342.0;0.039192
5305;erdos;123504.0;0.04037;137013.0;0.010139;123504.0;0.146518
5305;regular;299821431.0;0.035252;299821431.0;0.007942;299821431.0;7.529952
5305;watts;1483264.0;0.036671;1483264.0;0.009331;1483264.0;0.226298
5313;barabasi;369099.0;0.038001;369099.0;0.0097;369099.0;0.123225
5313;complete;13922.0;0.03338;14135.0;0.022334;13922.0;0.039275
5313;erdos;123867.0;0.040419;138226.0;0.009891;123867.0;0.161296
5313;regular;133824097.0;0.023532;133824097.0;0.005528;133824097.0;3.332505
5313;watts;1438238.0;0.036438;1438238.0;0.009325;1438238.0;0.198066
5321;barabasi;347155.0;0.037733;347155.0;0.009473;347155.0;0.123888
5321;complete;13987.0;0.035431;14215.0;0.022534;13987.0;0.039435
5321;erdos;127776.0;0.040512;139641.0;0.010226;127776.0;0.175714
5321;regular;6882739.0;0.004771;6882739.0;0.001333;6882739.0;0.1929
5321;watts;1570272.0;0.036798;1570272.0;0.009266;1570272.0;0.223193
5329;barabasi;350999.0;0.038339;350999.0;0.009602;350999.0;0.111194
5329;complete;13664.0;0.034603;13821.0;0.022426;13664.0;0.039639
5329;erdos;104023.0;0.04066;116754.0;0.010049;104023.0;0.162551
5329;regular;4079671.0;0.00369;4079671.0;0.001027;4079671.0;0.122619
5329;watts;1776394.0;0.036849;1776394.0;0.009245;1776394.0;0.199135
5337;barabasi;345217.0;0.037882;345217.0;0.009462;345217.0;0.124758
5337;complete;13357.0;0.037204;13492.0;0.022292;13357.0;0.039696
5337;erdos;105218.0;0.040673;117983.0;0.010113;105218.0;0.148259
5337;regular;359418386.0;0.038836;359418386.0;0.009138;359418386.0;9.069535
5337;watts;1787167.0;0.037078;1787167.0;0.009238;1787167.0;0.213282
5345;barabasi;338926.0;0.03858;338926.0;0.00949;338926.0;0.111814
5345;complete;13600.0;0.035317;13762.0;0.022522;13600.0;0.03976
5345;erdos;122008.0;0.040913;136220.0;0.009987;122008.0;0.14863
5345;regular;219086917.0;0.030757;219086917.0;0.007344;219086917.0;5.780697
5345;watts;1805407.0;0.0374;1805407.0;0.009525;1805407.0;0.214842
5353;barabasi;317556.0;0.038457;317556.0;0.009485;317556.0;0.112076
5353;complete;13678.0;0.037225;13820.0;0.022777;13678.0;0.039897
5353;erdos;100340.0;0.041031;114272.0;0.010042;100340.0;0.148675
5353;regular;152364025.0;0.025369;152364025.0;0.005833;152364025.0;4.154637
5353;watts;1569691.0;0.037204;1569691.0;0.009333;1569691.0;0.198982
5361;watts;1562893.0;0.037458;1562893.0;0.009287;1562893.0;0.224865
5361;barabasi;423857.0;0.038575;423857.0;0.009468;423857.0;0.12567
5361;complete;14194.0;0.033278;14458.0;0.022638;14194.0;0.039997
5361;erdos;118971.0;0.041111;132341.0;0.010285;118971.0;0.134746
5361;regular;363467295.0;0.039155;363467295.0;0.009088;363467295.0;9.197784
5369;barabasi;341158.0;0.038229;341158.0;0.009504;341158.0;0.125868
5369;complete;14328.0;0.035903;14593.0;0.022788;14328.0;0.040198
5369;erdos;106734.0;0.041094;120283.0;0.010164;106734.0;0.135926
5369;regular;361605384.0;0.038995;361605384.0;0.008858;361605384.0;9.045307
5369;watts;1759838.0;0.037636;1759838.0;0.00926;1759838.0;0.187335
5377;barabasi;365080.0;0.038807;365080.0;0.00955;365080.0;0.126494
5377;complete;13669.0;0.035769;13800.0;0.022834;13669.0;0.040341
5377;erdos;106447.0;0.041437;119449.0;0.010248;106447.0;0.135875
5377;regular;229989074.0;0.031685;229989074.0;0.007033;229989074.0;5.837237
5377;watts;1508316.0;0.037766;1508316.0;0.009255;1508316.0;0.228899
5385;barabasi;349578.0;0.039022;349578.0;0.009833;349578.0;0.126594
5385;complete;13695.0;0.035869;13817.0;0.022968;13695.0;0.040442
5385;erdos;107780.0;0.041556;121660.0;0.009976;107780.0;0.13642
5385;regular;316307988.0;0.037099;316307988.0;0.008592;316307988.0;8.296777
5385;watts;1822091.0;0.037999;1822091.0;0.009148;1822091.0;0.190493
5393;barabasi;437196.0;0.038844;437196.0;0.009591;437196.0;0.127041
5393;complete;14232.0;0.034118;14491.0;0.022895;14232.0;0.040505
5393;erdos;113129.0;0.041651;127405.0;0.010396;113129.0;0.151506
5393;regular;312444775.0;0.036842;312444775.0;0.008498;312444775.0;7.965476
5393;watts;1870700.0;0.037981;1870700.0;0.009247;1870700.0;0.19039
5401;barabasi;330438.0;0.039478;330438.0;0.009788;330438.0;0.127461
5401;complete;13923.0;0.037535;14076.0;0.023041;13923.0;0.040613
5401;erdos;141762.0;0.041811;155503.0;0.010506;141762.0;0.151578
5401;regular;67782859.0;0.015677;67782859.0;0.003928;67782859.0;1.728512
5401;watts;1717715.0;0.038441;1717715.0;0.00947;1717715.0;0.230636
5409;barabasi;385223.0;0.039262;385223.0;0.009584;385223.0;0.114709
5409;complete;14135.0;0.03475;14349.0;0.023038;14135.0;0.040789
5409;erdos;137485.0;0.041794;151196.0;0.010444;137485.0;0.151602
5409;regular;136650111.0;0.023974;136650111.0;0.005623;136650111.0;3.394371
5409;watts;1685755.0;0.038207;1685755.0;0.009556;1685755.0;0.218043
5417;barabasi;386143.0;0.03943;386143.0;0.009757;386143.0;0.128292
5417;complete;14114.0;0.034938;14307.0;0.023146;14114.0;0.040906
5417;erdos;114750.0;0.041956;128848.0;0.010402;114750.0;0.166927
5417;regular;194085126.0;0.029599;194085126.0;0.006653;194085126.0;5.035587
5417;watts;1708490.0;0.03843;1708490.0;0.009702;1708490.0;0.219252
5425;complete;13869.0;0.038743;14025.0;0.023299;13869.0;0.054599
5425;erdos;121875.0;0.04219;135560.0;0.010446;121875.0;0.137827
5425;regular;166274797.0;0.027148;166274797.0;0.006107;166274797.0;4.351913
5425;watts;1520549.0;0.038421;1520549.0;0.009722;1520549.0;0.219742
5425;barabasi;346507.0;0.039672;346507.0;0.00971;346507.0;0.128511
5433;barabasi;389608.0;0.040175;389608.0;0.009704;389608.0;0.129188
5433;complete;13886.0;0.038146;14018.0;0.023328;13886.0;0.041056
5433;erdos;106517.0;0.042464;119627.0;0.010183;106517.0;0.153595
5433;regular;211175780.0;0.030571;211175780.0;0.006836;211175780.0;5.550489
5433;watts;1901371.0;0.03867;1901371.0;0.009731;1901371.0;0.219044
5442;barabasi;392366.0;0.039686;392366.0;0.009706;392366.0;0.129568
5442;complete;14221.0;0.037152;14424.0;0.0235;14221.0;0.04121
5442;erdos;128492.0;0.042294;141840.0;0.010584;128492.0;0.154125
5442;regular;2672083.0;0.040298;2672083.0;0.009539;2672083.0;0.13216
5442;watts;1812503.0;0.039181;1812503.0;0.009668;1812503.0;0.205882
5450;barabasi;383168.0;0.039965;383168.0;0.009859;383168.0;0.116009
5450;complete;13720.0;0.036881;13844.0;0.023574;13720.0;0.041429
5450;erdos;93910.0;0.042805;107876.0;0.010366;93910.0;0.16936
5450;regular;2498090.0;0.040531;2498090.0;0.009486;2498090.0;0.170858
5450;watts;1506585.0;0.039001;1506585.0;0.009317;1506585.0;0.195385
5458;barabasi;327966.0;0.039763;327966.0;0.009699;327966.0;0.116721
5458;complete;13966.0;0.036775;14094.0;0.023479;13966.0;0.041573
5458;erdos;129764.0;0.042636;144406.0;0.010383;129764.0;0.170327
5458;regular;2482900.0;0.040539;2482900.0;0.009292;2482900.0;0.152883
5458;watts;1744255.0;0.038658;1744255.0;0.00947;1744255.0;0.191292
5466;barabasi;357530.0;0.040233;357530.0;0.009812;357530.0;0.116705
5466;complete;13677.0;0.03739;13791.0;0.023545;13677.0;0.041614
5466;erdos;110298.0;0.042778;123968.0;0.010614;110298.0;0.15503
5466;regular;1894591.0;0.038549;1894591.0;0.009102;1894591.0;0.155092
5466;watts;2254005.0;0.038959;2254005.0;0.009666;2254005.0;0.250575
5474;barabasi;347776.0;0.040245;347776.0;0.010016;347776.0;0.117145
5474;complete;14157.0;0.038955;14375.0;0.023923;14157.0;0.041716
5474;erdos;103316.0;0.042894;116948.0;0.010545;103316.0;0.156397
5474;regular;2342556.0;0.040798;2342556.0;0.009609;2342556.0;0.129317
5474;watts;1620636.0;0.039188;1620636.0;0.0098;1620636.0;0.228035
5482;barabasi;403816.0;0.040653;403816.0;0.010186;403816.0;0.117258
5482;complete;14124.0;0.03902;14291.0;0.023771;14124.0;0.041875
5482;erdos;125284.0;0.043228;139164.0;0.010399;125284.0;0.171803
5482;regular;2400972.0;0.041094;2400972.0;0.009382;2400972.0;0.161744
5482;watts;1840139.0;0.039208;1840139.0;0.009559;1840139.0;0.225986
5491;barabasi;350163.0;0.04033;350163.0;0.009914;350163.0;0.117797
5491;complete;13959.0;0.037223;14112.0;0.023934;13959.0;0.04201
5491;erdos;119157.0;0.043111;132628.0;0.010704;119157.0;0.156915
5491;regular;12598574.0;0.006539;12598574.0;0.001755;12598574.0;0.32397
5491;watts;1584868.0;0.039259;1584868.0;0.009442;1584868.0;0.242616
5499;barabasi;346351.0;0.040345;346351.0;0.01015;346351.0;0.118219
5499;complete;13704.0;0.038144;13826.0;0.023841;13704.0;0.042131
5499;erdos;134371.0;0.043346;148133.0;0.010594;134371.0;0.142421
5499;regular;367685518.0;0.040183;367685518.0;0.009254;367685518.0;9.686598
5499;watts;1615539.0;0.039514;1615539.0;0.009842;1615539.0;0.21384
5507;barabasi;394043.0;0.040671;394043.0;0.009844;394043.0;0.132575
5507;complete;13513.0;0.040074;13598.0;0.024094;13513.0;0.042227
5507;erdos;126219.0;0.043435;140573.0;0.010489;126219.0;0.173235
5507;regular;286090477.0;0.036228;286090477.0;0.008335;286090477.0;7.526698
5507;watts;1560130.0;0.039616;1560130.0;0.009846;1560130.0;0.210092
5515;barabasi;374436.0;0.040362;374436.0;0.009847;374436.0;0.118875
5515;complete;13944.0;0.037863;14099.0;0.024225;13944.0;0.042373
5515;erdos;105165.0;0.043439;119791.0;0.010919;105165.0;0.173445
5515;regular;348275572.0;0.039354;348275572.0;0.00943;348275572.0;8.983891
5515;watts;1666994.0;0.03955;1666994.0;0.010108;1666994.0;0.200081
5524;barabasi;340867.0;0.041059;340867.0;0.010286;340867.0;0.119199
5524;complete;13828.0;0.038187;13958.0;0.024238;13828.0;0.042435
5524;erdos;139675.0;0.043629;154168.0;0.010825;139675.0;0.158314
5524;regular;2425689.0;0.04161;2425689.0;0.00997;2425689.0;0.151882
5524;watts;1909682.0;0.039588;1909682.0;0.009712;1909682.0;0.267984
5532;barabasi;370325.0;0.040872;370325.0;0.010177;370325.0;0.133608
5532;complete;13500.0;0.038502;13562.0;0.024226;13500.0;0.042539
5532;erdos;112283.0;0.04396;125660.0;0.01107;112283.0;0.159272
5532;regular;1576785.0;0.039317;1576785.0;0.009568;1576785.0;0.147102
5532;watts;1652982.0;0.040247;1652982.0;0.010032;1652982.0;0.214585
5540;barabasi;383127.0;0.040891;383127.0;0.010052;383127.0;0.133997
5540;complete;14518.0;0.038209;14711.0;0.024556;14518.0;0.042717
5540;erdos;97188.0;0.043975;111411.0;0.010783;97188.0;0.159753
5540;regular;1439806.0;0.039309;1439806.0;0.009326;1439806.0;0.138313
5540;watts;1588332.0;0.040264;1588332.0;0.009902;1588332.0;0.228967
5549;barabasi;440602.0;0.04075;440602.0;0.010263;440602.0;0.120333
5549;complete;14020.0;0.038348;14145.0;0.024672;14020.0;0.042918
5549;erdos;104146.0;0.044337;118676.0;0.010686;104146.0;0.160608
5549;regular;1048063.0;0.00181;1048063.0;0.00041;1048063.0;0.047073
5549;watts;1535101.0;0.040137;1535101.0;0.010136;1535101.0;0.242736
5557;barabasi;421924.0;0.041494;421924.0;0.010198;421924.0;0.149089
5557;complete;14199.0;0.03793;14336.0;0.024629;14199.0;0.043013
5557;erdos;111632.0;0.04411;125179.0;0.010968;111632.0;0.160742
5557;regular;303587403.0;0.03742;303587403.0;0.008324;303587403.0;7.912207
5557;watts;1575434.0;0.040543;1575434.0;0.009892;1575434.0;0.229085
5565;barabasi;391054.0;0.041675;391054.0;0.010206;391054.0;0.120962
5565;complete;13992.0;0.038629;14124.0;0.02462;13992.0;0.043063
5565;erdos;99026.0;0.044186;112840.0;0.010986;99026.0;0.14534
5565;regular;47533559.0;0.013887;47533559.0;0.00355;47533559.0;1.356216
5565;watts;1933085.0;0.040575;1933085.0;0.00971;1933085.0;0.19663
5574;barabasi;383842.0;0.041617;383842.0;0.01018;383842.0;0.135626
5574;complete;14076.0;0.038511;14193.0;0.024723;14076.0;0.043307
5574;erdos;114353.0;0.044583;128422.0;0.010955;114353.0;0.146175
5574;regular;2580128.0;0.042438;2580128.0;0.009856;2580128.0;0.16857
5574;watts;1780716.0;0.040857;1780716.0;0.009827;1780716.0;0.232316
5582;barabasi;361744.0;0.041617;361744.0;0.010226;361744.0;0.136116
5582;complete;14044.0;0.038793;14181.0;0.024661;14044.0;0.043395
5582;erdos;118763.0;0.044882;132527.0;0.011166;118763.0;0.177301
5582;regular;2411281.0;0.042533;2411281.0;0.010088;2411281.0;0.178804
5582;watts;1533453.0;0.04078;1533453.0;0.009945;1533453.0;0.218718
5590;watts;1679958.0;0.040579;1679958.0;0.010115;1679958.0;0.248517
5590;barabasi;335338.0;0.041635;335338.0;0.010135;335338.0;0.122035
5590;complete;14493.0;0.04033;14668.0;0.024954;14493.0;0.043465
5590;erdos;117751.0;0.044724;131966.0;0.010829;117751.0;0.162887
5590;regular;2581050.0;0.042502;2581050.0;0.009973;2581050.0;0.163737
5599;barabasi;377294.0;0.04176;377294.0;0.010435;377294.0;0.137078
5599;complete;14322.0;0.038354;14469.0;0.02486;14322.0;0.043688
5599;erdos;105784.0;0.04501;120894.0;0.011111;105784.0;0.178976
5599;regular;137000577.0;0.025087;137000577.0;0.006051;137000577.0;3.71505
5599;watts;1845665.0;0.040491;1845665.0;0.01034;1845665.0;0.217899
5607;barabasi;345167.0;0.041753;345167.0;0.01047;345167.0;0.137457
5607;complete;14360.0;0.04132;14541.0;0.025049;14360.0;0.043747
5607;erdos;125700.0;0.044823;141363.0;0.010882;125700.0;0.17956
5607;regular;158997144.0;0.027691;158997144.0;0.006357;158997144.0;4.332863
5607;watts;1706365.0;0.04055;1706365.0;0.01017;1706365.0;0.221903
5615;barabasi;325518.0;0.041708;325518.0;0.010281;325518.0;0.12329
5615;complete;14324.0;0.041046;14468.0;0.024999;14324.0;0.043932
5615;regular;186072204.0;0.029272;186072204.0;0.006966;186072204.0;4.953182
5615;watts;1611302.0;0.0407;1611302.0;0.010422;1611302.0;0.251521
5615;erdos;96095.0;0.045247;109550.0;0.011049;96095.0;0.164314
5624;barabasi;443488.0;0.042238;443488.0;0.010364;443488.0;0.167976
5624;complete;14726.0;0.039551;14945.0;0.024927;14726.0;0.04414
5624;erdos;132283.0;0.045225;145701.0;0.011082;132283.0;0.164646
5624;regular;2547009.0;0.042692;2547009.0;0.010284;2547009.0;0.161309
5624;watts;1581901.0;0.041023;1581901.0;0.010572;1581901.0;0.216319
5632;barabasi;361115.0;0.042042;361115.0;0.010304;361115.0;0.12486
5632;complete;14217.0;0.039499;14323.0;0.025099;14217.0;0.044058
5632;erdos;107143.0;0.045504;121350.0;0.011155;107143.0;0.149366
5632;regular;2896695.0;0.042636;2896695.0;0.010475;2896695.0;0.170222
5632;watts;1734576.0;0.040921;1734576.0;0.010514;1734576.0;0.222716
5641;barabasi;382730.0;0.041969;382730.0;0.010821;382730.0;0.153879
5641;complete;13582.0;0.041942;13636.0;0.025279;13582.0;0.044342
5641;erdos;124766.0;0.045672;139295.0;0.011429;124766.0;0.149296
5641;regular;6307057.0;0.004731;6307057.0;0.001384;6307057.0;0.187109
5641;watts;1602441.0;0.041053;1602441.0;0.010648;1602441.0;0.224115
5649;barabasi;382845.0;0.042434;382845.0;0.010737;382845.0;0.139535
5649;complete;14491.0;0.0391;14666.0;0.025474;14491.0;0.044432
5649;erdos;134220.0;0.045764;148373.0;0.01108;134220.0;0.166014
5649;regular;57702495.0;0.014845;57702495.0;0.003826;57702495.0;1.568435
5649;watts;1779665.0;0.040973;1779665.0;0.010473;1779665.0;0.223564
5658;complete;14767.0;0.038136;14976.0;0.025332;14767.0;0.044482
5658;erdos;125501.0;0.045819;138813.0;0.011354;125501.0;0.150622
5658;regular;1707233.0;0.040508;1707233.0;0.009564;1707233.0;0.162851
5658;watts;1506145.0;0.041316;1506145.0;0.010392;1506145.0;0.237944
5658;barabasi;349744.0;0.042838;349744.0;0.010837;349744.0;0.154765
5666;barabasi;376672.0;0.042497;376672.0;0.010647;376672.0;0.140493
5666;complete;14359.0;0.041534;14528.0;0.02549;14359.0;0.044727
5666;erdos;99384.0;0.046185;113385.0;0.011197;99384.0;0.167441
5666;regular;2662229.0;0.043178;2662229.0;0.010388;2662229.0;0.165726
5666;watts;1705361.0;0.0412;1705361.0;0.010506;1705361.0;0.210695
5675;barabasi;356910.0;0.042647;356910.0;0.010762;356910.0;0.126017
5675;complete;14118.0;0.0423;14223.0;0.025652;14118.0;0.044911
5675;erdos;134784.0;0.04608;148411.0;0.011305;134784.0;0.183553
5675;regular;45453339.0;0.013207;45453339.0;0.003345;45453339.0;1.226429
5675;watts;1582617.0;0.041769;1582617.0;0.010498;1582617.0;0.224774
5683;barabasi;370716.0;0.042341;370716.0;0.010663;370716.0;0.126523
5683;complete;14478.0;0.042257;14646.0;0.025778;14478.0;0.045023
5683;erdos;106784.0;0.046296;121109.0;0.011187;106784.0;0.184223
5683;regular;11934636.0;0.006508;11934636.0;0.001849;11934636.0;0.324173
5683;watts;1801348.0;0.041883;1801348.0;0.01053;1801348.0;0.219117
5692;barabasi;374200.0;0.042733;374200.0;0.010552;374200.0;0.141972
5692;complete;14339.0;0.042552;14448.0;0.025857;14339.0;0.045152
5692;erdos;101939.0;0.046609;115865.0;0.011501;101939.0;0.168399
5692;regular;2485793.0;0.043538;2485793.0;0.010413;2485793.0;0.153735
5692;watts;1735464.0;0.04179;1735464.0;0.010291;1735464.0;0.211504
5700;barabasi;388681.0;0.042709;388681.0;0.010498;388681.0;0.127225
5700;complete;13880.0;0.042922;13955.0;0.026042;13880.0;0.045249
5700;erdos;102577.0;0.046523;116567.0;0.011398;102577.0;0.152924
5700;regular;2569735.0;0.043603;2569735.0;0.010184;2569735.0;0.151391
5700;watts;1569679.0;0.041643;1569679.0;0.010372;1569679.0;0.244957
5709;barabasi;354236.0;0.042908;354236.0;0.010752;354236.0;0.127846
5709;complete;14624.0;0.039672;14765.0;0.025906;14624.0;0.045359
5709;erdos;97257.0;0.04673;111277.0;0.011572;97257.0;0.152723
5709;regular;56914531.0;0.01515;56914531.0;0.003915;56914531.0;1.582589
5709;watts;1654918.0;0.042041;1654918.0;0.010552;1654918.0;0.214028
5717;barabasi;438272.0;0.0432;438272.0;0.010627;438272.0;0.143201
5717;complete;14146.0;0.041348;14266.0;0.025999;14146.0;0.045593
5717;erdos;103045.0;0.046811;117546.0;0.011468;103045.0;0.170288
5717;regular;159059829.0;0.027036;159059829.0;0.006396;159059829.0;4.22879
5717;watts;1756297.0;0.041582;1756297.0;0.010468;1756297.0;0.260736
5726;barabasi;404211.0;0.043482;404211.0;0.01067;404211.0;0.143756
5726;complete;14405.0;0.043425;14541.0;0.025976;14405.0;0.045717
5726;erdos;111003.0;0.047001;125808.0;0.011433;111003.0;0.187122
5726;regular;1875990.0;0.041888;1875990.0;0.009662;1875990.0;0.159823
5726;watts;1619590.0;0.04223;1619590.0;0.010519;1619590.0;0.291747
5735;barabasi;321961.0;0.043539;321961.0;0.010816;321961.0;0.113611
5735;complete;14985.0;0.039188;15150.0;0.02619;14985.0;0.045849
5735;erdos;116567.0;0.047063;130490.0;0.011422;116567.0;0.171588
5735;regular;383442573.0;0.042282;383442573.0;0.009805;383442573.0;10.180829
5735;watts;1716828.0;0.042392;1716828.0;0.010772;1716828.0;0.245253
5743;barabasi;506598.0;0.04366;506598.0;0.010882;506598.0;0.144403
5743;complete;14398.0;0.041424;14500.0;0.026409;14398.0;0.046006
5743;erdos;110966.0;0.047532;124303.0;0.011686;110966.0;0.170407
5743;regular;174780117.0;0.029066;174780117.0;0.007049;174780117.0;4.835602
5743;watts;1759075.0;0.042497;1759075.0;0.011021;1759075.0;0.231277
5752;barabasi;393757.0;0.043708;393757.0;0.010936;393757.0;0.129499
5752;complete;14729.0;0.042638;14886.0;0.026443;14729.0;0.046174
5752;erdos;127529.0;0.047531;141868.0;0.011374;127529.0;0.189248
5752;regular;2482947.0;0.044679;2482947.0;0.011189;2482947.0;0.187492
5752;watts;1861590.0;0.04257;1861590.0;0.010625;1861590.0;0.248055
5760;watts;1712120.0;0.043029;1712120.0;0.010678;1712120.0;0.247394
5760;barabasi;390600.0;0.043739;390600.0;0.010907;390600.0;0.14523
5760;complete;14447.0;0.043372;14568.0;0.026664;14447.0;0.046223
5760;erdos;100576.0;0.047626;114259.0;0.011517;100576.0;0.172745
5760;regular;2694161.0;0.044717;2694161.0;0.010585;2694161.0;0.160208
5769;barabasi;383060.0;0.043894;383060.0;0.010985;383060.0;0.161194
5769;complete;14556.0;0.041496;14710.0;0.026517;14556.0;0.046465
5769;erdos;105420.0;0.047615;118710.0;0.011822;105420.0;0.190423
5769;regular;229338559.0;0.0334;229338559.0;0.007751;229338559.0;6.414259
5769;watts;1634251.0;0.042964;1634251.0;0.010725;1634251.0;0.265241
5778;barabasi;395300.0;0.044569;395300.0;0.011296;395300.0;0.146524
5778;complete;14275.0;0.042059;14392.0;0.026636;14275.0;0.046505
5778;erdos;112627.0;0.047879;127400.0;0.011643;112627.0;0.174042
5778;regular;2725536.0;0.045268;2725536.0;0.010509;2725536.0;0.172546
5778;watts;1898491.0;0.043032;1898491.0;0.010845;1898491.0;0.219078
5786;barabasi;404985.0;0.044016;404985.0;0.011066;404985.0;0.146654
5786;complete;14666.0;0.044278;14779.0;0.026583;14666.0;0.046687
5786;regular;2881698.0;0.045247;2881698.0;0.010459;2881698.0;0.184583
5786;watts;1578475.0;0.043148;1578475.0;0.011029;1578475.0;0.252106
5786;erdos;109573.0;0.047962;123235.0;0.011926;109573.0;0.174455
5795;barabasi;372295.0;0.044446;372295.0;0.011057;372295.0;0.131494
5795;complete;14665.0;0.044466;14805.0;0.026813;14665.0;0.046876
5795;erdos;120671.0;0.048063;135975.0;0.011491;120671.0;0.158238
5795;regular;20491029.0;0.00861;20491029.0;0.002362;20491029.0;0.552418
5795;watts;1683213.0;0.043444;1683213.0;0.011011;1683213.0;0.236496
5804;barabasi;385766.0;0.044292;385766.0;0.011071;385766.0;0.147831
5804;complete;14556.0;0.044923;14656.0;0.027025;14556.0;0.046897
5804;erdos;103427.0;0.048446;118911.0;0.011757;103427.0;0.158387
5804;regular;2514104.0;0.042518;2514104.0;0.010155;2514104.0;0.155676
5804;watts;1726202.0;0.043594;1726202.0;0.01116;1726202.0;0.268482
5812;barabasi;364763.0;0.044644;364763.0;0.011049;364763.0;0.148111
5812;complete;14694.0;0.041907;14819.0;0.026912;14694.0;0.047003
5812;erdos;106871.0;0.048717;121955.0;0.011865;106871.0;0.175844
5812;regular;2581655.0;0.04527;2581655.0;0.010859;2581655.0;0.202073
5812;watts;1889759.0;0.043532;1889759.0;0.010877;1889759.0;0.256789
5821;barabasi;365524.0;0.044956;365524.0;0.01129;365524.0;0.132644
5821;complete;14640.0;0.044692;14749.0;0.027272;14640.0;0.047128
5821;erdos;116878.0;0.048564;131932.0;0.011835;116878.0;0.176606
5821;regular;193202782.0;0.030653;193202782.0;0.007033;193202782.0;5.389681
5821;watts;1804200.0;0.043573;1804200.0;0.011135;1804200.0;0.233599
5830;barabasi;349156.0;0.04514;349156.0;0.011237;349156.0;0.117285
5830;complete;15084.0;0.043803;15235.0;0.027092;15084.0;0.047886
5830;erdos;109055.0;0.048827;122569.0;0.011998;109055.0;0.176941
5830;regular;2784319.0;0.046033;2784319.0;0.010936;2784319.0;0.176561
5830;watts;1744102.0;0.043792;1744102.0;0.011089;1744102.0;0.254673
5839;barabasi;366419.0;0.045248;366419.0;0.011198;366419.0;0.133503
5839;complete;14419.0;0.044309;14510.0;0.027058;14419.0;0.047507
5839;erdos;122301.0;0.048975;136047.0;0.011989;122301.0;0.195123
5839;regular;324372286.0;0.04043;324372286.0;0.009312;324372286.0;9.223459
5839;watts;1725789.0;0.043927;1725789.0;0.010961;1725789.0;0.236227
5847;barabasi;382161.0;0.045311;382161.0;0.0113;382161.0;0.133808
5847;complete;14397.0;0.043221;14474.0;0.027506;14397.0;0.047572
5847;erdos;103517.0;0.049847;118311.0;0.012409;103517.0;0.177607
5847;regular;849318.0;0.001736;849318.0;0.000401;849318.0;0.046179
5847;watts;1717630.0;0.044226;1717630.0;0.011084;1717630.0;0.270476
5856;barabasi;411830.0;0.045812;411830.0;0.011415;411830.0;0.118263
5856;complete;14801.0;0.044412;14927.0;0.027418;14801.0;0.047711
5856;erdos;121779.0;0.049246;136541.0;0.012219;121779.0;0.17867
5856;regular;2920844.0;0.046444;2920844.0;0.011116;2920844.0;0.174155
5856;watts;2015766.0;0.044155;2015766.0;0.011138;2015766.0;0.2567
5865;barabasi;349097.0;0.045587;349097.0;0.011351;349097.0;0.134724
5865;complete;14769.0;0.045181;14911.0;0.027541;14769.0;0.047976
5865;erdos;122180.0;0.049441;136602.0;0.012225;122180.0;0.161305
5865;regular;324768814.0;0.041079;324768814.0;0.009154;324768814.0;8.947841
5865;watts;2259703.0;0.044494;2259703.0;0.011326;2259703.0;0.257377
5874;barabasi;463566.0;0.045503;463566.0;0.011325;463566.0;0.151076
5874;complete;14311.0;0.044954;14375.0;0.027502;14311.0;0.04805
5874;erdos;136554.0;0.049555;151085.0;0.012049;136554.0;0.197586
5874;regular;2983298.0;0.047124;2983298.0;0.010977;2983298.0;0.206931
5874;watts;1871384.0;0.044725;1871384.0;0.011016;1871384.0;0.274294
5883;barabasi;378815.0;0.046217;378815.0;0.01146;378815.0;0.135691
5883;complete;14870.0;0.042793;14953.0;0.02784;14870.0;0.048378
5883;erdos;132025.0;0.049629;147612.0;0.012051;132025.0;0.197522
5883;regular;298351833.0;0.038988;298351833.0;0.0089;298351833.0;8.364695
5883;watts;1641217.0;0.044995;1641217.0;0.011324;1641217.0;0.258544
5891;watts;2255161.0;0.045012;2255161.0;0.011215;2255161.0;0.292406
5891;barabasi;446678.0;0.046179;446678.0;0.0114;446678.0;0.151877
5891;complete;14877.0;0.043107;15010.0;0.027692;14877.0;0.048351
5891;erdos;118222.0;0.049905;132041.0;0.012071;118222.0;0.198429
5891;regular;167608005.0;0.029281;167608005.0;0.006816;167608005.0;5.035871
5900;barabasi;389815.0;0.04645;389815.0;0.011602;389815.0;0.136322
5900;complete;15318.0;0.043844;15501.0;0.027933;15318.0;0.048589
5900;erdos;120813.0;0.050278;134797.0;0.012106;120813.0;0.199195
5900;regular;2925552.0;0.047334;2925552.0;0.011039;2925552.0;0.178695
5900;watts;1575407.0;0.044994;1575407.0;0.011299;1575407.0;0.227405
5909;barabasi;389621.0;0.046572;389621.0;0.011612;389621.0;0.152865
5909;complete;14928.0;0.045565;15050.0;0.027934;14928.0;0.048688
5909;erdos;100023.0;0.050138;115146.0;0.01225;100023.0;0.199515
5909;regular;312182420.0;0.04069;312182420.0;0.0093;312182420.0;8.746035
5909;watts;1664963.0;0.045035;1664963.0;0.011418;1664963.0;0.228775
5918;barabasi;421506.0;0.046492;421506.0;0.011468;421506.0;0.153196
5918;complete;15074.0;0.045661;15218.0;0.027884;15074.0;0.04887
5918;erdos;139875.0;0.050203;156955.0;0.012194;139875.0;0.165298
5918;regular;2828192.0;0.047499;2828192.0;0.011006;2828192.0;0.169691
5918;watts;1939711.0;0.04544;1939711.0;0.011327;1939711.0;0.291537
5927;barabasi;437853.0;0.047063;437853.0;0.011407;437853.0;0.137674
5927;complete;14787.0;0.043976;14875.0;0.028025;14787.0;0.048917
5927;erdos;127523.0;0.050522;142238.0;0.012395;127523.0;0.200273
5927;regular;12139231.0;0.006916;12139231.0;0.001913;12139231.0;0.350663
5927;watts;1840126.0;0.045577;1840126.0;0.011361;1840126.0;0.263839
5936;regular;2855956.0;0.048088;2855956.0;0.011204;2855956.0;0.176358
5936;watts;1786866.0;0.045981;1786866.0;0.011582;1786866.0;0.246941
5936;erdos;116815.0;0.050567;131423.0;0.012501;116815.0;0.200493
5936;barabasi;361788.0;0.047096;361788.0;0.011839;361788.0;0.137806
5936;complete;15632.0;0.041375;15852.0;0.028455;15632.0;0.049151
5945;barabasi;412393.0;0.047422;412393.0;0.01189;412393.0;0.138046
5945;complete;15398.0;0.045405;15563.0;0.028201;15398.0;0.049155
5945;erdos;119169.0;0.05084;133740.0;0.01249;119169.0;0.201627
5945;regular;425696153.0;0.046826;425696153.0;0.010686;425696153.0;11.838946
5945;watts;1960016.0;0.046165;1960016.0;0.011573;1960016.0;0.264358
5954;erdos;112054.0;0.050976;126979.0;0.012225;112054.0;0.202894
5954;barabasi;384888.0;0.047407;384888.0;0.011902;384888.0;0.138569
5954;complete;15355.0;0.045063;15525.0;0.028494;15355.0;0.049377
5954;regular;2830608.0;0.048583;2830608.0;0.011567;2830608.0;0.171741
5954;watts;1647408.0;0.046345;1647408.0;0.011543;1647408.0;0.24979
5962;barabasi;371797.0;0.047332;371797.0;0.01138;371797.0;0.155799
5962;complete;14868.0;0.044761;14961.0;0.028577;14868.0;0.049594
5962;erdos;114896.0;0.05106;129849.0;0.01244;114896.0;0.221034
5962;regular;2775641.0;0.048556;2775641.0;0.011397;2775641.0;0.171383
5962;watts;2145518.0;0.046156;2145518.0;0.01152;2145518.0;0.283294
5971;barabasi;449532.0;0.047425;449532.0;0.011712;449532.0;0.189229
5971;complete;14504.0;0.047802;14577.0;0.02863;14504.0;0.049753
5971;erdos;99018.0;0.051254;112845.0;0.012437;99018.0;0.1688
5971;regular;33515848.0;0.011724;33515848.0;0.003096;33515848.0;0.965716
5971;watts;1587400.0;0.046447;1587400.0;0.011463;1587400.0;0.262624
5980;barabasi;363896.0;0.04715;363896.0;0.011712;363896.0;0.13998
5980;complete;15203.0;0.044218;15328.0;0.028668;15203.0;0.049827
5980;erdos;131712.0;0.051445;148667.0;0.01263;131712.0;0.204373
5980;regular;2862956.0;0.048863;2862956.0;0.011476;2862956.0;0.17238
5980;watts;1754867.0;0.046086;1754867.0;0.011411;1754867.0;0.252115
5989;barabasi;360486.0;0.048065;360486.0;0.011707;360486.0;0.157171
5989;complete;15178.0;0.047237;15316.0;0.028697;15178.0;0.050072
5989;erdos;115477.0;0.05138;131634.0;0.012422;115477.0;0.16879
5989;regular;3001714.0;0.00338;3001714.0;0.000702;3001714.0;0.107978
5989;watts;1805730.0;0.046815;1805730.0;0.011398;1805730.0;0.300516
5998;complete;15145.0;0.044605;15270.0;0.028728;15145.0;0.050103
5998;erdos;155758.0;0.051761;170851.0;0.012529;155758.0;0.187185
5998;regular;2871885.0;0.049104;2871885.0;0.011271;2871885.0;0.175617
5998;watts;1921228.0;0.047259;1921228.0;0.011787;1921228.0;0.270177
5998;barabasi;433382.0;0.048424;433382.0;0.011956;433382.0;0.140488
6007;barabasi;411564.0;0.048532;411564.0;0.011855;411564.0;0.157802
6007;complete;15101.0;0.047534;15207.0;0.029008;15101.0;0.050224
6007;erdos;120280.0;0.051832;136044.0;0.012669;120280.0;0.205425
6007;regular;448860511.0;0.049078;448860511.0;0.011498;448860511.0;12.815658
6007;watts;1958178.0;0.047266;1958178.0;0.01183;1958178.0;0.251945
6016;barabasi;342097.0;0.048405;342097.0;0.011888;342097.0;0.124696
6016;complete;15184.0;0.044967;15294.0;0.029014;15184.0;0.050456
6016;erdos;117577.0;0.052169;132739.0;0.012527;117577.0;0.169878
6016;regular;2587821.0;0.049641;2587821.0;0.011688;2587821.0;0.173838
6016;watts;1970205.0;0.047236;1970205.0;0.011543;1970205.0;0.287732
6025;barabasi;380481.0;0.048535;380481.0;0.011913;380481.0;0.141862
6025;complete;15216.0;0.044749;15357.0;0.029274;15216.0;0.050501
6025;erdos;119852.0;0.052137;134542.0;0.012459;119852.0;0.188862
6025;regular;450676769.0;0.049551;450676769.0;0.011494;450676769.0;12.566908
6025;watts;1587929.0;0.047554;1587929.0;0.011895;1587929.0;0.268449
6034;barabasi;426195.0;0.048967;426195.0;0.012178;426195.0;0.159004
6034;complete;14954.0;0.045833;15069.0;0.029442;14954.0;0.050535
6034;erdos;120838.0;0.052627;135625.0;0.012695;120838.0;0.171172
6034;regular;3030843.0;0.049779;3030843.0;0.011636;3030843.0;0.173341
6034;watts;1762421.0;0.047642;1762421.0;0.011798;1762421.0;0.254077
6043;watts;1826563.0;0.047529;1826563.0;0.011966;1826563.0;0.302073
6043;barabasi;416065.0;0.049094;416065.0;0.012253;416065.0;0.176396
6043;complete;15358.0;0.044919;15491.0;0.029511;15358.0;0.050776
6043;erdos;124926.0;0.052375;139262.0;0.012655;124926.0;0.190303
6043;regular;258223328.0;0.037687;258223328.0;0.008355;258223328.0;7.266402
6052;barabasi;394002.0;0.049151;394002.0;0.011713;394002.0;0.143438
6052;complete;15474.0;0.048579;15584.0;0.029609;15474.0;0.05093
6052;erdos;118001.0;0.052767;133610.0;0.013155;118001.0;0.190872
6052;regular;2182456.0;0.047231;2182456.0;0.011187;2182456.0;0.150439
6052;watts;1888452.0;0.047914;1888452.0;0.012032;1888452.0;0.291402
6062;watts;1726124.0;0.048024;1726124.0;0.012086;1726124.0;0.258729
6062;barabasi;457671.0;0.049527;457671.0;0.012273;457671.0;0.143381
6062;complete;15292.0;0.045417;15425.0;0.029459;15292.0;0.051038
6062;erdos;140451.0;0.053121;154325.0;0.013079;140451.0;0.21047
6062;regular;2851464.0;0.050472;2851464.0;0.011871;2851464.0;0.210251
6071;barabasi;402405.0;0.049565;402405.0;0.012125;402405.0;0.1609
6071;complete;14993.0;0.048861;15089.0;0.02962;14993.0;0.051148
6071;erdos;121723.0;0.053252;137334.0;0.012996;121723.0;0.191489
6071;regular;12683208.0;0.007305;12683208.0;0.002054;12683208.0;0.371396
6071;watts;1732544.0;0.048268;1732544.0;0.012151;1732544.0;0.291507
6080;barabasi;464423.0;0.049753;464423.0;0.012331;464423.0;0.161371
6080;complete;15266.0;0.048536;15368.0;0.029853;15266.0;0.051873
6080;erdos;112656.0;0.05319;128094.0;0.012871;112656.0;0.192574
6080;regular;2673328.0;0.050741;2673328.0;0.011626;2673328.0;0.225758
6080;watts;1669686.0;0.048285;1669686.0;0.012044;1669686.0;0.272206
6089;erdos;114995.0;0.053403;129974.0;0.012842;114995.0;0.174779
6089;barabasi;427771.0;0.050019;427771.0;0.012027;427771.0;0.144817
6089;complete;15706.0;0.04479;15862.0;0.029818;15706.0;0.051539
6089;regular;259503466.0;0.039073;259503466.0;0.008791;259503466.0;7.999021
6089;watts;1953316.0;0.048648;1953316.0;0.011753;1953316.0;0.344219
6098;barabasi;406316.0;0.050244;406316.0;0.012285;406316.0;0.145667
6098;complete;15300.0;0.049866;15392.0;0.029895;15300.0;0.051836
6098;erdos;121682.0;0.053432;135830.0;0.013266;121682.0;0.21287
6098;regular;2090485.0;0.048196;2090485.0;0.011393;2090485.0;0.187067
6098;watts;1951723.0;0.048678;1951723.0;0.01213;1951723.0;0.260136
6107;erdos;100124.0;0.053634;114240.0;0.012861;100124.0;0.193967
6107;regular;465590378.0;0.051096;465590378.0;0.011785;465590378.0;13.249451
6107;watts;1855034.0;0.048968;1855034.0;0.01246;1855034.0;0.278041
6107;barabasi;458236.0;0.050332;458236.0;0.012632;458236.0;0.197348
6107;complete;15025.0;0.047049;15122.0;0.029924;15025.0;0.051823
6116;barabasi;400781.0;0.049956;400781.0;0.012164;400781.0;0.146632
6116;complete;15342.0;0.046475;15455.0;0.030192;15342.0;0.052019
6116;erdos;113775.0;0.053897;129065.0;0.013128;113775.0;0.194854
6116;regular;2879431.0;0.05156;2879431.0;0.012098;2879431.0;0.198851
6116;watts;1924405.0;0.048958;1924405.0;0.012384;1924405.0;0.330045
6125;erdos;127876.0;0.054026;141913.0;0.013112;127876.0;0.213418
6125;barabasi;401550.0;0.050758;401550.0;0.012532;401550.0;0.14646
6125;complete;15609.0;0.046033;15787.0;0.030186;15609.0;0.052171
6125;regular;65663687.0;0.017582;65663687.0;0.004565;65663687.0;2.002136
6125;watts;1746905.0;0.049271;1746905.0;0.012225;1746905.0;0.278707
6135;barabasi;437067.0;0.050942;437067.0;0.012515;437067.0;0.182002
6135;complete;15449.0;0.046981;15549.0;0.030383;15449.0;0.052394
6135;erdos;124914.0;0.05451;140659.0;0.013365;124914.0;0.215243
6135;regular;354562915.0;0.044793;354562915.0;0.010432;354562915.0;9.968613
6135;watts;1723881.0;0.049392;1723881.0;0.012169;1723881.0;0.279401
6144;barabasi;431667.0;0.051073;431667.0;0.012415;431667.0;0.182702
6144;complete;15074.0;0.047688;15147.0;0.030549;15074.0;0.052521
6144;erdos;102848.0;0.05441;117575.0;0.013362;102848.0;0.196598
6144;regular;2783289.0;0.052151;2783289.0;0.012207;2783289.0;0.185154
6144;watts;1817099.0;0.049667;1817099.0;0.01234;1817099.0;0.335147
6153;barabasi;411355.0;0.050988;411355.0;0.012733;411355.0;0.147641
6153;complete;16232.0;0.044283;16424.0;0.0307;16232.0;0.05265
6153;erdos;103771.0;0.054341;119074.0;0.01307;103771.0;0.196738
6153;regular;232621780.0;0.036796;232621780.0;0.008368;232621780.0;6.754173
6153;watts;1896013.0;0.049789;1896013.0;0.012315;1896013.0;0.282809
6162;barabasi;394049.0;0.050993;394049.0;0.012223;394049.0;0.148622
6162;complete;15725.0;0.046381;15858.0;0.030639;15725.0;0.052836
6162;erdos;120900.0;0.054826;136021.0;0.013089;120900.0;0.179203
6162;regular;2797685.0;0.052499;2797685.0;0.012078;2797685.0;0.196515
6162;watts;1958179.0;0.050065;1958179.0;0.012486;1958179.0;0.230046
6172;barabasi;408680.0;0.051549;408680.0;0.012578;408680.0;0.148648
6172;complete;15627.0;0.047107;15751.0;0.030733;15627.0;0.052986
6172;erdos;114674.0;0.054738;129069.0;0.013192;114674.0;0.179791
6172;regular;2070185.0;0.049394;2070185.0;0.011372;2070185.0;0.163766
6172;watts;1895916.0;0.050333;1895916.0;0.01218;1895916.0;0.248761
6181;barabasi;405838.0;0.051796;405838.0;0.012609;405838.0;0.184283
6181;complete;15600.0;0.051027;15715.0;0.031042;15600.0;0.053197
6181;erdos;108691.0;0.055151;123395.0;0.013452;108691.0;0.198515
6181;regular;471550993.0;0.05251;471550993.0;0.011894;471550993.0;14.227541
6181;watts;1649133.0;0.050172;1649133.0;0.012389;1649133.0;0.262892
6190;barabasi;385742.0;0.051867;385742.0;0.012336;385742.0;0.150299
6190;complete;15629.0;0.051255;15748.0;0.030742;15629.0;0.053192
6190;erdos;110547.0;0.055141;125585.0;0.013487;110547.0;0.201756
6190;regular;2961383.0;0.052983;2961383.0;0.012326;2961383.0;0.223114
6190;watts;1973235.0;0.050315;1973235.0;0.012377;1973235.0;0.268974
6199;barabasi;384608.0;0.051716;384608.0;0.012556;384608.0;0.150146
6199;complete;15692.0;0.050071;15807.0;0.031304;15692.0;0.053829
6199;erdos;127476.0;0.055126;142467.0;0.013328;127476.0;0.18102
6199;regular;76738495.0;0.019558;76738495.0;0.004837;76738495.0;2.264595
6199;watts;2075567.0;0.050399;2075567.0;0.012439;2075567.0;0.322925
6209;barabasi;388727.0;0.051624;388727.0;0.012579;388727.0;0.188186
6209;complete;15905.0;0.046958;16039.0;0.031123;15905.0;0.05372
6209;erdos;106113.0;0.055613;121545.0;0.013448;106113.0;0.220117
6209;regular;479391571.0;0.053121;479391571.0;0.011818;479391571.0;14.068707
6209;watts;1862322.0;0.051114;1862322.0;0.012687;1862322.0;0.270087
6218;barabasi;463224.0;0.052153;463224.0;0.012737;463224.0;0.151144
6218;complete;15572.0;0.048084;15698.0;0.031192;15572.0;0.054023
6218;erdos;153954.0;0.055767;169136.0;0.013321;153954.0;0.201225
6218;regular;2205410.0;0.05019;2205410.0;0.011449;2205410.0;0.189078
6218;watts;2005624.0;0.051013;2005624.0;0.012482;2005624.0;0.324626
6227;barabasi;401167.0;0.052589;401167.0;0.012643;401167.0;0.169358
6227;complete;15919.0;0.050207;16079.0;0.031325;15919.0;0.054023
6227;erdos;118438.0;0.055862;133766.0;0.013522;118438.0;0.202614
6227;regular;216787633.0;0.036296;216787633.0;0.008101;216787633.0;6.804731
6227;watts;1936411.0;0.051078;1936411.0;0.012492;1936411.0;0.255587
6237;barabasi;470433.0;0.052956;470433.0;0.01291;470433.0;0.187757
6237;complete;15629.0;0.048563;15724.0;0.031233;15629.0;0.054107
6237;erdos;120513.0;0.056057;135056.0;0.01333;120513.0;0.202988
6237;regular;391591992.0;0.048666;391591992.0;0.010962;391591992.0;11.719611
6237;watts;1684058.0;0.050939;1684058.0;0.012678;1684058.0;0.288544
6246;barabasi;411349.0;0.052948;411349.0;0.012901;411349.0;0.152327
6246;complete;15627.0;0.051283;15720.0;0.031583;15627.0;0.054465
6246;erdos;134727.0;0.057029;150882.0;0.015793;134727.0;0.204322
6246;regular;2965071.0;0.054414;2965071.0;0.012394;2965071.0;0.168064
6246;watts;1866095.0;0.050913;1866095.0;0.012341;1866095.0;0.345896
6255;erdos;142827.0;0.056387;157812.0;0.013683;142827.0;0.204192
6255;barabasi;432852.0;0.052629;432852.0;0.012629;432852.0;0.170766
6255;complete;15741.0;0.051579;15828.0;0.031619;15741.0;0.054456
6255;regular;478646171.0;0.053103;478646171.0;0.012009;478646171.0;14.05105
6255;watts;1782015.0;0.051648;1782015.0;0.012451;1782015.0;0.310941
6265;barabasi;420138.0;0.053103;420138.0;0.012661;420138.0;0.171591
6265;complete;15809.0;0.05249;15945.0;0.031828;15809.0;0.054601
6265;erdos;101912.0;0.05666;117601.0;0.013573;101912.0;0.184716
6265;regular;2406264.0;0.003218;2406264.0;0.000662;2406264.0;0.100602
6265;watts;1913378.0;0.051741;1913378.0;0.012695;1913378.0;0.310945
6274;erdos;101072.0;0.056728;116562.0;0.013886;101072.0;0.224698
6274;regular;2936436.0;0.054678;2936436.0;0.012861;2936436.0;0.180733
6274;watts;2105779.0;0.051795;2105779.0;0.012531;2105779.0;0.344488
6274;barabasi;463012.0;0.053622;463012.0;0.012984;463012.0;0.171636
6274;complete;15683.0;0.051861;15798.0;0.031834;15683.0;0.054791
6284;barabasi;459976.0;0.053187;459976.0;0.012892;459976.0;0.190454
6284;complete;15724.0;0.052042;15863.0;0.032416;15724.0;0.054872
6284;erdos;121688.0;0.056941;137044.0;0.013836;121688.0;0.185735
6284;regular;2906877.0;0.054643;2906877.0;0.012745;2906877.0;0.211142
6284;watts;2126506.0;0.052231;2126506.0;0.012837;2126506.0;0.330596
6293;erdos;131877.0;0.057202;147301.0;0.014041;131877.0;0.186039
6293;barabasi;401765.0;0.053716;401765.0;0.013102;401765.0;0.17271
6293;complete;15770.0;0.05381;15874.0;0.032051;15770.0;0.055135
6293;regular;503898915.0;0.055356;503898915.0;0.012643;503898915.0;15.275831
6293;watts;2100804.0;0.052316;2100804.0;0.012495;2100804.0;0.296003
6302;barabasi;419603.0;0.053577;419603.0;0.01297;419603.0;0.173338
6302;complete;15845.0;0.04956;15946.0;0.032212;15845.0;0.055239
6302;erdos;150239.0;0.057415;165522.0;0.014059;150239.0;0.207532
6302;regular;3217585.0;0.055048;3217585.0;0.012543;3217585.0;0.188608
6302;watts;1696550.0;0.052421;1696550.0;0.012729;1696550.0;0.27781
6312;barabasi;499129.0;0.054062;499129.0;0.012952;499129.0;0.17368
6312;complete;15690.0;0.052125;15782.0;0.032201;15690.0;0.055324
6312;erdos;105691.0;0.057537;120311.0;0.013878;105691.0;0.189657
6312;regular;3006468.0;0.055597;3006468.0;0.01257;3006468.0;0.188532
6312;watts;1930835.0;0.052934;1930835.0;0.012819;1930835.0;0.262078
6321;barabasi;475133.0;0.054254;475133.0;0.01325;475133.0;0.174164
6321;complete;15841.0;0.052075;15943.0;0.03247;15841.0;0.055739
6321;erdos;113861.0;0.057658;128461.0;0.013897;113861.0;0.208126
6321;regular;1794067.0;0.002709;1794067.0;0.000555;1794067.0;0.077342
6321;watts;1699335.0;0.052708;1699335.0;0.012689;1699335.0;0.315916
6331;barabasi;423209.0;0.054671;423209.0;0.013224;423209.0;0.174741
6331;complete;16053.0;0.052353;16170.0;0.032579;16053.0;0.05577
6331;erdos;109758.0;0.058015;126731.0;0.01401;109758.0;0.228082
6331;regular;431853412.0;0.051838;431853412.0;0.011881;431853412.0;13.107724
6331;watts;1792537.0;0.053182;1792537.0;0.013038;1792537.0;0.299428
6340;barabasi;415822.0;0.054473;415822.0;0.013061;415822.0;0.175245
6340;complete;15813.0;0.050589;15909.0;0.032562;15813.0;0.055951
6340;erdos;111030.0;0.058074;126963.0;0.014193;111030.0;0.23
6340;regular;3164045.0;0.055976;3164045.0;0.012541;3164045.0;0.184152
6340;watts;1837147.0;0.05335;1837147.0;0.013051;1837147.0;0.316007
6350;barabasi;463379.0;0.054522;463379.0;0.01295;463379.0;0.17666
6350;complete;16251.0;0.049261;16408.0;0.032555;16251.0;0.056034
6350;erdos;129098.0;0.058248;144904.0;0.014023;129098.0;0.230268
6350;regular;3118713.0;0.056217;3118713.0;0.012537;3118713.0;0.225793
6350;watts;1657065.0;0.053681;1657065.0;0.012894;1657065.0;0.301593
6359;barabasi;433887.0;0.055219;433887.0;0.013053;433887.0;0.176268
6359;complete;15820.0;0.050658;15926.0;0.032758;15820.0;0.056161
6359;erdos;110639.0;0.058857;126519.0;0.013982;110639.0;0.231274
6359;regular;132551254.0;0.027425;132551254.0;0.006358;132551254.0;4.038183
6359;watts;1828342.0;0.053503;1828342.0;0.013048;1828342.0;0.351348
6369;barabasi;400351.0;0.055424;400351.0;0.013422;400351.0;0.195424
6369;complete;15997.0;0.050633;16102.0;0.03307;15997.0;0.056397
6369;erdos;107153.0;0.058701;122389.0;0.014316;107153.0;0.211327
6369;regular;16763299.0;0.00903;16763299.0;0.002164;16763299.0;0.527307
6369;watts;1973660.0;0.053896;1973660.0;0.012759;1973660.0;0.338993
6378;barabasi;410444.0;0.055485;410444.0;0.013462;410444.0;0.177469
6378;complete;15840.0;0.053243;15928.0;0.03331;15840.0;0.056653
6378;erdos;125620.0;0.058684;140972.0;0.014175;125620.0;0.212114
6378;regular;3009994.0;0.056857;3009994.0;0.01312;3009994.0;0.213176
6378;watts;1777775.0;0.053857;1777775.0;0.013036;1777775.0;0.265882
6388;barabasi;440808.0;0.055607;440808.0;0.013158;440808.0;0.159063
6388;complete;16432.0;0.052666;16550.0;0.033148;16432.0;0.056899
6388;erdos;116956.0;0.058768;133264.0;0.013919;116956.0;0.192202
6388;regular;3065178.0;0.057095;3065178.0;0.013015;3065178.0;0.219437
6388;watts;1931044.0;0.054003;1931044.0;0.012898;1931044.0;0.303974
6398;barabasi;502343.0;0.055578;502343.0;0.013016;502343.0;0.216687
6398;complete;16225.0;0.05056;16372.0;0.033181;16225.0;0.056943
6398;erdos;108461.0;0.059095;122947.0;0.014157;108461.0;0.213689
6398;regular;2029116.0;0.053945;2029116.0;0.012487;2029116.0;0.190124
6398;watts;1805964.0;0.054873;1805964.0;0.012904;1805964.0;0.362323
6407;barabasi;425207.0;0.056033;425207.0;0.013951;425207.0;0.179207
6407;complete;15730.0;0.051826;15802.0;0.033349;15730.0;0.057105
6407;erdos;109770.0;0.059281;125574.0;0.014198;109770.0;0.193743
6407;regular;364789085.0;0.04892;364789085.0;0.01058;364789085.0;11.20522
6407;watts;1961542.0;0.054461;1961542.0;0.013312;1961542.0;0.362917
6417;barabasi;407692.0;0.056617;407692.0;0.01333;407692.0;0.179538
6417;complete;16399.0;0.054457;16554.0;0.033658;16399.0;0.057206
6417;erdos;91684.0;0.059487;107551.0;0.014466;91684.0;0.193963
6417;regular;523234750.0;0.057834;523234750.0;0.01281;523234750.0;15.55021
6417;watts;2391566.0;0.0549;2391566.0;0.013056;2391566.0;0.287895
6426;erdos;145310.0;0.059764;160724.0;0.014643;145310.0;0.215161
6426;barabasi;464437.0;0.056107;464437.0;0.013494;464437.0;0.179911
6426;complete;15947.0;0.053244;16036.0;0.033752;15947.0;0.057452
6426;regular;2709475.0;0.057942;2709475.0;0.012935;2709475.0;0.224025
6426;watts;1754602.0;0.055022;1754602.0;0.013295;1754602.0;0.307125
6436;barabasi;459066.0;0.056593;459066.0;0.01364;459066.0;0.180918
6436;complete;15864.0;0.052134;15934.0;0.033709;15864.0;0.057648
6436;erdos;108832.0;0.060062;123260.0;0.014496;108832.0;0.194669
6436;regular;3312711.0;0.05782;3312711.0;0.013027;3312711.0;0.212512
6436;watts;2000033.0;0.055443;2000033.0;0.012989;2000033.0;0.309596
6446;erdos;134729.0;0.059912;150347.0;0.01467;134729.0;0.216478
6446;regular;2727236.0;0.057994;2727236.0;0.013041;2727236.0;0.256096
6446;watts;2036340.0;0.055199;2036340.0;0.012951;2036340.0;0.310738
6446;barabasi;450672.0;0.056298;450672.0;0.013538;450672.0;0.180954
6446;complete;16130.0;0.055126;16247.0;0.033779;16130.0;0.05796
6455;barabasi;394593.0;0.056872;394593.0;0.013302;394593.0;0.162645
6455;complete;16085.0;0.054466;16155.0;0.033807;16085.0;0.057959
6455;erdos;104713.0;0.060427;120479.0;0.014165;104713.0;0.216429
6455;regular;442622591.0;0.054355;442622591.0;0.011855;442622591.0;13.743022
6455;watts;1781900.0;0.056552;1781900.0;0.013763;1781900.0;0.330895
6465;erdos;120660.0;0.060393;137176.0;0.0149;120660.0;0.239207
6465;barabasi;503764.0;0.057073;503764.0;0.013786;503764.0;0.162913
6465;complete;16058.0;0.052422;16145.0;0.03392;16058.0;0.05812
6465;regular;3601060.0;0.00417;3601060.0;0.000832;3601060.0;0.147323
6465;watts;2220893.0;0.055962;2220893.0;0.013004;2220893.0;0.388822
6475;barabasi;405186.0;0.057267;405186.0;0.013638;405186.0;0.182954
6475;complete;16418.0;0.05169;16532.0;0.034076;16418.0;0.058371
6475;erdos;101341.0;0.060829;116758.0;0.014872;101341.0;0.239739
6475;regular;508848687.0;0.05784;508848687.0;0.012677;508848687.0;15.357403
6475;watts;2272497.0;0.056059;2272497.0;0.013412;2272497.0;0.293046
6484;barabasi;466732.0;0.057595;466732.0;0.013749;466732.0;0.16385
6484;complete;16288.0;0.052242;16389.0;0.034221;16288.0;0.058442
6484;erdos;132263.0;0.060891;147238.0;0.014549;132263.0;0.197805
6484;regular;2949624.0;0.059942;2949624.0;0.013152;2949624.0;0.294365
6484;watts;2234531.0;0.056301;2234531.0;0.013644;2234531.0;0.314256
6494;barabasi;445636.0;0.057622;445636.0;0.013544;445636.0;0.203323
6494;complete;16183.0;0.057051;16293.0;0.034378;16183.0;0.05869
6494;erdos;125303.0;0.060955;141755.0;0.014491;125303.0;0.220912
6494;regular;1692145.0;0.055415;1692145.0;0.012643;1692145.0;0.196872
6494;watts;1943551.0;0.056199;1943551.0;0.013578;1943551.0;0.276286
6504;barabasi;460739.0;0.057791;460739.0;0.013915;460739.0;0.203728
6504;complete;15972.0;0.053473;16058.0;0.034516;15972.0;0.059149
6504;erdos;107438.0;0.06116;123568.0;0.015002;107438.0;0.198561
6504;regular;2912044.0;0.05936;2912044.0;0.013478;2912044.0;0.199236
6504;watts;2186745.0;0.056435;2186745.0;0.013442;2186745.0;0.314898
6514;barabasi;399471.0;0.058005;399471.0;0.013773;399471.0;0.185043
6514;complete;15674.0;0.057006;15727.0;0.034553;15674.0;0.059043
6514;erdos;109569.0;0.06139;124969.0;0.014806;109569.0;0.221061
6514;regular;2937755.0;0.05971;2937755.0;0.013531;2937755.0;0.220709
6514;watts;1873225.0;0.056841;1873225.0;0.0135;1873225.0;0.315217
6523;barabasi;481338.0;0.058202;481338.0;0.013678;481338.0;0.224421
6523;complete;15816.0;0.055892;15860.0;0.034616;15816.0;0.059269
6523;erdos;114139.0;0.061696;130245.0;0.014801;114139.0;0.221797
6523;regular;302912819.0;0.046382;302912819.0;0.009819;302912819.0;9.550348
6523;watts;2075979.0;0.056889;2075979.0;0.01378;2075979.0;0.267276
6533;barabasi;413980.0;0.058395;413980.0;0.013783;413980.0;0.186106
6533;complete;16320.0;0.057516;16387.0;0.034867;16320.0;0.059462
6533;erdos;113699.0;0.061868;128546.0;0.015011;113699.0;0.201171
6533;regular;362789390.0;0.050094;362789390.0;0.011019;362789390.0;11.125785
6533;watts;1850087.0;0.05704;1850087.0;0.013769;1850087.0;0.33408
6543;barabasi;413584.0;0.059047;413584.0;0.014201;413584.0;0.18638
6543;complete;15817.0;0.054127;15872.0;0.035277;15817.0;0.061065
6543;erdos;103568.0;0.06173;118658.0;0.01486;103568.0;0.223101
6543;regular;255236285.0;0.042252;255236285.0;0.009342;255236285.0;7.919172
6543;watts;2196458.0;0.057588;2196458.0;0.013713;2196458.0;0.314865
6553;barabasi;406140.0;0.059262;406140.0;0.014164;406140.0;0.167151
6553;complete;16514.0;0.05317;16593.0;0.035113;16514.0;0.059826
6553;erdos;100819.0;0.062101;115592.0;0.015074;100819.0;0.202559
6553;regular;451897160.0;0.055917;451897160.0;0.012225;451897160.0;13.907407
6553;watts;1892042.0;0.057393;1892042.0;0.01349;1892042.0;0.320775
6563;barabasi;433132.0;0.05865;433132.0;0.013918;433132.0;0.188015
6563;complete;15629.0;0.054462;15669.0;0.035042;15629.0;0.060088
6563;erdos;119473.0;0.062246;135409.0;0.014853;119473.0;0.202807
6563;regular;19784105.0;0.010217;19784105.0;0.0024;19784105.0;0.642773
6563;watts;1948518.0;0.057535;1948518.0;0.013968;1948518.0;0.319955
6573;barabasi;424589.0;0.059277;424589.0;0.013987;424589.0;0.188514
6573;complete;15878.0;0.054525;15951.0;0.035463;15878.0;0.06015
6573;erdos;107082.0;0.062543;122322.0;0.015046;107082.0;0.203343
6573;regular;273203702.0;0.043932;273203702.0;0.009494;273203702.0;8.639483
6573;watts;1773480.0;0.057832;1773480.0;0.013894;1773480.0;0.341791
6582;barabasi;454105.0;0.059332;454105.0;0.014129;454105.0;0.20851
6582;complete;16012.0;0.057305;16085.0;0.035358;16012.0;0.060222
6582;erdos;128986.0;0.062726;144720.0;0.014958;128986.0;0.226467
6582;regular;3101887.0;0.060917;3101887.0;0.013626;3101887.0;0.204651
6582;watts;2284279.0;0.057708;2284279.0;0.013867;2284279.0;0.324129
6592;barabasi;427711.0;0.059243;427711.0;0.014217;427711.0;0.16929
6592;complete;16191.0;0.059663;16282.0;0.03599;16191.0;0.060511
6592;erdos;114125.0;0.062961;130812.0;0.015142;114125.0;0.248431
6592;regular;1927519.0;0.057585;1927519.0;0.013247;1927519.0;0.19555
6592;watts;2306049.0;0.057432;2306049.0;0.013938;2306049.0;0.304594
6602;barabasi;489323.0;0.059612;489323.0;0.014226;489323.0;0.210188
6602;complete;16990.0;0.052612;17129.0;0.035809;16990.0;0.060703
6602;erdos;140201.0;0.062992;156088.0;0.014987;140201.0;0.204292
6602;regular;2909232.0;0.06112;2909232.0;0.013633;2909232.0;0.239539
6602;watts;1670634.0;0.057887;1670634.0;0.013699;1670634.0;0.320502
6612;barabasi;502906.0;0.059152;502906.0;0.014191;502906.0;0.211191
6612;complete;16360.0;0.054994;16450.0;0.035631;16360.0;0.06101
6612;erdos;103623.0;0.063183;121019.0;0.015032;103623.0;0.228426
6612;regular;2883574.0;0.060937;2883574.0;0.013937;2883574.0;0.246813
6612;watts;2108997.0;0.057709;2108997.0;0.014022;2108997.0;0.326366
6622;barabasi;486686.0;0.059985;486686.0;0.014273;486686.0;0.170826
6622;complete;16212.0;0.060557;16297.0;0.036105;16212.0;0.061032
6622;erdos;111776.0;0.063368;127788.0;0.015168;111776.0;0.206623
6622;regular;1771518.0;0.057963;1771518.0;0.012899;1771518.0;0.207882
6622;watts;1766208.0;0.058744;1766208.0;0.013974;1766208.0;0.303541
6632;barabasi;449116.0;0.060322;449116.0;0.014463;449116.0;0.171435
6632;complete;16321.0;0.058066;16392.0;0.035974;16321.0;0.061091
6632;erdos;134779.0;0.063883;151261.0;0.015535;134779.0;0.229672
6632;regular;3103980.0;0.061902;3103980.0;0.013722;3103980.0;0.281415
6632;watts;2093164.0;0.059032;2093164.0;0.013985;2093164.0;0.327771
6642;barabasi;459505.0;0.060499;459505.0;0.014127;459505.0;0.171677
6642;complete;16766.0;0.054104;16872.0;0.036349;16766.0;0.06149
6642;erdos;126601.0;0.063885;142736.0;0.015331;126601.0;0.208233
6642;regular;3098712.0;0.062423;3098712.0;0.017117;3098712.0;0.22678
6642;watts;1798471.0;0.058944;1798471.0;0.014297;1798471.0;0.316198
6652;barabasi;474882.0;0.060898;474882.0;0.01456;474882.0;0.192639
6652;complete;16929.0;0.059299;17050.0;0.036187;16929.0;0.061594
6652;erdos;116221.0;0.064287;132545.0;0.015398;116221.0;0.252935
6652;regular;3265208.0;0.062487;3265208.0;0.013913;3265208.0;0.20939
6652;watts;2049291.0;0.059384;2049291.0;0.014146;2049291.0;0.329026
6662;complete;16508.0;0.055767;16596.0;0.036311;16508.0;0.06165
6662;erdos;119812.0;0.064357;135114.0;0.015297;119812.0;0.209614
6662;regular;3284977.0;0.062698;3284977.0;0.013864;3284977.0;0.242312
6662;watts;1927645.0;0.059371;1927645.0;0.013843;1927645.0;0.330752
6662;barabasi;500105.0;0.06095;500105.0;0.014305;500105.0;0.234255
6672;barabasi;518811.0;0.061117;518811.0;0.014621;518811.0;0.214378
6672;complete;16465.0;0.056188;16556.0;0.036522;16465.0;0.062022
6672;erdos;153003.0;0.064712;168799.0;0.015244;153003.0;0.210387
6672;regular;3095867.0;0.062566;3095867.0;0.014159;3095867.0;0.251723
6672;watts;1824721.0;0.060069;1824721.0;0.014354;1824721.0;0.34935
6682;barabasi;447338.0;0.060896;447338.0;0.014682;447338.0;0.214979
6682;complete;16415.0;0.056218;16484.0;0.036769;16415.0;0.06204
6682;erdos;128479.0;0.064517;144925.0;0.015456;128479.0;0.232412
6682;regular;3313057.0;0.062972;3313057.0;0.014301;3313057.0;0.260692
6682;watts;2324729.0;0.059836;2324729.0;0.014242;2324729.0;0.35024
6692;barabasi;499648.0;0.061264;499648.0;0.014531;499648.0;0.195344
6692;complete;16151.0;0.056237;16202.0;0.036661;16151.0;0.06266
6692;erdos;116346.0;0.064908;132872.0;0.015732;116346.0;0.23366
6692;regular;3176749.0;0.06245;3176749.0;0.014072;3176749.0;0.22424
6692;watts;2075927.0;0.059945;2075927.0;0.014436;2075927.0;0.328542
6702;barabasi;482636.0;0.060953;482636.0;0.014261;482636.0;0.196077
6702;complete;16446.0;0.06144;16509.0;0.036757;16446.0;0.062583
6702;erdos;109529.0;0.065137;125360.0;0.015621;109529.0;0.234384
6702;regular;2445674.0;0.059168;2445674.0;0.013047;2445674.0;0.204145
6702;watts;1866514.0;0.05932;1866514.0;0.014161;1866514.0;0.315313
6712;barabasi;448590.0;0.061027;448590.0;0.014441;448590.0;0.196984
6712;complete;16578.0;0.056862;16664.0;0.036898;16578.0;0.062744
6712;erdos;117763.0;0.065365;133404.0;0.015536;117763.0;0.212412
6712;regular;3595081.0;0.0629;3595081.0;0.014046;3595081.0;0.230046
6712;watts;1988852.0;0.059079;1988852.0;0.013935;1988852.0;0.394924
6722;barabasi;497427.0;0.060831;497427.0;0.014633;497427.0;0.197404
6722;complete;17020.0;0.060696;17137.0;0.037151;17020.0;0.062953
6722;erdos;113996.0;0.065377;132155.0;0.015555;113996.0;0.281914
6722;regular;3276029.0;0.063085;3276029.0;0.014433;3276029.0;0.251232
6722;watts;2234326.0;0.059733;2234326.0;0.014363;2234326.0;0.338611
6732;barabasi;455178.0;0.060903;455178.0;0.014601;455178.0;0.219035
6732;complete;16696.0;0.062165;16764.0;0.037305;16696.0;0.063033
6732;erdos;147630.0;0.06593;164848.0;0.015845;147630.0;0.2354
6732;regular;3292775.0;0.062865;3292775.0;0.014502;3292775.0;0.25812
6732;watts;2393671.0;0.059251;2393671.0;0.014573;2393671.0;0.371516
6742;barabasi;498458.0;0.061172;498458.0;0.014914;498458.0;0.198447
6742;complete;16893.0;0.056647;16999.0;0.037188;16893.0;0.0632
6742;erdos;122419.0;0.066012;138538.0;0.016009;122419.0;0.214443
6742;regular;3310734.0;0.063236;3310734.0;0.014016;3310734.0;0.23249
6742;watts;1953165.0;0.059184;1953165.0;0.01439;1953165.0;0.32016
6752;barabasi;427260.0;0.061274;427260.0;0.015156;427260.0;0.178211
6752;complete;16505.0;0.0576;16557.0;0.037507;16505.0;0.06349
6752;erdos;119231.0;0.066142;135903.0;0.015785;119231.0;0.237095
6752;regular;1976352.0;0.058936;1976352.0;0.013655;1976352.0;0.194249
6752;watts;2062111.0;0.059534;2062111.0;0.01458;2062111.0;0.279028
6762;barabasi;649118.0;0.061439;649118.0;0.01503;649118.0;0.242019
6762;complete;16882.0;0.061449;16973.0;0.037509;16882.0;0.063782
6762;erdos;126598.0;0.066379;142513.0;0.015635;126598.0;0.239273
6762;regular;2187308.0;0.060056;2187308.0;0.013479;2187308.0;0.215039
6762;watts;2268572.0;0.059855;2268572.0;0.014502;2268572.0;0.337873
6773;barabasi;464375.0;0.061315;464375.0;0.014704;464375.0;0.200908
6773;complete;16729.0;0.058059;16800.0;0.037832;16729.0;0.064032
6773;erdos;121156.0;0.066706;137422.0;0.015737;121156.0;0.262514
6773;regular;69341876.0;0.019814;69341876.0;0.004902;69341876.0;2.327549
6773;watts;2042760.0;0.060071;2042760.0;0.014693;2042760.0;0.338731
6783;barabasi;456956.0;0.061336;456956.0;0.014771;456956.0;0.18088
6783;complete;16861.0;0.05775;16959.0;0.037999;16861.0;0.064016
6783;erdos;144499.0;0.066537;160707.0;0.016231;144499.0;0.241763
6783;regular;343183919.0;0.049676;343183919.0;0.011209;343183919.0;11.41498
6783;watts;2019533.0;0.06016;2019533.0;0.01476;2019533.0;0.301977
6793;barabasi;444609.0;0.061948;444609.0;0.015393;444609.0;0.201673
6793;complete;17183.0;0.057083;17310.0;0.038157;17183.0;0.064333
6793;erdos;119142.0;0.06717;136974.0;0.015979;119142.0;0.26721
6793;regular;130086620.0;0.02811;130086620.0;0.006672;130086620.0;4.291561
6793;watts;2213522.0;0.060386;2213522.0;0.014662;2213522.0;0.423636
6803;barabasi;453150.0;0.061994;453150.0;0.014865;453150.0;0.180898
6803;complete;16714.0;0.062653;16781.0;0.038396;16714.0;0.064495
6803;erdos;126525.0;0.067231;142758.0;0.016224;126525.0;0.243059
6803;regular;535310526.0;0.06117;535310526.0;0.013571;535310526.0;16.937705
6803;watts;2145396.0;0.060302;2145396.0;0.014571;2145396.0;0.347325
6813;barabasi;527081.0;0.062468;527081.0;0.015214;527081.0;0.20278
6813;complete;16885.0;0.058435;16949.0;0.038226;16885.0;0.064728
6813;erdos;107217.0;0.067388;122947.0;0.015922;107217.0;0.219438
6813;regular;317796864.0;0.048162;317796864.0;0.010491;317796864.0;10.65348
6813;watts;2106989.0;0.061074;2106989.0;0.014937;2106989.0;0.391704
6823;barabasi;426127.0;0.062907;426127.0;0.015289;426127.0;0.203538
6823;complete;17450.0;0.060822;17591.0;0.038245;17450.0;0.064852
6823;erdos;120223.0;0.067868;136871.0;0.016058;120223.0;0.266402
6823;regular;539215864.0;0.061901;539215864.0;0.013541;539215864.0;17.692042
6823;watts;1986503.0;0.060815;1986503.0;0.015086;1986503.0;0.349016
6834;complete;17169.0;0.062131;17260.0;0.038248;17169.0;0.064918
6834;erdos;116825.0;0.067779;133644.0;0.016243;116825.0;0.243201
6834;regular;3038919.0;0.061161;3038919.0;0.013843;3038919.0;0.256924
6834;watts;2144948.0;0.061235;2144948.0;0.014937;2144948.0;0.391429
6834;barabasi;455364.0;0.062975;455364.0;0.015064;455364.0;0.182607
6844;barabasi;551795.0;0.06297;551795.0;0.014977;551795.0;0.183825
6844;complete;16978.0;0.062195;17055.0;0.038576;16978.0;0.06522
6844;erdos;125171.0;0.067963;141869.0;0.016193;125171.0;0.291691
6844;regular;3307525.0;0.064784;3307525.0;0.014549;3307525.0;0.263406
6844;watts;2112298.0;0.061418;2112298.0;0.015542;2112298.0;0.325859
6854;barabasi;461547.0;0.063514;461547.0;0.01516;461547.0;0.205478
6854;complete;16644.0;0.061451;16723.0;0.039763;16644.0;0.06535
6854;erdos;107037.0;0.067952;123385.0;0.01618;107037.0;0.221597
6854;regular;0.0;2.6e-05;0.0;9e-06;0.0;0.031394
6854;watts;2314399.0;0.06139;2314399.0;0.01473;2314399.0;0.374164
6864;barabasi;422887.0;0.06332;422887.0;0.015217;422887.0;0.205903
6864;complete;17712.0;0.056781;17850.0;0.03867;17712.0;0.065539
6864;erdos;107867.0;0.068573;124404.0;0.016324;107867.0;0.245768
6864;regular;3126187.0;0.065373;3126187.0;0.015034;3126187.0;0.218627
6864;watts;2111878.0;0.061678;2111878.0;0.015178;2111878.0;0.352361
6875;barabasi;498183.0;0.063281;498183.0;0.015317;498183.0;0.228417
6875;complete;17190.0;0.059183;17262.0;0.039009;17190.0;0.066099
6875;erdos;124494.0;0.068693;140377.0;0.016231;124494.0;0.223042
6875;regular;230902237.0;0.040556;230902237.0;0.009227;230902237.0;7.81334
6875;watts;2160757.0;0.062246;2160757.0;0.014886;2160757.0;0.331575
6885;complete;16801.0;0.063807;16868.0;0.039175;16801.0;0.066205
6885;erdos;125714.0;0.069025;142992.0;0.016265;125714.0;0.24731
6885;regular;412981277.0;0.055816;412981277.0;0.012245;412981277.0;13.489455
6885;watts;2339412.0;0.062242;2339412.0;0.014998;2339412.0;0.396104
6885;barabasi;476503.0;0.06399;476503.0;0.015577;476503.0;0.228793
6895;barabasi;443075.0;0.06399;443075.0;0.015529;443075.0;0.207744
6895;complete;16959.0;0.063554;17022.0;0.039437;16959.0;0.066328
6895;erdos;118592.0;0.068888;136077.0;0.016345;118592.0;0.247956
6895;regular;6050867.0;0.005545;6050867.0;0.001223;6050867.0;0.229634
6895;watts;2391586.0;0.062281;2391586.0;0.015139;2391586.0;0.378646
6906;barabasi;479050.0;0.063736;479050.0;0.015511;479050.0;0.208243
6906;complete;16903.0;0.060175;16989.0;0.039677;16903.0;0.066422
6906;erdos;158068.0;0.06943;173630.0;0.016346;158068.0;0.225371
6906;regular;3328750.0;0.066173;3328750.0;0.014997;3328750.0;0.269097
6906;watts;1952366.0;0.062328;1952366.0;0.015027;1952366.0;0.378764
6916;barabasi;459576.0;0.064309;459576.0;0.015403;459576.0;0.20932
6916;complete;17315.0;0.062141;17410.0;0.03991;17315.0;0.0666
6916;erdos;114232.0;0.069719;131079.0;0.016623;114232.0;0.249336
6916;regular;3495328.0;0.066527;3495328.0;0.01517;3495328.0;0.268248
6916;watts;2338133.0;0.062932;2338133.0;0.015066;2338133.0;0.337754
6926;barabasi;656288.0;0.065622;656288.0;0.016336;656288.0;0.23207
6926;complete;16995.0;0.062962;17073.0;0.039462;16995.0;0.066838
6926;erdos;109767.0;0.069765;126761.0;0.016395;109767.0;0.2748
6926;regular;3319086.0;0.066625;3319086.0;0.015079;3319086.0;0.224943
6926;watts;2219192.0;0.062666;2219192.0;0.01501;2219192.0;0.361446
6937;barabasi;436049.0;0.064653;436049.0;0.015445;436049.0;0.210774
6937;complete;17092.0;0.060604;17163.0;0.039517;17092.0;0.067186
6937;erdos;118783.0;0.069748;134127.0;0.016616;118783.0;0.274826
6937;regular;14189.0;0.000248;14189.0;6e-05;14189.0;0.032777
6937;watts;2398106.0;0.062877;2398106.0;0.015179;2398106.0;0.337998
6947;barabasi;425368.0;0.065014;425368.0;0.015501;425368.0;0.188646
6947;complete;17682.0;0.059084;17781.0;0.039582;17682.0;0.067248
6947;erdos;118911.0;0.070297;135914.0;0.016545;118911.0;0.22834
6947;regular;342297780.0;0.051404;342297780.0;0.011018;342297780.0;11.459945
6947;watts;2238770.0;0.063207;2238770.0;0.015208;2238770.0;0.384946
6958;barabasi;458317.0;0.065156;458317.0;0.015356;458317.0;0.212115
6958;complete;16792.0;0.065102;16837.0;0.040032;16792.0;0.067445
6958;erdos;128638.0;0.070361;145027.0;0.016518;128638.0;0.228281
6958;regular;3539997.0;0.067517;3539997.0;0.015171;3539997.0;0.273036
6958;watts;1941663.0;0.063269;1941663.0;0.015147;1941663.0;0.362032
6968;regular;3527614.0;0.067594;3527614.0;0.015102;3527614.0;0.217351
6968;watts;2567658.0;0.063739;2567658.0;0.015294;2567658.0;0.361146
6968;erdos;121815.0;0.070556;138225.0;0.016732;121815.0;0.253199
6968;barabasi;429770.0;0.065463;429770.0;0.015513;429770.0;0.212373
6968;complete;17139.0;0.064887;17221.0;0.040139;17139.0;0.067745
6979;barabasi;479516.0;0.065386;479516.0;0.015557;479516.0;0.213295
6979;complete;17457.0;0.066668;17563.0;0.040087;17457.0;0.067974
6979;erdos;120179.0;0.070763;135984.0;0.016676;120179.0;0.255884
6979;regular;224652636.0;0.040779;224652636.0;0.009186;224652636.0;7.469422
6979;watts;1957041.0;0.063911;1957041.0;0.015582;1957041.0;0.341744
6989;barabasi;428177.0;0.065525;428177.0;0.015695;428177.0;0.191135
6989;complete;17059.0;0.065106;17132.0;0.040365;17059.0;0.067994
6989;erdos;112689.0;0.071079;130426.0;0.016724;112689.0;0.255085
6989;regular;474534336.0;0.060676;474534336.0;0.01332;474534336.0;15.598338
6989;watts;1803898.0;0.063734;1803898.0;0.015459;1803898.0;0.34386
7000;barabasi;440479.0;0.066403;440479.0;0.015809;440479.0;0.214424
7000;complete;17223.0;0.067717;17326.0;0.040589;17223.0;0.068284
7000;erdos;148800.0;0.071126;165305.0;0.016845;148800.0;0.255724
7000;regular;3257216.0;0.068538;3257216.0;0.015253;3257216.0;0.270096
7000;watts;2050386.0;0.064649;2050386.0;0.015443;2050386.0;0.345851
7010;complete;17445.0;0.06664;17538.0;0.040739;17445.0;0.068631
7010;erdos;110212.0;0.07176;125969.0;0.016846;110212.0;0.231767
7010;regular;3435960.0;0.068716;3435960.0;0.015659;3435960.0;0.261736
7010;watts;2322593.0;0.065024;2322593.0;0.015662;2322593.0;0.434254
7010;barabasi;566298.0;0.066629;566298.0;0.015973;566298.0;0.192119
7021;barabasi;508811.0;0.066862;508811.0;0.016138;508811.0;0.215271
7021;complete;17125.0;0.062239;17183.0;0.040812;17125.0;0.068712
7021;erdos;120503.0;0.071811;136523.0;0.017072;120503.0;0.232844
7021;regular;230750893.0;0.041767;230750893.0;0.009178;230750893.0;7.815
7021;watts;2178601.0;0.06474;2178601.0;0.015606;2178601.0;0.32307
7031;barabasi;478998.0;0.066812;478998.0;0.015995;478998.0;0.193148
7031;complete;17033.0;0.062149;17098.0;0.040762;17033.0;0.069084
7031;erdos;114795.0;0.072242;130995.0;0.016961;114795.0;0.257497
7031;regular;535678870.0;0.06463;535678870.0;0.014105;535678870.0;18.416672
7031;watts;2070258.0;0.064752;2070258.0;0.015575;2070258.0;0.380589
7042;barabasi;556480.0;0.066917;556480.0;0.015748;556480.0;0.217132
7042;complete;17155.0;0.067086;17237.0;0.041129;17155.0;0.069084
7042;erdos;108065.0;0.072369;125031.0;0.017265;108065.0;0.233288
7042;regular;1908297.0;0.065782;1908297.0;0.014686;1908297.0;0.232078
7042;watts;2132305.0;0.065569;2132305.0;0.01585;2132305.0;0.393075
7052;barabasi;434294.0;0.067474;434294.0;0.016194;434294.0;0.19433
7052;complete;17418.0;0.066739;17486.0;0.040987;17418.0;0.069164
7052;erdos;129015.0;0.072558;145378.0;0.017314;129015.0;0.259807
7052;regular;3414547.0;0.069975;3414547.0;0.015489;3414547.0;0.279246
7052;watts;2069813.0;0.065353;2069813.0;0.015664;2069813.0;0.349082
7063;barabasi;583064.0;0.068392;583064.0;0.016281;583064.0;0.217938
7063;complete;17296.0;0.06767;17348.0;0.041356;17296.0;0.069611
7063;erdos;109836.0;0.072652;126902.0;0.017116;109836.0;0.259682
7063;regular;21967285.0;0.011226;21967285.0;0.002983;21967285.0;0.76492
7063;watts;2112717.0;0.066158;2112717.0;0.015894;2112717.0;0.393698
7073;barabasi;482677.0;0.068368;482677.0;0.015904;482677.0;0.241729
7073;complete;17689.0;0.06789;17801.0;0.041353;17689.0;0.070098
7073;erdos;116875.0;0.072992;134204.0;0.017136;116875.0;0.260665
7073;regular;560044547.0;0.066242;560044547.0;0.014342;560044547.0;18.871885
7073;watts;2264409.0;0.065916;2264409.0;0.016051;2264409.0;0.350434
7084;barabasi;452297.0;0.068612;452297.0;0.016197;452297.0;0.242591
7084;complete;17578.0;0.066798;17644.0;0.041266;17578.0;0.069955
7084;erdos;109326.0;0.073137;126753.0;0.017491;109326.0;0.261471
7084;regular;3171860.0;0.07037;3171860.0;0.015637;3171860.0;0.265523
7084;watts;2072382.0;0.066676;2072382.0;0.01598;2072382.0;0.349023
7095;watts;2114774.0;0.066723;2114774.0;0.01608;2114774.0;0.376762
7095;barabasi;430012.0;0.068603;430012.0;0.016053;430012.0;0.19678
7095;complete;17462.0;0.063454;17546.0;0.041653;17462.0;0.070096
7095;erdos;116773.0;0.073484;133872.0;0.0173;116773.0;0.264497
7095;regular;293102028.0;0.048612;293102028.0;0.010762;293102028.0;10.030789
7105;barabasi;443192.0;0.068935;443192.0;0.016503;443192.0;0.220409
7105;complete;17394.0;0.068624;17466.0;0.04192;17394.0;0.070276
7105;erdos;127777.0;0.07394;144545.0;0.017326;127777.0;0.264864
7105;regular;311411177.0;0.050103;311411177.0;0.010813;311411177.0;10.294196
7105;watts;2086656.0;0.066992;2086656.0;0.015849;2086656.0;0.400717
7116;barabasi;452636.0;0.068699;452636.0;0.016363;452636.0;0.221173
7116;complete;17746.0;0.067316;17856.0;0.042133;17746.0;0.070433
7116;erdos;114181.0;0.073874;130230.0;0.017455;114181.0;0.26479
7116;regular;3520988.0;0.071384;3520988.0;0.015865;3520988.0;0.241324
7116;watts;2178208.0;0.067114;2178208.0;0.016189;2178208.0;0.380063
7127;barabasi;477675.0;0.069081;477675.0;0.016188;477675.0;0.198266
7127;complete;17949.0;0.063187;18038.0;0.04197;17949.0;0.070775
7127;erdos;121659.0;0.074336;139615.0;0.017364;121659.0;0.291225
7127;regular;515708791.0;0.064435;515708791.0;0.014061;515708791.0;17.590456
7127;watts;2273288.0;0.067556;2273288.0;0.015997;2273288.0;0.439713
7137;barabasi;496496.0;0.069321;496496.0;0.016342;496496.0;0.222719
7137;complete;17926.0;0.069906;18018.0;0.042358;17926.0;0.07107
7137;erdos;111745.0;0.074386;127741.0;0.017376;111745.0;0.316766
7137;regular;127508729.0;0.029841;127508729.0;0.006984;127508729.0;4.356598
7137;watts;1930968.0;0.067636;1930968.0;0.016369;1930968.0;0.404832
7148;regular;2693662.0;0.069168;2693662.0;0.015797;2693662.0;0.23531
7148;watts;2377610.0;0.06785;2377610.0;0.016341;2377610.0;0.454239
7148;erdos;144863.0;0.074432;161909.0;0.017618;144863.0;0.266442
7148;barabasi;491171.0;0.07016;491171.0;0.016487;491171.0;0.247191
7148;complete;17840.0;0.070177;17921.0;0.042393;17840.0;0.07128
7159;barabasi;491384.0;0.069713;491384.0;0.016339;491384.0;0.223973
7159;complete;18235.0;0.062501;18344.0;0.042707;18235.0;0.071506
7159;erdos;121660.0;0.074578;138838.0;0.017385;121660.0;0.267911
7159;regular;544043309.0;0.066872;544043309.0;0.014413;544043309.0;18.268016
7159;watts;2092429.0;0.068231;2092429.0;0.016453;2092429.0;0.381428
7169;erdos;129424.0;0.074932;146226.0;0.017779;129424.0;0.294421
7169;barabasi;456635.0;0.070139;456635.0;0.016722;456635.0;0.247825
7169;complete;17227.0;0.068521;17275.0;0.042785;17227.0;0.071423
7169;regular;481996008.0;0.063876;481996008.0;0.013752;481996008.0;16.828213
7169;watts;2551034.0;0.068525;2551034.0;0.016307;2551034.0;0.402175
7180;barabasi;498575.0;0.070541;498575.0;0.016766;498575.0;0.20108
7180;complete;17506.0;0.070331;17552.0;0.042745;17506.0;0.071627
7180;erdos;120749.0;0.075725;138615.0;0.017793;120749.0;0.243865
7180;regular;3540221.0;0.072945;3540221.0;0.016297;3540221.0;0.262667
7180;watts;2244373.0;0.068835;2244373.0;0.016181;2244373.0;0.409659
7191;complete;17368.0;0.06542;17427.0;0.042939;17368.0;0.071855
7191;erdos;152375.0;0.075779;169318.0;0.017975;152375.0;0.270101
7191;regular;47276155.0;0.016908;47276155.0;0.004241;47276155.0;1.585182
7191;watts;2450618.0;0.068984;2450618.0;0.01657;2450618.0;0.354703
7191;barabasi;510176.0;0.070555;510176.0;0.016832;510176.0;0.225577
7202;barabasi;485865.0;0.071137;485865.0;0.016868;485865.0;0.250028
7202;complete;17814.0;0.071019;17887.0;0.043285;17814.0;0.07233
7202;erdos;143869.0;0.075515;161130.0;0.01782;143869.0;0.296912
7202;regular;3639724.0;0.073595;3639724.0;0.016195;3639724.0;0.266959
7202;watts;2447687.0;0.069124;2447687.0;0.016468;2447687.0;0.477154
7213;barabasi;495010.0;0.071733;495010.0;0.017044;495010.0;0.226844
7213;complete;17717.0;0.070938;17795.0;0.043509;17717.0;0.072449
7213;erdos;115513.0;0.076059;131943.0;0.017802;115513.0;0.270984
7213;regular;984860.0;0.002209;984860.0;0.000564;984860.0;0.068899
7213;watts;2091775.0;0.069412;2091775.0;0.016305;2091775.0;0.341277
7223;barabasi;465420.0;0.071623;465420.0;0.016901;465420.0;0.227718
7223;complete;17760.0;0.065696;17823.0;0.043472;17760.0;0.072711
7223;erdos;113145.0;0.076186;130361.0;0.017767;113145.0;0.24575
7223;regular;392738000.0;0.058444;392738000.0;0.01256;392738000.0;13.515263
7223;watts;2455216.0;0.069192;2455216.0;0.016287;2455216.0;0.389537
7234;barabasi;450484.0;0.071574;450484.0;0.0169;450484.0;0.228157
7234;complete;17001.0;0.065841;17038.0;0.04363;17001.0;0.072778
7234;erdos;104695.0;0.076467;122043.0;0.018061;104695.0;0.27285
7234;regular;3706418.0;0.074206;3706418.0;0.016372;3706418.0;0.261833
7234;watts;2146144.0;0.069786;2146144.0;0.016784;2146144.0;0.342699
7245;barabasi;447659.0;0.071708;447659.0;0.016832;447659.0;0.255973
7245;complete;17817.0;0.072285;17901.0;0.043972;17817.0;0.074341
7245;erdos;119735.0;0.076539;136695.0;0.018292;119735.0;0.273859
7245;regular;659140711.0;0.074677;659140711.0;0.016148;659140711.0;22.395499
7245;watts;2590423.0;0.070081;2590423.0;0.016522;2590423.0;0.416928
7256;barabasi;494591.0;0.07218;494591.0;0.016818;494591.0;0.205217
7256;complete;17961.0;0.071607;18061.0;0.043821;17961.0;0.07347
7256;erdos;116892.0;0.076748;134524.0;0.018191;116892.0;0.273898
7256;regular;2018369.0;0.070771;2018369.0;0.015645;2018369.0;0.255761
7256;watts;2561405.0;0.070429;2561405.0;0.016704;2561405.0;0.440042
7267;barabasi;456767.0;0.072559;456767.0;0.017079;456767.0;0.206215
7267;complete;17650.0;0.066533;17710.0;0.044048;17650.0;0.073574
7267;erdos;125978.0;0.077311;142932.0;0.018289;125978.0;0.248934
7267;regular;650553343.0;0.075073;650553343.0;0.016143;650553343.0;22.272881
7267;watts;2134190.0;0.070475;2134190.0;0.016578;2134190.0;0.390452
7278;barabasi;527926.0;0.072833;527926.0;0.016931;527926.0;0.206392
7278;complete;17826.0;0.066602;17897.0;0.044026;17826.0;0.073773
7278;erdos;121499.0;0.077447;139841.0;0.018083;121499.0;0.277371
7278;regular;3618391.0;0.075888;3618391.0;0.016669;3618391.0;0.267965
7278;watts;2030260.0;0.0712;2030260.0;0.016743;2030260.0;0.441163
7289;complete;18130.0;0.071504;18211.0;0.04405;18130.0;0.075171
7289;erdos;122596.0;0.077729;139488.0;0.018242;122596.0;0.303946
7289;regular;592988199.0;0.071436;592988199.0;0.01548;592988199.0;20.01434
7289;watts;2069302.0;0.071387;2069302.0;0.016821;2069302.0;0.37291
7289;barabasi;464515.0;0.073171;464515.0;0.017226;464515.0;0.231443
7300;barabasi;471135.0;0.073216;471135.0;0.01694;471135.0;0.20828
7300;complete;18371.0;0.06624;18466.0;0.044935;18371.0;0.07413
7300;erdos;129393.0;0.078387;146956.0;0.018452;129393.0;0.27891
7300;regular;3494117.0;0.076278;3494117.0;0.016814;3494117.0;0.262346
7300;watts;2041436.0;0.070967;2041436.0;0.016602;2041436.0;0.420167
7310;barabasi;442830.0;0.073146;442830.0;0.016996;442830.0;0.257778
7310;complete;18019.0;0.067188;18101.0;0.044558;18019.0;0.07434
7310;erdos;116059.0;0.078031;132973.0;0.018166;116059.0;0.278962
7310;regular;2025577.0;0.072043;2025577.0;0.0156;2025577.0;0.253229
7310;watts;2305420.0;0.07169;2305420.0;0.017214;2305420.0;0.474291
7321;barabasi;513594.0;0.073708;513594.0;0.017186;513594.0;0.258604
7321;complete;18214.0;0.073513;18281.0;0.045258;18214.0;0.074678
7321;erdos;141610.0;0.078579;159217.0;0.018358;141610.0;0.279996
7321;regular;334774119.0;0.054741;334774119.0;0.011686;334774119.0;11.808621
7321;watts;2027907.0;0.071478;2027907.0;0.01675;2027907.0;0.374934
7332;barabasi;442161.0;0.074243;442161.0;0.017248;442161.0;0.28377
7332;complete;18217.0;0.067544;18296.0;0.04519;18217.0;0.074728
7332;erdos;110663.0;0.079071;128155.0;0.018692;110663.0;0.280537
7332;regular;2533459.0;0.072647;2533459.0;0.015886;2533459.0;0.240695
7332;watts;2095879.0;0.071839;2095879.0;0.017058;2095879.0;0.401136
7343;barabasi;479397.0;0.074324;479397.0;0.017468;479397.0;0.210009
7343;complete;17767.0;0.068819;17820.0;0.045793;17767.0;0.075155
7343;erdos;122545.0;0.080373;140584.0;0.01897;122545.0;0.30863
7343;regular;179294146.0;0.037627;179294146.0;0.008612;179294146.0;6.266666
7343;watts;2153629.0;0.071789;2153629.0;0.017149;2153629.0;0.373444
7354;barabasi;503202.0;0.074556;503202.0;0.017432;503202.0;0.235706
7354;complete;18148.0;0.074997;18228.0;0.045123;18148.0;0.075286
7354;erdos;117979.0;0.078999;134989.0;0.018597;117979.0;0.310019
7354;regular;2662091.0;0.073285;2662091.0;0.016014;2662091.0;0.22851
7354;watts;2196370.0;0.072327;2196370.0;0.016947;2196370.0;0.403925
7365;barabasi;485231.0;0.075064;485231.0;0.01726;485231.0;0.211488
7365;complete;18058.0;0.068255;18132.0;0.04555;18058.0;0.075487
7365;erdos;118944.0;0.079325;136230.0;0.018655;118944.0;0.283223
7365;regular;623698161.0;0.074617;623698161.0;0.015909;623698161.0;21.692994
7365;watts;2847884.0;0.073205;2847884.0;0.017194;2847884.0;0.401668
7376;barabasi;521221.0;0.074941;521221.0;0.017523;521221.0;0.23707
7376;complete;18475.0;0.067909;18602.0;0.045207;18475.0;0.075813
7376;erdos;138374.0;0.079663;155786.0;0.018489;138374.0;0.284426
7376;regular;3488324.0;0.078025;3488324.0;0.017206;3488324.0;0.258513
7376;watts;2382691.0;0.073476;2382691.0;0.016918;2382691.0;0.403222
7388;barabasi;466015.0;0.075305;466015.0;0.017291;466015.0;0.237993
7388;complete;18606.0;0.074929;18685.0;0.045409;18606.0;0.076243
7388;erdos;117098.0;0.079858;134592.0;0.018778;117098.0;0.283641
7388;regular;3564755.0;0.078414;3564755.0;0.017291;3564755.0;0.273225
7388;watts;2237727.0;0.073663;2237727.0;0.017402;2237727.0;0.408608
7399;barabasi;572278.0;0.075899;572278.0;0.017243;572278.0;0.264221
7399;complete;18029.0;0.071176;18093.0;0.046044;18029.0;0.076085
7399;erdos;115198.0;0.080358;133540.0;0.018665;115198.0;0.285599
7399;regular;167075753.0;0.036802;167075753.0;0.008542;167075753.0;5.973393
7399;watts;2139536.0;0.07382;2139536.0;0.017334;2139536.0;0.432892
7410;barabasi;517514.0;0.076173;517514.0;0.017581;517514.0;0.239293
7410;complete;18237.0;0.074984;18302.0;0.046217;18237.0;0.076391
7410;erdos;121549.0;0.080451;139251.0;0.018904;121549.0;0.288145
7410;regular;1932004.0;0.074473;1932004.0;0.016442;1932004.0;0.295096
7410;watts;2657980.0;0.074158;2657980.0;0.017443;2657980.0;0.408893
7421;barabasi;559503.0;0.076332;559503.0;0.017744;559503.0;0.239681
7421;complete;18232.0;0.068858;18293.0;0.04617;18232.0;0.076917
7421;erdos;119007.0;0.08047;136948.0;0.018839;119007.0;0.258726
7421;regular;59826215.0;0.020376;59826215.0;0.004944;59826215.0;2.115799
7421;watts;2138891.0;0.074359;2138891.0;0.017507;2138891.0;0.435467
7432;barabasi;482670.0;0.075832;482670.0;0.01784;482670.0;0.240684
7432;complete;18093.0;0.076422;18152.0;0.046295;18093.0;0.077091
7432;erdos;143436.0;0.08071;161215.0;0.018891;143436.0;0.316308
7432;regular;2181994.0;0.074438;2181994.0;0.016076;2181994.0;0.225701
7432;watts;2269940.0;0.074521;2269940.0;0.017497;2269940.0;0.410114
7443;watts;2488693.0;0.074415;2488693.0;0.017389;2488693.0;0.412802
7443;barabasi;466089.0;0.077135;466089.0;0.017807;466089.0;0.241406
7443;complete;18843.0;0.075921;18957.0;0.046511;18843.0;0.077367
7443;erdos;121806.0;0.081096;139334.0;0.018852;121806.0;0.317483
7443;regular;587533433.0;0.073551;587533433.0;0.015296;587533433.0;21.216332
7454;barabasi;478794.0;0.077039;478794.0;0.017591;478794.0;0.242401
7454;complete;18444.0;0.069988;18516.0;0.046561;18444.0;0.077252
7454;erdos;119137.0;0.081557;137067.0;0.018847;119137.0;0.29016
7454;regular;3651966.0;0.080177;3651966.0;0.017125;3651966.0;0.28669
7454;watts;2467320.0;0.074814;2467320.0;0.017513;2467320.0;0.394447
7465;barabasi;494448.0;0.077214;494448.0;0.01783;494448.0;0.243051
7465;complete;18345.0;0.070023;18411.0;0.046774;18345.0;0.077594
7465;erdos;107294.0;0.081724;124484.0;0.01893;107294.0;0.291508
7465;regular;703707570.0;0.080344;703707570.0;0.016884;703707570.0;24.20788
7465;watts;2383456.0;0.075415;2383456.0;0.017685;2383456.0;0.388002
7477;barabasi;489283.0;0.077666;489283.0;0.01791;489283.0;0.217767
7477;complete;18807.0;0.069412;18907.0;0.046668;18807.0;0.07785
7477;erdos;136833.0;0.082123;153312.0;0.019059;136833.0;0.263761
7477;regular;341598996.0;0.057342;341598996.0;0.011965;341598996.0;12.684293
7477;watts;2161630.0;0.074842;2161630.0;0.017459;2161630.0;0.46453
7488;barabasi;579995.0;0.077571;579995.0;0.017729;579995.0;0.244171
7488;complete;18832.0;0.069917;18953.0;0.047179;18832.0;0.078066
7488;erdos;115289.0;0.082204;132804.0;0.019161;115289.0;0.293984
7488;regular;3819013.0;0.081015;3819013.0;0.017511;3819013.0;0.284143
7488;watts;2695042.0;0.075978;2695042.0;0.017479;2695042.0;0.444795
7499;barabasi;447683.0;0.077708;447683.0;0.018053;447683.0;0.219014
7499;complete;17965.0;0.070951;18004.0;0.046954;17965.0;0.078409
7499;erdos;134922.0;0.082623;152770.0;0.019555;134922.0;0.264487
7499;regular;3873420.0;0.004897;3873420.0;0.001351;3873420.0;0.176827
7499;watts;2495973.0;0.076254;2495973.0;0.017871;2495973.0;0.471322
7510;barabasi;529516.0;0.078323;529516.0;0.018236;529516.0;0.245511
7510;complete;18259.0;0.071002;18303.0;0.047924;18259.0;0.078438
7510;erdos;118584.0;0.083371;135716.0;0.019717;118584.0;0.294857
7510;regular;3763965.0;0.081258;3763965.0;0.018692;3763965.0;0.288836
7510;watts;2200906.0;0.076134;2200906.0;0.017821;2200906.0;0.413886
7522;barabasi;503335.0;0.078542;503335.0;0.017919;503335.0;0.24658
7522;complete;18327.0;0.077142;18377.0;0.047723;18327.0;0.078713
7522;erdos;125087.0;0.083307;142805.0;0.019475;125087.0;0.267086
7522;regular;3636076.0;0.081621;3636076.0;0.018306;3636076.0;0.28767
7522;watts;2197555.0;0.0781;2197555.0;0.018421;2197555.0;0.397292
7533;barabasi;483153.0;0.078956;483153.0;0.018183;483153.0;0.246799
7533;complete;19218.0;0.069551;19314.0;0.047331;19218.0;0.078795
7533;erdos;124806.0;0.083129;143571.0;0.019421;124806.0;0.296487
7533;regular;720112781.0;0.082887;720112781.0;0.017725;720112781.0;24.784278
7533;watts;2340530.0;0.076986;2340530.0;0.017858;2340530.0;0.366616
7544;barabasi;622406.0;0.07943;622406.0;0.018343;622406.0;0.300017
7544;complete;18660.0;0.079852;18734.0;0.047743;18660.0;0.079076
7544;erdos;130435.0;0.083873;147102.0;0.019551;130435.0;0.268795
7544;regular;3831564.0;0.082684;3831564.0;0.017864;3831564.0;0.350429
7544;watts;2366986.0;0.07672;2366986.0;0.017968;2366986.0;0.450134
7556;barabasi;514889.0;0.079382;514889.0;0.018407;514889.0;0.248467
7556;complete;18233.0;0.077348;18274.0;0.048279;18233.0;0.079309
7556;erdos;116733.0;0.083829;135738.0;0.019717;116733.0;0.326695
7556;regular;3562626.0;0.082763;3562626.0;0.01787;3562626.0;0.296167
7556;watts;2141734.0;0.077471;2141734.0;0.017775;2141734.0;0.440125
7567;barabasi;532173.0;0.079887;532173.0;0.018593;532173.0;0.222999
7567;complete;18660.0;0.072051;18721.0;0.048199;18660.0;0.079565
7567;erdos;105711.0;0.084304;122933.0;0.019739;105711.0;0.27044
7567;regular;401222127.0;0.063551;401222127.0;0.013196;401222127.0;14.6257
7567;watts;2278432.0;0.077756;2278432.0;0.017957;2278432.0;0.371036
7578;barabasi;494960.0;0.080094;494960.0;0.018498;494960.0;0.250554
7578;complete;18396.0;0.072153;18472.0;0.048587;18396.0;0.079778
7578;erdos;139491.0;0.08447;157647.0;0.01956;139491.0;0.271567
7578;regular;2814330.0;0.079521;2814330.0;0.017516;2814330.0;0.280066
7578;watts;2226575.0;0.078195;2226575.0;0.018089;2226575.0;0.39627
7590;barabasi;503315.0;0.079702;503315.0;0.018101;503315.0;0.277834
7590;complete;18734.0;0.072767;18813.0;0.048481;18734.0;0.080017
7590;erdos;104304.0;0.084536;123003.0;0.019888;104304.0;0.300713
7590;regular;3757051.0;0.083766;3757051.0;0.01789;3757051.0;0.256646
7590;watts;2452982.0;0.078254;2452982.0;0.018123;2452982.0;0.478499
7601;barabasi;470980.0;0.080873;470980.0;0.018729;470980.0;0.254033
7601;complete;18583.0;0.073033;18642.0;0.048753;18583.0;0.080427
7601;erdos;131656.0;0.085216;149699.0;0.019683;131656.0;0.272615
7601;regular;86349582.0;0.025611;86349582.0;0.005831;86349582.0;3.083634
7601;watts;2154972.0;0.078813;2154972.0;0.018406;2154972.0;0.453219
7612;barabasi;528098.0;0.081042;528098.0;0.018331;528098.0;0.279048
7612;complete;18651.0;0.072939;18734.0;0.049114;18651.0;0.08064
7612;erdos;121335.0;0.0855;138772.0;0.019957;121335.0;0.272707
7612;regular;2368103.0;0.079422;2368103.0;0.016878;2368103.0;0.273865
7612;watts;2653924.0;0.078929;2653924.0;0.018448;2653924.0;0.432587
7624;barabasi;520261.0;0.081424;520261.0;0.018415;520261.0;0.252927
7624;complete;18841.0;0.07996;18912.0;0.048853;18841.0;0.080912
7624;erdos;116177.0;0.085569;134099.0;0.020173;116177.0;0.273367
7624;regular;2306350.0;0.079575;2306350.0;0.017202;2306350.0;0.282026
7624;watts;2487522.0;0.079077;2487522.0;0.018312;2487522.0;0.504685
7635;watts;2429615.0;0.079034;2429615.0;0.018449;2429615.0;0.407575
7635;barabasi;492162.0;0.081409;492162.0;0.018673;492162.0;0.253977
7635;complete;18945.0;0.07969;19003.0;0.049573;18945.0;0.081284
7635;erdos;124148.0;0.086131;141170.0;0.019967;124148.0;0.304086
7635;regular;428603743.0;0.066104;428603743.0;0.013536;428603743.0;15.561993
7647;barabasi;489772.0;0.081396;489772.0;0.018519;489772.0;0.254557
7647;complete;19403.0;0.071956;19529.0;0.049226;19403.0;0.081478
7647;erdos;120760.0;0.08626;138530.0;0.020139;120760.0;0.305999
7647;regular;711999526.0;0.084053;711999526.0;0.0177;711999526.0;25.651851
7647;watts;2481321.0;0.079683;2481321.0;0.01837;2481321.0;0.43554
7658;barabasi;604601.0;0.081668;604601.0;0.01856;604601.0;0.28228
7658;complete;19678.0;0.079036;19793.0;0.050015;19678.0;0.08152
7658;erdos;112493.0;0.086179;130059.0;0.020339;112493.0;0.306695
7658;regular;2061197.0;0.080609;2061197.0;0.017307;2061197.0;0.251716
7658;watts;2438826.0;0.079783;2438826.0;0.018593;2438826.0;0.430598
7670;barabasi;501822.0;0.082551;501822.0;0.01866;501822.0;0.283201
7670;complete;18509.0;0.079055;18571.0;0.049547;18509.0;0.081821
7670;erdos;119298.0;0.086747;136929.0;0.02018;119298.0;0.336916
7670;regular;3523120.0;0.085987;3523120.0;0.018116;3523120.0;0.361189
7670;watts;2367608.0;0.080057;2367608.0;0.018237;2367608.0;0.491982
7681;barabasi;508064.0;0.082768;508064.0;0.018726;508064.0;0.22973
7681;complete;18553.0;0.074198;18609.0;0.049917;18553.0;0.082133
7681;erdos;110472.0;0.086643;128077.0;0.020359;110472.0;0.309747
7681;regular;694375463.0;0.08319;694375463.0;0.01746;694375463.0;25.01858
7681;watts;2487739.0;0.080597;2487739.0;0.018593;2487739.0;0.413102
7693;barabasi;530202.0;0.082981;530202.0;0.018969;530202.0;0.257173
7693;complete;19259.0;0.079684;19343.0;0.050575;19259.0;0.082176
7693;erdos;134794.0;0.088228;152566.0;0.020718;134794.0;0.307428
7693;regular;281900448.0;0.053486;281900448.0;0.011375;281900448.0;10.53489
7693;watts;2332670.0;0.080986;2332670.0;0.018659;2332670.0;0.414876
7704;barabasi;481560.0;0.083543;481560.0;0.01905;481560.0;0.258096
7704;complete;19220.0;0.074233;19302.0;0.04994;19220.0;0.082437
7704;erdos;108802.0;0.087711;125857.0;0.020538;108802.0;0.30913
7704;regular;3892842.0;0.086666;3892842.0;0.018615;3892842.0;0.304772
7704;watts;2452414.0;0.081187;2452414.0;0.018637;2452414.0;0.469169
7716;erdos;146016.0;0.087779;163527.0;0.020599;146016.0;0.281254
7716;regular;3555859.0;0.08755;3555859.0;0.018644;3555859.0;0.303586
7716;watts;2381819.0;0.08188;2381819.0;0.018991;2381819.0;0.388838
7716;barabasi;525096.0;0.083598;525096.0;0.01935;525096.0;0.259112
7716;complete;18773.0;0.082597;18839.0;0.050438;18773.0;0.082775
7727;barabasi;507016.0;0.08323;507016.0;0.018752;507016.0;0.259961
7727;complete;19147.0;0.074531;19237.0;0.050321;19147.0;0.0831
7727;erdos;120709.0;0.0882;138613.0;0.020556;120709.0;0.311578
7727;regular;551585179.0;0.076097;551585179.0;0.015485;551585179.0;20.664227
7727;watts;2660469.0;0.08151;2660469.0;0.018896;2660469.0;0.468823
7739;erdos;155028.0;0.088347;173782.0;0.020697;155028.0;0.343115
7739;barabasi;562704.0;0.083623;562704.0;0.018907;562704.0;0.232879
7739;complete;18919.0;0.082143;18971.0;0.051325;18919.0;0.08323
7739;regular;367145772.0;0.062418;367145772.0;0.012869;367145772.0;13.907504
7739;watts;2377991.0;0.082316;2377991.0;0.018948;2377991.0;0.472522
7750;barabasi;547929.0;0.083933;547929.0;0.018841;547929.0;0.233883
7750;complete;18713.0;0.08289;18762.0;0.050893;18713.0;0.08353
7750;erdos;123926.0;0.088912;142094.0;0.020743;123926.0;0.31312
7750;regular;3684550.0;0.08751;3684550.0;0.01854;3684550.0;0.291183
7750;watts;2511457.0;0.081971;2511457.0;0.018806;2511457.0;0.414238
7762;watts;2598101.0;0.082795;2598101.0;0.018972;2598101.0;0.531963
7762;barabasi;506517.0;0.085016;506517.0;0.019237;506517.0;0.234296
7762;complete;18709.0;0.083201;18758.0;0.051316;18709.0;0.083809
7762;erdos;168528.0;0.089236;187055.0;0.020415;168528.0;0.314437
7762;regular;3709254.0;0.088651;3709254.0;0.018848;3709254.0;0.297536
7774;barabasi;576771.0;0.084511;576771.0;0.018838;576771.0;0.262885
7774;complete;18650.0;0.085418;18670.0;0.051525;18650.0;0.083939
7774;erdos;122145.0;0.089289;139817.0;0.020395;122145.0;0.346023
7774;regular;4020367.0;0.088869;4020367.0;0.018809;4020367.0;0.343444
7774;watts;2828644.0;0.083671;2828644.0;0.018747;2828644.0;0.394921
7785;barabasi;494532.0;0.085655;494532.0;0.01959;494532.0;0.263402
7785;complete;18783.0;0.081799;18828.0;0.051478;18783.0;0.084236
7785;erdos;117206.0;0.089926;136807.0;0.020837;117206.0;0.315568
7785;regular;572324071.0;0.078098;572324071.0;0.015793;572324071.0;20.997777
7785;watts;2178271.0;0.08315;2178271.0;0.018917;2178271.0;0.452696
7797;barabasi;527724.0;0.085576;527724.0;0.019063;527724.0;0.292902
7797;complete;19221.0;0.076306;19281.0;0.051551;19221.0;0.08476
7797;erdos;120517.0;0.089673;139133.0;0.020765;120517.0;0.317333
7797;regular;482957040.0;0.072334;482957040.0;0.014548;482957040.0;17.49628
7797;watts;2282620.0;0.083251;2282620.0;0.018899;2282620.0;0.536605
7809;barabasi;565110.0;0.08594;565110.0;0.019118;565110.0;0.265837
7809;complete;19056.0;0.0771;19107.0;0.051478;19056.0;0.084935
7809;erdos;124884.0;0.0899;143045.0;0.020696;124884.0;0.287723
7809;regular;769377878.0;0.089722;769377878.0;0.01839;769377878.0;27.943306
7809;watts;2572233.0;0.084013;2572233.0;0.018805;2572233.0;0.564846
7820;barabasi;508086.0;0.086071;508086.0;0.019342;508086.0;0.26587
7820;complete;19851.0;0.075211;19948.0;0.051764;19851.0;0.085326
7820;erdos;130060.0;0.08987;148260.0;0.020995;130060.0;0.31966
7820;regular;3705842.0;0.089858;3705842.0;0.018803;3705842.0;0.308459
7820;watts;2227754.0;0.083607;2227754.0;0.018911;2227754.0;0.454182
7832;barabasi;552151.0;0.086526;552151.0;0.019837;552151.0;0.294957
7832;complete;19348.0;0.077351;19388.0;0.052471;19348.0;0.08579
7832;erdos;141719.0;0.090872;161015.0;0.020904;141719.0;0.320405
7832;regular;2266657.0;0.085683;2266657.0;0.017959;2266657.0;0.316476
7832;watts;2968112.0;0.083971;2968112.0;0.018887;2968112.0;0.456117
7844;barabasi;511556.0;0.086713;511556.0;0.019461;511556.0;0.239289
7844;complete;19192.0;0.078004;19253.0;0.052782;19192.0;0.085646
7844;erdos;141565.0;0.090896;158954.0;0.02111;141565.0;0.321069
7844;regular;4023961.0;0.091048;4023961.0;0.019199;4023961.0;0.364917
7844;watts;2335839.0;0.085079;2335839.0;0.019361;2335839.0;0.48942
7856;barabasi;536500.0;0.087588;536500.0;0.019584;536500.0;0.268272
7856;complete;19296.0;0.077726;19349.0;0.052417;19296.0;0.085783
7856;erdos;132573.0;0.091235;150819.0;0.021302;132573.0;0.352564
7856;regular;3535251.0;0.09135;3535251.0;0.019119;3535251.0;0.355007
7856;watts;2451286.0;0.084312;2451286.0;0.019256;2451286.0;0.517077
7868;barabasi;506425.0;0.086747;506425.0;0.019609;506425.0;0.269144
7868;complete;19241.0;0.07833;19304.0;0.053572;19241.0;0.086039
7868;erdos;128033.0;0.091648;145626.0;0.021239;128033.0;0.292009
7868;regular;3902053.0;0.091652;3902053.0;0.019155;3902053.0;0.356817
7868;watts;2566387.0;0.084493;2566387.0;0.019012;2566387.0;0.488556
7879;barabasi;535056.0;0.087744;535056.0;0.019702;535056.0;0.243055
7879;complete;18647.0;0.078958;18671.0;0.052842;18647.0;0.086503
7879;erdos;128417.0;0.092186;146651.0;0.021194;128417.0;0.35577
7879;regular;401853193.0;0.066832;401853193.0;0.013731;401853193.0;15.077284
7879;watts;2615873.0;0.085362;2615873.0;0.019248;2615873.0;0.427414
7891;erdos;154702.0;0.092294;173166.0;0.021225;154702.0;0.324964
7891;barabasi;524567.0;0.087828;524567.0;0.019584;524567.0;0.242092
7891;complete;18567.0;0.083805;18595.0;0.053287;18567.0;0.08658
7891;regular;580185419.0;0.081035;580185419.0;0.016365;580185419.0;21.851832
7891;watts;2304243.0;0.086256;2304243.0;0.019482;2304243.0;0.521945
7903;barabasi;516510.0;0.088097;516510.0;0.019868;516510.0;0.242685
7903;complete;19123.0;0.087788;19168.0;0.053412;19123.0;0.086735
7903;erdos;141701.0;0.092167;160715.0;0.021242;141701.0;0.294568
7903;regular;206532267.0;0.046124;206532267.0;0.010193;206532267.0;7.949954
7903;watts;2446821.0;0.085948;2446821.0;0.019156;2446821.0;0.46331
7915;regular;36378375.0;0.016971;36378375.0;0.00419;36378375.0;1.411887
7915;watts;2776294.0;0.086347;2776294.0;0.019555;2776294.0;0.524701
7915;barabasi;478030.0;0.088522;478030.0;0.019984;478030.0;0.272478
7915;complete;19345.0;0.079244;19406.0;0.053657;19345.0;0.087076
7915;erdos;122848.0;0.092874;141348.0;0.021415;122848.0;0.295183
7927;barabasi;539967.0;0.08922;539967.0;0.020004;539967.0;0.331439
7927;complete;19409.0;0.07917;19479.0;0.053834;19409.0;0.087405
7927;erdos;125241.0;0.093265;143403.0;0.02147;125241.0;0.29649
7927;regular;770479663.0;0.092734;770479663.0;0.01901;770479663.0;28.844198
7927;watts;2397208.0;0.087015;2397208.0;0.019575;2397208.0;0.469165
7939;barabasi;481126.0;0.089253;481126.0;0.019678;481126.0;0.274205
7939;complete;19697.0;0.089532;19761.0;0.053967;19697.0;0.087758
7939;erdos;146018.0;0.093393;165680.0;0.021537;146018.0;0.298292
7939;regular;784395650.0;0.094021;784395650.0;0.019157;784395650.0;29.215124
7939;watts;2505305.0;0.086717;2505305.0;0.0197;2505305.0;0.470063
7950;barabasi;524047.0;0.089295;524047.0;0.020043;524047.0;0.274745
7950;complete;19400.0;0.07975;19447.0;0.054391;19400.0;0.088056
7950;erdos;122133.0;0.093621;139735.0;0.021423;122133.0;0.329273
7950;regular;3622190.0;0.094135;3622190.0;0.019401;3622190.0;0.296786
7950;watts;2236790.0;0.087296;2236790.0;0.019392;2236790.0;0.462534
7962;barabasi;492790.0;0.089418;492790.0;0.019842;492790.0;0.304791
7962;complete;18922.0;0.08014;18990.0;0.054224;18922.0;0.088102
7962;erdos;136849.0;0.093987;155218.0;0.021565;136849.0;0.329747
7962;regular;4015058.0;0.094222;4015058.0;0.019816;4015058.0;0.322036
7962;watts;2625213.0;0.090252;2625213.0;0.020281;2625213.0;0.405717
7974;barabasi;566489.0;0.090126;566489.0;0.020171;566489.0;0.305241
7974;complete;19618.0;0.08009;19661.0;0.054384;19618.0;0.088427
7974;erdos;121737.0;0.094687;140929.0;0.021561;121737.0;0.331071
7974;regular;3805397.0;0.094197;3805397.0;0.019743;3805397.0;0.334345
7974;watts;2304892.0;0.087735;2304892.0;0.020085;2304892.0;0.468374
7986;barabasi;507944.0;0.090652;507944.0;0.020335;507944.0;0.24787
7986;complete;19174.0;0.080539;19190.0;0.054409;19174.0;0.088522
7986;erdos;157735.0;0.094435;176186.0;0.021913;157735.0;0.332856
7986;regular;4010916.0;0.095127;4010916.0;0.019775;4010916.0;0.313072
7986;watts;2422136.0;0.088258;2422136.0;0.020004;2422136.0;0.562277
7998;barabasi;622605.0;0.091577;622605.0;0.020213;622605.0;0.307159
7998;complete;19239.0;0.081131;19287.0;0.054674;19239.0;0.088911
7998;erdos;155748.0;0.095081;174678.0;0.021863;155748.0;0.301929
7998;regular;0.0;3.2e-05;0.0;9e-06;0.0;0.045551
7998;watts;2741370.0;0.088292;2741370.0;0.020162;2741370.0;0.50516
8010;barabasi;569624.0;0.091961;569624.0;0.020388;569624.0;0.308993
8010;complete;18883.0;0.088052;18899.0;0.054764;18883.0;0.089161
8010;erdos;118106.0;0.095352;136261.0;0.022159;118106.0;0.334821
8010;regular;3876052.0;0.095361;3876052.0;0.019908;3876052.0;0.33485
8010;watts;2522123.0;0.088649;2522123.0;0.019981;2522123.0;0.444616
8022;barabasi;541303.0;0.091408;541303.0;0.020556;541303.0;0.27936
8022;complete;19530.0;0.087838;19579.0;0.05514;19530.0;0.08935
8022;erdos;121274.0;0.095596;139438.0;0.02201;121274.0;0.33662
8022;regular;3891876.0;0.096024;3891876.0;0.019637;3891876.0;0.33868
8022;watts;2728131.0;0.088729;2728131.0;0.020211;2728131.0;0.447057
8034;barabasi;513833.0;0.091767;513833.0;0.020068;513833.0;0.251425
8034;complete;18874.0;0.089493;18898.0;0.055143;18874.0;0.089635
8034;erdos;110898.0;0.095913;129031.0;0.022017;110898.0;0.305323
8034;regular;4157904.0;0.095899;4157904.0;0.020122;4157904.0;0.361044
8034;watts;2221747.0;0.090094;2221747.0;0.02029;2221747.0;0.511246
8046;barabasi;513479.0;0.092609;513479.0;0.020441;513479.0;0.281302
8046;complete;20322.0;0.090876;20403.0;0.0555;20322.0;0.089888
8046;erdos;142741.0;0.096037;161739.0;0.022146;142741.0;0.368873
8046;regular;3878082.0;0.096808;3878082.0;0.020011;3878082.0;0.370917
8046;watts;2476752.0;0.089925;2476752.0;0.019917;2476752.0;0.447865
8058;barabasi;598280.0;0.092806;598280.0;0.020953;598280.0;0.311747
8058;complete;19823.0;0.081794;19877.0;0.055534;19823.0;0.090213
8058;erdos;106970.0;0.095964;126612.0;0.022192;106970.0;0.305532
8058;regular;3624509.0;0.096891;3624509.0;0.0201;3624509.0;0.360235
8058;watts;2585551.0;0.090037;2585551.0;0.020119;2585551.0;0.496418
8071;barabasi;608591.0;0.092924;608591.0;0.02066;608591.0;0.282899
8071;complete;19860.0;0.082323;19914.0;0.056179;19860.0;0.090511
8071;erdos;137313.0;0.097392;156204.0;0.022212;137313.0;0.339763
8071;regular;93125759.0;0.029142;93125759.0;0.006777;93125759.0;3.940768
8071;watts;2582543.0;0.090777;2582543.0;0.020477;2582543.0;0.486332
8083;barabasi;498638.0;0.092803;498638.0;0.020506;498638.0;0.254072
8083;complete;19465.0;0.09271;19512.0;0.056189;19465.0;0.090952
8083;erdos;129141.0;0.097573;148099.0;0.022181;129141.0;0.341
8083;regular;357753258.0;0.065259;357753258.0;0.013213;357753258.0;13.96744
8083;watts;2436255.0;0.090891;2436255.0;0.020302;2436255.0;0.452521
8095;barabasi;538535.0;0.093614;538535.0;0.020778;538535.0;0.254935
8095;complete;19039.0;0.090828;19063.0;0.05676;19039.0;0.09109
8095;regular;499124529.0;0.078068;499124529.0;0.015411;499124529.0;19.151586
8095;watts;2409594.0;0.09167;2409594.0;0.020239;2409594.0;0.486255
8095;erdos;113704.0;0.097496;132406.0;0.022675;113704.0;0.309548
8107;barabasi;549302.0;0.094022;549302.0;0.020791;549302.0;0.316418
8107;complete;19344.0;0.083033;19384.0;0.056971;19344.0;0.091328
8107;erdos;134566.0;0.0978;153571.0;0.022299;134566.0;0.343398
8107;regular;741051252.0;0.093352;741051252.0;0.018554;741051252.0;27.772409
8107;watts;2368594.0;0.091117;2368594.0;0.020029;2368594.0;0.488141
8119;barabasi;527869.0;0.094336;527869.0;0.020615;527869.0;0.286299
8119;complete;19633.0;0.093893;19670.0;0.057184;19633.0;0.092157
8119;erdos;114463.0;0.097988;132099.0;0.022766;114463.0;0.378348
8119;regular;421933385.0;0.072658;421933385.0;0.014282;421933385.0;16.205628
8119;watts;2289070.0;0.091961;2289070.0;0.020597;2289070.0;0.488177
8131;barabasi;507814.0;0.094842;507814.0;0.020828;507814.0;0.287087
8131;complete;19421.0;0.083769;19457.0;0.057089;19421.0;0.092093
8131;erdos;139614.0;0.098157;157554.0;0.022498;139614.0;0.345073
8131;regular;376920795.0;0.068318;376920795.0;0.013335;376920795.0;14.797536
8131;watts;2661592.0;0.092142;2661592.0;0.020914;2661592.0;0.52365
8143;barabasi;572670.0;0.094458;572670.0;0.020906;572670.0;0.287999
8143;complete;19132.0;0.083691;19155.0;0.057024;19132.0;0.092139
8143;regular;218260531.0;0.048706;218260531.0;0.010306;218260531.0;8.407023
8143;watts;2833186.0;0.092514;2833186.0;0.02077;2833186.0;0.485002
8143;erdos;129126.0;0.098645;148131.0;0.022607;129126.0;0.379676
8156;barabasi;549463.0;0.096602;549463.0;0.02695;549463.0;0.2897
8156;complete;19554.0;0.092391;19595.0;0.05789;19554.0;0.092598
8156;erdos;126338.0;0.099635;145177.0;0.022959;126338.0;0.349186
8156;regular;3931630.0;0.100548;3931630.0;0.020699;3931630.0;0.34414
8156;watts;3344428.0;0.093287;3344428.0;0.021112;3344428.0;0.586187
8168;barabasi;522300.0;0.09558;522300.0;0.021162;522300.0;0.289542
8168;complete;20112.0;0.093279;20166.0;0.057739;20112.0;0.092624
8168;erdos;102783.0;0.099496;122633.0;0.022612;102783.0;0.315186
8168;regular;3959787.0;0.100378;3959787.0;0.020432;3959787.0;0.380225
8168;watts;2663935.0;0.092709;2663935.0;0.020482;2663935.0;0.548127
8180;barabasi;596929.0;0.096185;596929.0;0.021051;596929.0;0.290699
8180;complete;19485.0;0.094757;19516.0;0.057366;19485.0;0.09304
8180;erdos;128652.0;0.099694;147259.0;0.022946;128652.0;0.350196
8180;regular;4298028.0;0.100457;4298028.0;0.020683;4298028.0;0.377947
8180;watts;2606016.0;0.093408;2606016.0;0.020983;2606016.0;0.493413
8192;barabasi;562220.0;0.096261;562220.0;0.020939;562220.0;0.29203
8192;complete;19787.0;0.097181;19828.0;0.05786;19787.0;0.093733
8192;erdos;117311.0;0.099832;134748.0;0.022601;117311.0;0.351071
8192;regular;3582349.0;0.101169;3582349.0;0.020499;3582349.0;0.412637
8192;watts;2396009.0;0.094126;2396009.0;0.02094;2396009.0;0.500597
8205;barabasi;541006.0;0.09643;541006.0;0.02113;541006.0;0.325552
8205;complete;20175.0;0.095336;20242.0;0.058273;20175.0;0.093684
8205;erdos;117653.0;0.100337;135285.0;0.023098;117653.0;0.352139
8205;regular;852696523.0;0.102528;852696523.0;0.02055;852696523.0;32.322419
8205;watts;2676028.0;0.093983;2676028.0;0.021317;2676028.0;0.472074
8217;barabasi;568527.0;0.096103;568527.0;0.021318;568527.0;0.293512
8217;complete;19583.0;0.085801;19627.0;0.058904;19583.0;0.093937
8217;erdos;145691.0;0.10062;165289.0;0.023;145691.0;0.31891
8217;regular;381252894.0;0.069622;381252894.0;0.013805;381252894.0;14.688114
8217;watts;2636555.0;0.094754;2636555.0;0.02143;2636555.0;0.470476
8229;complete;19604.0;0.096791;19644.0;0.058544;19604.0;0.094317
8229;erdos;125710.0;0.101411;145716.0;0.022909;125710.0;0.388098
8229;regular;292714021.0;0.059198;292714021.0;0.012177;292714021.0;11.35962
8229;watts;2700802.0;0.094395;2700802.0;0.020854;2700802.0;0.441944
8229;barabasi;541005.0;0.09644;541005.0;0.021247;541005.0;0.325977
8242;barabasi;572495.0;0.097646;572495.0;0.021444;572495.0;0.264502
8242;complete;19571.0;0.098616;19599.0;0.059152;19571.0;0.094389
8242;erdos;128517.0;0.101453;147973.0;0.02343;128517.0;0.355322
8242;regular;4036484.0;0.102364;4036484.0;0.021072;4036484.0;0.354063
8242;watts;2978370.0;0.094456;2978370.0;0.021218;2978370.0;0.535164
8254;barabasi;579501.0;0.097411;579501.0;0.021297;579501.0;0.327334
8254;complete;20804.0;0.084109;20909.0;0.058842;20804.0;0.094622
8254;erdos;120555.0;0.101819;139371.0;0.023018;120555.0;0.321528
8254;regular;4190492.0;0.103213;4190492.0;0.020792;4190492.0;0.345833
8254;watts;2730281.0;0.096307;2730281.0;0.023173;2730281.0;0.506122
8266;barabasi;532856.0;0.097513;532856.0;0.021619;532856.0;0.266149
8266;complete;19957.0;0.0864;20014.0;0.059355;19957.0;0.095095
8266;erdos;131250.0;0.102121;150718.0;0.023434;131250.0;0.358405
8266;regular;4237361.0;0.10198;4237361.0;0.021087;4237361.0;0.34587
8266;watts;2800439.0;0.094863;2800439.0;0.02111;2800439.0;0.509544
8279;barabasi;528478.0;0.096562;528478.0;0.02126;528478.0;0.329634
8279;complete;19853.0;0.098751;19902.0;0.059477;19853.0;0.095299
8279;erdos;126699.0;0.102156;145679.0;0.02364;126699.0;0.392305
8279;regular;479214184.0;0.078909;479214184.0;0.015509;479214184.0;18.614752
8279;watts;2556901.0;0.095163;2556901.0;0.021481;2556901.0;0.478014
8291;barabasi;525659.0;0.098653;525659.0;0.021248;525659.0;0.235536
8291;complete;20350.0;0.095976;20404.0;0.05966;20350.0;0.095565
8291;erdos;120946.0;0.102734;139590.0;0.023187;120946.0;0.359653
8291;regular;641631940.0;0.091773;641631940.0;0.01748;641631940.0;25.162428
8291;watts;2752204.0;0.09613;2752204.0;0.020899;2752204.0;0.637721
8304;barabasi;554409.0;0.09773;554409.0;0.021656;554409.0;0.268807
8304;complete;19763.0;0.087997;19793.0;0.06019;19763.0;0.096256
8304;erdos;149284.0;0.103556;167771.0;0.023401;149284.0;0.39544
8304;regular;2852248.0;0.097244;2852248.0;0.020016;2852248.0;0.34901
8304;watts;2761722.0;0.095358;2761722.0;0.021273;2761722.0;0.515501
8316;barabasi;589619.0;0.098373;589619.0;0.021768;589619.0;0.30399
8316;complete;19730.0;0.097319;19768.0;0.05976;19730.0;0.096428
8316;erdos;126465.0;0.103564;145914.0;0.023826;126465.0;0.327847
8316;regular;3836705.0;0.103452;3836705.0;0.021366;3836705.0;0.354276
8316;watts;2758374.0;0.09599;2758374.0;0.021491;2758374.0;0.515957
8329;regular;859763707.0;0.103091;859763707.0;0.020588;859763707.0;32.910408
8329;watts;2630527.0;0.095452;2630527.0;0.0214;2630527.0;0.485466
8329;erdos;108885.0;0.103844;128292.0;0.023598;108885.0;0.362236
8329;barabasi;561046.0;0.097692;561046.0;0.022012;561046.0;0.238124
8329;complete;20056.0;0.088244;20114.0;0.060415;20056.0;0.096661
8341;barabasi;538426.0;0.098436;538426.0;0.021791;538426.0;0.302959
8341;complete;20322.0;0.097926;20363.0;0.06085;20322.0;0.096835
8341;erdos;187431.0;0.103966;206702.0;0.023647;187431.0;0.432985
8341;regular;458998278.0;0.077244;458998278.0;0.015066;458998278.0;17.744466
8341;watts;2709923.0;0.095547;2709923.0;0.021515;2709923.0;0.58226
8354;barabasi;572532.0;0.098422;572532.0;0.021843;572532.0;0.336398
8354;complete;19181.0;0.088131;19194.0;0.060306;19181.0;0.097076
8354;erdos;128651.0;0.10515;147413.0;0.023692;128651.0;0.364117
8354;regular;3828363.0;0.10486;3828363.0;0.021452;3828363.0;0.400997
8354;watts;2831416.0;0.096193;2831416.0;0.022002;2831416.0;0.550319
8366;barabasi;576148.0;0.099072;576148.0;0.021829;576148.0;0.305083
8366;complete;20605.0;0.088432;20669.0;0.061043;20605.0;0.097405
8366;erdos;117376.0;0.104539;136573.0;0.023666;117376.0;0.365799
8366;regular;3905353.0;0.104825;3905353.0;0.021386;3905353.0;0.341724
8366;watts;2621130.0;0.096284;2621130.0;0.021718;2621130.0;0.554637
8379;barabasi;609953.0;0.100523;609953.0;0.022195;609953.0;0.30561
8379;complete;20040.0;0.089018;20085.0;0.061452;20040.0;0.097564
8379;erdos;136076.0;0.105044;154488.0;0.023976;136076.0;0.331131
8379;regular;299807.0;0.001396;299807.0;0.000317;299807.0;0.063392
8379;watts;2960753.0;0.097947;2960753.0;0.021779;2960753.0;0.651138
8391;barabasi;574414.0;0.103002;574414.0;0.022651;574414.0;0.276217
8391;complete;20864.0;0.088543;20931.0;0.061262;20864.0;0.097941
8391;erdos;120210.0;0.105941;139224.0;0.02368;120210.0;0.368442
8391;regular;742432811.0;0.100253;742432811.0;0.019235;742432811.0;28.983174
8391;watts;2651198.0;0.098988;2651198.0;0.021689;2651198.0;0.619598
8404;barabasi;544852.0;0.101019;544852.0;0.02288;544852.0;0.274315
8404;complete;20807.0;0.10046;20873.0;0.061554;20807.0;0.098133
8404;erdos;111743.0;0.106335;132417.0;0.02415;111743.0;0.334858
8404;regular;3974351.0;0.106582;3974351.0;0.021509;3974351.0;0.390074
8404;watts;2875761.0;0.099047;2875761.0;0.021616;2875761.0;0.552698
8416;barabasi;573945.0;0.101687;573945.0;0.022579;573945.0;0.308151
8416;complete;20362.0;0.089551;20425.0;0.061538;20362.0;0.098486
8416;erdos;136150.0;0.106291;156742.0;0.024069;136150.0;0.405424
8416;regular;2486038.0;0.100866;2486038.0;0.02049;2486038.0;0.31702
8416;watts;3064380.0;0.098064;3064380.0;0.021795;3064380.0;0.560834
8429;barabasi;565609.0;0.100995;565609.0;0.022578;565609.0;0.374871
8429;complete;19913.0;0.097448;19939.0;0.061678;19913.0;0.098898
8429;erdos;135446.0;0.106448;154981.0;0.024206;135446.0;0.33506
8429;regular;542610371.0;0.085166;542610371.0;0.01685;542610371.0;21.19158
8429;watts;2544115.0;0.098288;2544115.0;0.02254;2544115.0;0.498239
8442;barabasi;547398.0;0.100301;547398.0;0.02242;547398.0;0.344194
8442;complete;20272.0;0.100373;20309.0;0.062232;20272.0;0.099402
8442;erdos;111911.0;0.106841;130184.0;0.024172;111911.0;0.336461
8442;regular;4136589.0;0.106018;4136589.0;0.021946;4136589.0;0.351542
8442;watts;2507061.0;0.097165;2507061.0;0.022163;2507061.0;0.632872
8454;barabasi;520561.0;0.099905;520561.0;0.022509;520561.0;0.279222
8454;complete;20508.0;0.104763;20573.0;0.062539;20508.0;0.099502
8454;erdos;124734.0;0.107316;143574.0;0.024384;124734.0;0.373434
8454;regular;3957101.0;0.105894;3957101.0;0.022053;3957101.0;0.368474
8454;watts;2342817.0;0.097136;2342817.0;0.022304;2342817.0;0.501861
8467;barabasi;642924.0;0.101131;642924.0;0.022543;642924.0;0.346483
8467;complete;20454.0;0.102575;20494.0;0.06326;20454.0;0.099875
8467;erdos;127957.0;0.107867;146875.0;0.024234;127957.0;0.374817
8467;regular;297682341.0;0.059688;297682341.0;0.012279;297682341.0;12.278594
8467;watts;2559825.0;0.096803;2559825.0;0.022306;2559825.0;0.664652
8480;barabasi;552830.0;0.100806;552830.0;0.022696;552830.0;0.280999
8480;complete;19788.0;0.091249;19802.0;0.063049;19788.0;0.100087
8480;erdos;139591.0;0.108139;159058.0;0.024402;139591.0;0.340326
8480;regular;4784293.0;0.106318;4784293.0;0.02223;4784293.0;0.392534
8480;watts;2410575.0;0.097796;2410575.0;0.02228;2410575.0;0.53684
8492;barabasi;532340.0;0.101584;532340.0;0.022864;532340.0;0.314699
8492;complete;19854.0;0.100781;19879.0;0.062776;19854.0;0.100306
8492;erdos;140509.0;0.108427;161358.0;0.02447;140509.0;0.377084
8492;regular;3844904.0;0.106706;3844904.0;0.022377;3844904.0;0.395341
8492;watts;2870527.0;0.097793;2870527.0;0.02243;2870527.0;0.575963
8505;barabasi;527362.0;0.100936;527362.0;0.022679;527362.0;0.349647
8505;complete;20107.0;0.092383;20139.0;0.063186;20107.0;0.100616
8505;erdos;118580.0;0.108716;138076.0;0.024488;118580.0;0.414737
8505;regular;70338584.0;0.025448;70338584.0;0.006305;70338584.0;2.922031
8505;watts;2655484.0;0.09727;2655484.0;0.022503;2655484.0;0.572617
8518;barabasi;585015.0;0.102171;585015.0;0.023378;585015.0;0.383704
8518;complete;20930.0;0.103775;20993.0;0.063409;20930.0;0.101093
8518;erdos;132879.0;0.109196;152646.0;0.024544;132879.0;0.378233
8518;regular;3837652.0;0.108034;3837652.0;0.02227;3837652.0;0.367164
8518;watts;2644010.0;0.098497;2644010.0;0.022399;2644010.0;0.605563
8531;barabasi;587757.0;0.102686;587757.0;0.023112;587757.0;0.35108
8531;complete;20378.0;0.09307;20413.0;0.063638;20378.0;0.101253
8531;erdos;136060.0;0.109351;154802.0;0.02457;136060.0;0.379545
8531;regular;875469246.0;0.105292;875469246.0;0.021403;875469246.0;34.342773
8531;watts;2543134.0;0.099039;2543134.0;0.022815;2543134.0;0.541896
8544;regular;2602006.0;0.102582;2602006.0;0.021275;2602006.0;0.319494
8544;watts;2890422.0;0.099355;2890422.0;0.02267;2890422.0;0.580679
8544;erdos;117843.0;0.109876;136932.0;0.024812;117843.0;0.343642
8544;barabasi;624492.0;0.103256;624492.0;0.02315;624492.0;0.31847
8544;complete;20645.0;0.09252;20706.0;0.063782;20645.0;0.101404
8556;barabasi;558575.0;0.103612;558575.0;0.024543;558575.0;0.286286
8556;complete;20350.0;0.103229;20379.0;0.064689;20350.0;0.1021
8556;erdos;112716.0;0.110202;132696.0;0.024705;112716.0;0.344914
8556;regular;4388311.0;0.108933;4388311.0;0.022658;4388311.0;0.41123
8556;watts;2809965.0;0.099457;2809965.0;0.022474;2809965.0;0.548421
8569;barabasi;533316.0;0.103104;533316.0;0.022986;533316.0;0.355018
8569;complete;20422.0;0.106104;20457.0;0.064146;20422.0;0.102339
8569;erdos;120146.0;0.110771;140568.0;0.024952;120146.0;0.383205
8569;regular;656252032.0;0.094228;656252032.0;0.018513;656252032.0;26.855418
8569;watts;2301337.0;0.100374;2301337.0;0.022757;2301337.0;0.516244
8582;barabasi;573602.0;0.10337;573602.0;0.023176;573602.0;0.322054
8582;complete;20944.0;0.107326;21020.0;0.06444;20944.0;0.102482
8582;erdos;126599.0;0.110718;146217.0;0.024816;126599.0;0.385795
8582;regular;4329822.0;0.109602;4329822.0;0.022683;4329822.0;0.380081
8582;watts;2460324.0;0.101141;2460324.0;0.022953;2460324.0;0.615467
8595;barabasi;589052.0;0.104201;589052.0;0.023252;589052.0;0.390728
8595;complete;20631.0;0.107246;20683.0;0.064898;20631.0;0.102893
8595;erdos;142718.0;0.11257;162748.0;0.025747;142718.0;0.386487
8595;regular;88348576.0;0.029556;88348576.0;0.006934;88348576.0;3.90013
8595;watts;3022708.0;0.100989;3022708.0;0.023011;3022708.0;0.554533
8608;complete;21336.0;0.106493;21423.0;0.065002;21336.0;0.103347
8608;erdos;120275.0;0.111766;141236.0;0.025298;120275.0;0.388873
8608;regular;4298500.0;0.110234;4298500.0;0.022778;4298500.0;0.373947
8608;watts;2467072.0;0.100727;2467072.0;0.022833;2467072.0;0.554767
8608;barabasi;574295.0;0.104831;574295.0;0.023213;574295.0;0.289433
8621;barabasi;591356.0;0.104099;591356.0;0.023386;591356.0;0.325109
8621;complete;20537.0;0.105063;20588.0;0.065482;20537.0;0.103741
8621;erdos;132975.0;0.112278;152303.0;0.024994;132975.0;0.500667
8621;regular;7681497.0;0.007946;7681497.0;0.00222;7681497.0;0.346676
8621;watts;2681106.0;0.101465;2681106.0;0.023173;2681106.0;0.587888
8634;barabasi;638593.0;0.105544;638593.0;0.023227;638593.0;0.395312
8634;complete;20769.0;0.095204;20810.0;0.065233;20769.0;0.10378
8634;erdos;176568.0;0.11197;196961.0;0.025248;176568.0;0.428229
8634;regular;4441506.0;0.111151;4441506.0;0.022598;4441506.0;0.405466
8634;watts;3129047.0;0.101503;3129047.0;0.022809;3129047.0;0.522477
8647;barabasi;611980.0;0.105213;611980.0;0.023418;611980.0;0.292464
8647;complete;20820.0;0.106573;20864.0;0.065672;20820.0;0.104272
8647;erdos;120854.0;0.113784;140931.0;0.025222;120854.0;0.391782
8647;regular;912985487.0;0.10943;912985487.0;0.022155;912985487.0;36.863969
8647;watts;2686155.0;0.101919;2686155.0;0.022985;2686155.0;0.523639
8660;barabasi;645627.0;0.105523;645627.0;0.023536;645627.0;0.361824
8660;complete;20569.0;0.107433;20613.0;0.06632;20569.0;0.104578
8660;erdos;125479.0;0.112974;145556.0;0.025365;125479.0;0.392761
8660;regular;4114118.0;0.112168;4114118.0;0.022975;4114118.0;0.399313
8660;watts;2819413.0;0.102889;2819413.0;0.023066;2819413.0;0.606506
8673;barabasi;667205.0;0.105699;667205.0;0.023591;667205.0;0.329356
8673;complete;21050.0;0.108718;21112.0;0.066241;21050.0;0.104859
8673;erdos;129591.0;0.113511;149497.0;0.025325;129591.0;0.393063
8673;regular;779131543.0;0.102456;779131543.0;0.020383;779131543.0;31.944004
8673;watts;2385806.0;0.102979;2385806.0;0.023161;2385806.0;0.634113
8686;barabasi;607771.0;0.106856;607771.0;0.023653;607771.0;0.364267
8686;complete;21455.0;0.110604;21513.0;0.066021;21455.0;0.105059
8686;erdos;127748.0;0.114274;146688.0;0.025208;127748.0;0.356415
8686;regular;4659913.0;0.113512;4659913.0;0.023529;4659913.0;0.390993
8686;watts;3089638.0;0.103435;3089638.0;0.023203;3089638.0;0.558422
8699;barabasi;547791.0;0.107688;547791.0;0.023973;547791.0;0.366331
8699;complete;20333.0;0.096001;20346.0;0.066475;20333.0;0.10546
8699;erdos;112604.0;0.114707;133136.0;0.025844;112604.0;0.395811
8699;regular;157016370.0;0.041969;157016370.0;0.009336;157016370.0;6.593674
8699;watts;2824230.0;0.103472;2824230.0;0.023465;2824230.0;0.632491
8712;barabasi;565636.0;0.10698;565636.0;0.023776;565636.0;0.366765
8712;complete;20751.0;0.110212;20787.0;0.066377;20751.0;0.105645
8712;erdos;161104.0;0.115438;179999.0;0.025569;161104.0;0.397339
8712;regular;4414711.0;0.113453;4414711.0;0.02334;4414711.0;0.504196
8712;watts;2498633.0;0.10451;2498633.0;0.023402;2498633.0;0.490013
8725;barabasi;574111.0;0.107793;574111.0;0.023847;574111.0;0.368042
8725;complete;20838.0;0.108877;20874.0;0.067453;20838.0;0.106133
8725;erdos;114173.0;0.115029;134142.0;0.025759;114173.0;0.398288
8725;regular;133964982.0;0.038219;133964982.0;0.008645;133964982.0;5.77595
8725;watts;2423809.0;0.103997;2423809.0;0.023456;2423809.0;0.603658
8738;erdos;160661.0;0.115366;180873.0;0.025986;160661.0;0.399426
8738;barabasi;536520.0;0.108167;536520.0;0.024044;536520.0;0.333302
8738;complete;20448.0;0.110244;20475.0;0.067066;20448.0;0.106397
8738;regular;4165850.0;0.114697;4165850.0;0.023358;4165850.0;0.460048
8738;watts;3130529.0;0.104406;3130529.0;0.023454;3130529.0;0.567604
8751;barabasi;646749.0;0.10841;646749.0;0.024007;646749.0;0.334761
8751;complete;21346.0;0.112707;21394.0;0.067734;21346.0;0.106834
8751;erdos;128251.0;0.115545;147919.0;0.025733;128251.0;0.400256
8751;regular;523418266.0;0.087325;523418266.0;0.017114;523418266.0;21.591839
8751;watts;2620905.0;0.105382;2620905.0;0.023737;2620905.0;0.566519
8764;barabasi;585851.0;0.11284;585851.0;0.025213;585851.0;0.335985
8764;complete;21022.0;0.111428;21057.0;0.068355;21022.0;0.106929
8764;erdos;132598.0;0.116342;154152.0;0.026093;132598.0;0.40129
8764;regular;2305205.0;0.109594;2305205.0;0.022439;2305205.0;0.398071
8764;watts;2629896.0;0.105388;2629896.0;0.024074;2629896.0;0.753092
8777;barabasi;574646.0;0.109736;574646.0;0.024467;574646.0;0.336705
8777;complete;21394.0;0.097548;21461.0;0.067835;21394.0;0.10708
8777;erdos;119618.0;0.11673;139395.0;0.025877;119618.0;0.402956
8777;regular;845307316.0;0.110025;845307316.0;0.021891;845307316.0;35.294199
8777;watts;3013641.0;0.106426;3013641.0;0.024088;3013641.0;0.562995
8790;barabasi;590421.0;0.110195;590421.0;0.024525;590421.0;0.301981
8790;complete;21410.0;0.113454;21468.0;0.068627;21410.0;0.107282
8790;erdos;128909.0;0.116959;149724.0;0.026069;128909.0;0.403475
8790;regular;2603247.0;0.109934;2603247.0;0.02233;2603247.0;0.409441
8790;watts;3123321.0;0.106152;3123321.0;0.02389;3123321.0;0.578128
8803;barabasi;592763.0;0.110791;592763.0;0.024423;592763.0;0.302037
8803;complete;21285.0;0.09895;21329.0;0.069104;21285.0;0.107962
8803;erdos;127792.0;0.118069;148092.0;0.026219;127792.0;0.366904
8803;regular;982153168.0;0.117423;982153168.0;0.023358;982153168.0;40.194895
8803;watts;2795753.0;0.106677;2795753.0;0.024329;2795753.0;0.541719
8817;barabasi;716852.0;0.111359;716852.0;0.02449;716852.0;0.374771
8817;complete;21903.0;0.111662;21968.0;0.068787;21903.0;0.109078
8817;erdos;118660.0;0.118193;139238.0;0.026332;118660.0;0.368682
8817;regular;431988852.0;0.079608;431988852.0;0.015805;431988852.0;18.504328
8817;watts;2449269.0;0.106812;2449269.0;0.024099;2449269.0;0.576921
8830;barabasi;589691.0;0.11134;589691.0;0.024212;589691.0;0.304479
8830;complete;21237.0;0.099551;21269.0;0.068632;21237.0;0.108446
8830;erdos;126937.0;0.118129;146296.0;0.026202;126937.0;0.369308
8830;regular;3804110.0;0.110948;3804110.0;0.022463;3804110.0;0.380371
8830;watts;2605836.0;0.10798;2605836.0;0.023685;2605836.0;0.616678
8843;barabasi;615972.0;0.112064;615972.0;0.024851;615972.0;0.340775
8843;complete;21125.0;0.099949;21159.0;0.070294;21125.0;0.109778
8843;erdos;129910.0;0.119172;151789.0;0.02657;129910.0;0.408199
8843;regular;185639442.0;0.048109;185639442.0;0.010537;185639442.0;7.967221
8843;watts;2496371.0;0.108124;2496371.0;0.024357;2496371.0;0.579884
8856;barabasi;650738.0;0.112016;650738.0;0.024783;650738.0;0.305655
8856;complete;21224.0;0.100867;21263.0;0.069212;21224.0;0.108975
8856;erdos;123260.0;0.119713;143361.0;0.026429;123260.0;0.410026
8856;regular;4316805.0;0.119777;4316805.0;0.024372;4316805.0;0.413311
8856;watts;3074473.0;0.109161;3074473.0;0.024362;3074473.0;0.623716
8870;barabasi;551687.0;0.114034;551687.0;0.024916;551687.0;0.306723
8870;complete;20760.0;0.100854;20783.0;0.06978;20760.0;0.110291
8870;erdos;111891.0;0.12011;132764.0;0.027036;111891.0;0.411312
8870;regular;4371516.0;0.119627;4371516.0;0.024338;4371516.0;0.479656
8870;watts;2877117.0;0.109245;2877117.0;0.024669;2877117.0;0.586399
8883;barabasi;651513.0;0.115255;651513.0;0.025271;651513.0;0.416449
8883;complete;21465.0;0.116269;21506.0;0.06983;21465.0;0.109496
8883;erdos;135112.0;0.120075;155812.0;0.026713;135112.0;0.452234
8883;regular;855137.0;0.002522;855137.0;0.00073;855137.0;0.092426
8883;watts;2660688.0;0.109559;2660688.0;0.024283;2660688.0;0.541419
8896;barabasi;572506.0;0.114728;572506.0;0.024829;572506.0;0.308656
8896;complete;21080.0;0.115754;21111.0;0.070231;21080.0;0.110085
8896;erdos;136539.0;0.120996;155879.0;0.027028;136539.0;0.454853
8896;regular;4429542.0;0.120084;4429542.0;0.024129;4429542.0;0.37799
8896;watts;2480595.0;0.109418;2480595.0;0.024245;2480595.0;0.589843
8910;barabasi;541917.0;0.113999;541917.0;0.025016;541917.0;0.382369
8910;complete;21277.0;0.111016;21308.0;0.070132;21277.0;0.110297
8910;erdos;152189.0;0.120853;171587.0;0.026566;152189.0;0.415331
8910;regular;2471138.0;0.114438;2471138.0;0.022868;2471138.0;0.375007
8910;watts;2688064.0;0.109897;2688064.0;0.024308;2688064.0;0.518324
8923;barabasi;626675.0;0.113587;626675.0;0.025046;626675.0;0.346817
8923;complete;21540.0;0.109294;21599.0;0.071731;21540.0;0.110593
8923;erdos;127939.0;0.121338;148693.0;0.027502;127939.0;0.376944
8923;regular;156973760.0;0.043139;156973760.0;0.009654;156973760.0;7.136288
8923;watts;3127385.0;0.111045;3127385.0;0.024649;3127385.0;0.594449
8936;barabasi;648509.0;0.115005;648509.0;0.02504;648509.0;0.311071
8936;complete;21053.0;0.11422;21071.0;0.071436;21053.0;0.111079
8936;erdos;164506.0;0.121813;185884.0;0.027163;164506.0;0.457624
8936;regular;2358305.0;0.116262;2358305.0;0.023466;2358305.0;0.401863
8936;watts;2771726.0;0.111548;2771726.0;0.024959;2771726.0;0.596793
8950;barabasi;596263.0;0.114606;596263.0;0.025111;596263.0;0.311968
8950;complete;21245.0;0.10306;21275.0;0.071191;21245.0;0.111332
8950;erdos;137260.0;0.122187;158783.0;0.027145;137260.0;0.459139
8950;regular;4416047.0;0.122933;4416047.0;0.024676;4416047.0;0.458315
8950;watts;2489891.0;0.111812;2489891.0;0.024988;2489891.0;0.57472
8963;barabasi;561453.0;0.115629;561453.0;0.025453;561453.0;0.31372
8963;complete;21026.0;0.11255;21044.0;0.072577;21026.0;0.111749
8963;erdos;149784.0;0.123032;169530.0;0.027008;149784.0;0.419989
8963;regular;54100676.0;0.02337;54100676.0;0.005673;54100676.0;2.337381
8963;watts;2773609.0;0.112575;2773609.0;0.024892;2773609.0;0.563016
8977;barabasi;574199.0;0.11719;574199.0;0.025531;574199.0;0.350779
8977;complete;21048.0;0.115113;21071.0;0.071985;21048.0;0.111849
8977;erdos;136487.0;0.123238;156420.0;0.027246;136487.0;0.421695
8977;regular;13545990.0;0.011346;13545990.0;0.002756;13545990.0;0.644295
8977;watts;2827980.0;0.112148;2827980.0;0.025058;2827980.0;0.63913
8990;barabasi;610892.0;0.116547;610892.0;0.025174;610892.0;0.351838
8990;complete;22275.0;0.102315;22336.0;0.071978;22275.0;0.11222
8990;erdos;135543.0;0.123914;156082.0;0.027308;135543.0;0.423548
8990;regular;4468284.0;0.124392;4468284.0;0.024904;4468284.0;0.401385
8990;watts;2497310.0;0.112208;2497310.0;0.024917;2497310.0;0.585066
9004;barabasi;600944.0;0.116842;600944.0;0.025406;600944.0;0.353076
9004;complete;21467.0;0.11701;21502.0;0.072446;21467.0;0.112588
9004;erdos;126336.0;0.123767;148309.0;0.02747;126336.0;0.383354
9004;regular;4356657.0;0.124094;4356657.0;0.024601;4356657.0;0.411674
9004;watts;2728579.0;0.112717;2728579.0;0.02478;2728579.0;0.569024
9017;barabasi;582326.0;0.117378;582326.0;0.025425;582326.0;0.354279
9017;complete;21658.0;0.114875;21693.0;0.072607;21658.0;0.112968
9017;regular;488111778.0;0.090503;488111778.0;0.017735;488111778.0;21.511828
9017;watts;3060299.0;0.112997;3060299.0;0.024978;3060299.0;0.644723
9017;erdos;138572.0;0.12467;159110.0;0.027555;138572.0;0.424029
9031;barabasi;561394.0;0.118355;561394.0;0.025668;561394.0;0.317144
9031;complete;21899.0;0.10445;21933.0;0.073399;21899.0;0.11332
9031;erdos;123580.0;0.125828;143750.0;0.027389;123580.0;0.344588
9031;regular;693070805.0;0.105577;693070805.0;0.020247;693070805.0;29.124338
9031;watts;3013965.0;0.113024;3013965.0;0.025184;3013965.0;0.684131
9044;complete;21861.0;0.12237;21905.0;0.073013;21861.0;0.113648
9044;erdos;139885.0;0.125891;159018.0;0.027628;139885.0;0.426703
9044;regular;4611731.0;0.126288;4611731.0;0.025116;4611731.0;0.415058
9044;watts;2851100.0;0.115225;2851100.0;0.025659;2851100.0;0.573164
9044;barabasi;706462.0;0.118389;706462.0;0.025912;706462.0;0.431735
9058;barabasi;675714.0;0.119579;675714.0;0.026241;675714.0;0.357187
9058;complete;21885.0;0.122831;21924.0;0.07332;21885.0;0.113925
9058;erdos;125856.0;0.126136;146496.0;0.027858;125856.0;0.429156
9058;regular;4341216.0;0.128243;4341216.0;0.025974;4341216.0;0.413554
9058;watts;2721302.0;0.114394;2721302.0;0.025332;2721302.0;0.570983
9071;barabasi;644521.0;0.118871;644521.0;0.025651;644521.0;0.358564
9071;complete;21245.0;0.117245;21280.0;0.073307;21245.0;0.114394
9071;erdos;131681.0;0.126547;153030.0;0.027621;131681.0;0.42941
9071;regular;763670982.0;0.111685;763670982.0;0.021987;763670982.0;32.534316
9071;watts;2757076.0;0.115708;2757076.0;0.025909;2757076.0;0.687356
9085;barabasi;586086.0;0.119612;586086.0;0.026116;586086.0;0.359584
9085;complete;22003.0;0.105122;22035.0;0.074084;22003.0;0.114608
9085;erdos;127196.0;0.126618;148885.0;0.028123;127196.0;0.389983
9085;regular;312230910.0;0.068327;312230910.0;0.013815;312230910.0;13.568817
9085;watts;2491152.0;0.115228;2491152.0;0.025824;2491152.0;0.725397
9099;barabasi;654293.0;0.119714;654293.0;0.026091;654293.0;0.360034
9099;complete;21909.0;0.120299;21967.0;0.07438;21909.0;0.115031
9099;erdos;118755.0;0.127311;139469.0;0.027817;118755.0;0.392516
9099;regular;160156854.0;0.045218;160156854.0;0.009761;160156854.0;7.048963
9099;watts;3042306.0;0.11604;3042306.0;0.025367;3042306.0;0.583105
9112;barabasi;561809.0;0.12035;561809.0;0.025706;561809.0;0.400166
9112;complete;21422.0;0.120494;21456.0;0.075126;21422.0;0.115459
9112;erdos;157124.0;0.127426;178018.0;0.028;157124.0;0.434402
9112;regular;3057403.0;0.121994;3057403.0;0.023913;3057403.0;0.43164
9112;watts;2826379.0;0.116435;2826379.0;0.02569;2826379.0;0.574856
9126;barabasi;594689.0;0.120895;594689.0;0.026126;594689.0;0.362669
9126;complete;21625.0;0.105851;21646.0;0.074614;21625.0;0.115697
9126;erdos;134451.0;0.127862;155537.0;0.028273;134451.0;0.435728
9126;regular;2274626.0;0.122433;2274626.0;0.024122;2274626.0;0.388381
9126;watts;3480064.0;0.116155;3480064.0;0.025474;3480064.0;0.657486
9140;barabasi;656304.0;0.122407;656304.0;0.026542;656304.0;0.325168
9140;complete;21846.0;0.123887;21882.0;0.074603;21846.0;0.116204
9140;erdos;132583.0;0.129087;152258.0;0.028205;132583.0;0.437443
9140;regular;4235468.0;0.130538;4235468.0;0.025877;4235468.0;0.480792
9140;watts;2496078.0;0.118141;2496078.0;0.026172;2496078.0;0.699936
9153;barabasi;643299.0;0.122671;643299.0;0.026207;643299.0;0.364644
9153;complete;21886.0;0.126371;21922.0;0.075295;21886.0;0.116582
9153;erdos;131473.0;0.128605;151901.0;0.028058;131473.0;0.438618
9153;regular;1055094207.0;0.132193;1055094207.0;0.025654;1055094207.0;45.042977
9153;watts;2749050.0;0.118481;2749050.0;0.02585;2749050.0;0.576618
9167;complete;21664.0;0.106791;21696.0;0.076152;21664.0;0.116821
9167;erdos;142590.0;0.129628;162921.0;0.028047;142590.0;0.397344
9167;regular;628008111.0;0.104258;628008111.0;0.019416;628008111.0;26.769374
9167;watts;2901505.0;0.117373;2901505.0;0.025784;2901505.0;0.651628
9167;barabasi;598724.0;0.122596;598724.0;0.026923;598724.0;0.365561
9181;barabasi;582443.0;0.122727;582443.0;0.02647;582443.0;0.366627
9181;complete;21085.0;0.107029;21097.0;0.076127;21085.0;0.118361
9181;erdos;136970.0;0.130382;157722.0;0.028739;136970.0;0.44213
9181;regular;985184147.0;0.127487;985184147.0;0.024662;985184147.0;43.541186
9181;watts;3277894.0;0.119188;3277894.0;0.026755;3277894.0;0.670244
9195;barabasi;639419.0;0.124667;639419.0;0.027237;639419.0;0.408682
9195;complete;21638.0;0.108227;21662.0;0.076354;21638.0;0.117524
9195;erdos;132400.0;0.13441;153050.0;0.029454;132400.0;0.401131
9195;regular;264754328.0;0.063446;264754328.0;0.013413;264754328.0;11.687759
9195;watts;2765724.0;0.119273;2765724.0;0.026404;2765724.0;0.668928
9208;barabasi;553191.0;0.12419;553191.0;0.026991;553191.0;0.408103
9208;complete;22020.0;0.108435;22043.0;0.076957;22020.0;0.117789
9208;erdos;113427.0;0.131522;134185.0;0.028972;113427.0;0.443279
9208;regular;4332343.0;0.132404;4332343.0;0.026007;4332343.0;0.482396
9208;watts;2992631.0;0.119792;2992631.0;0.026349;2992631.0;0.592231
9222;barabasi;671446.0;0.124486;671446.0;0.026923;671446.0;0.409157
9222;complete;21134.0;0.119914;21146.0;0.076504;21134.0;0.118
9222;erdos;124427.0;0.131711;144546.0;0.028603;124427.0;0.488134
9222;regular;4236614.0;0.132938;4236614.0;0.026078;4236614.0;0.471536
9222;watts;3054517.0;0.119344;3054517.0;0.026109;3054517.0;0.594796
9236;barabasi;632175.0;0.124652;632175.0;0.026711;632175.0;0.370953
9236;complete;21772.0;0.10925;21794.0;0.077348;21772.0;0.118717
9236;erdos;125960.0;0.130811;146239.0;0.028825;125960.0;0.447508
9236;regular;4720047.0;0.133486;4720047.0;0.026421;4720047.0;0.415969
9236;watts;3372516.0;0.120212;3372516.0;0.026241;3372516.0;0.633274
9250;barabasi;627855.0;0.125081;627855.0;0.026519;627855.0;0.450948
9250;complete;22343.0;0.10942;22375.0;0.076951;22343.0;0.118824
9250;erdos;122651.0;0.132179;143784.0;0.028963;122651.0;0.490706
9250;regular;4884018.0;0.133666;4884018.0;0.026206;4884018.0;0.460677
9250;watts;2988867.0;0.120856;2988867.0;0.026528;2988867.0;0.627092
9264;barabasi;558438.0;0.126521;558438.0;0.026775;558438.0;0.333713
9264;complete;22003.0;0.119327;22025.0;0.076989;22003.0;0.119075
9264;erdos;129351.0;0.133225;150966.0;0.029313;129351.0;0.492664
9264;regular;4190956.0;0.134263;4190956.0;0.026328;4190956.0;0.454508
9264;watts;3090297.0;0.121307;3090297.0;0.02647;3090297.0;0.641286
9278;barabasi;657618.0;0.126693;657618.0;0.026858;657618.0;0.374311
9278;complete;22481.0;0.128336;22521.0;0.077293;22481.0;0.119789
9278;erdos;137748.0;0.133435;158755.0;0.028829;137748.0;0.449983
9278;regular;4355791.0;0.134283;4355791.0;0.026099;4355791.0;0.497487
9278;watts;2936022.0;0.121776;2936022.0;0.026381;2936022.0;0.676382
9291;barabasi;751086.0;0.127072;751086.0;0.026919;751086.0;0.415664
9291;complete;22273.0;0.110554;22303.0;0.077901;22273.0;0.120054
9291;erdos;157354.0;0.134404;177419.0;0.033219;157354.0;0.451019
9291;regular;24663360.0;0.015886;24663360.0;0.003602;24663360.0;1.074355
9291;watts;3088550.0;0.122367;3088550.0;0.026543;3088550.0;0.603729
9305;barabasi;606488.0;0.127427;606488.0;0.026994;606488.0;0.337537
9305;complete;22004.0;0.111746;22039.0;0.07815;22004.0;0.120203
9305;erdos;132358.0;0.133729;151594.0;0.02926;132358.0;0.410111
9305;regular;351477610.0;0.077348;351477610.0;0.01514;351477610.0;15.826874
9305;watts;3125379.0;0.123603;3125379.0;0.026942;3125379.0;0.804483
9319;barabasi;593166.0;0.1282;593166.0;0.027121;593166.0;0.419117
9319;complete;21294.0;0.120365;21310.0;0.078201;21294.0;0.120579
9319;erdos;147538.0;0.1349;167862.0;0.029555;147538.0;0.410427
9319;regular;298911112.0;0.069254;298911112.0;0.013832;298911112.0;13.623818
9319;watts;3281025.0;0.123057;3281025.0;0.027069;3281025.0;0.644769
9333;barabasi;642834.0;0.126916;642834.0;0.027303;642834.0;0.37841
9333;complete;22327.0;0.131255;22359.0;0.079336;22327.0;0.121049
9333;erdos;157594.0;0.136019;178942.0;0.029553;157594.0;0.454404
9333;regular;873754257.0;0.125531;873754257.0;0.024075;873754257.0;38.122848
9333;watts;2653913.0;0.123958;2653913.0;0.027275;2653913.0;0.609172
9347;barabasi;635942.0;0.129855;635942.0;0.027219;635942.0;0.340115
9347;complete;22984.0;0.133435;23025.0;0.078796;22984.0;0.121973
9347;erdos;119837.0;0.13572;141106.0;0.029417;119837.0;0.457377
9347;regular;1084606285.0;0.137129;1084606285.0;0.025818;1084606285.0;48.647412
9347;watts;3455336.0;0.123713;3455336.0;0.027267;3455336.0;0.635037
9361;barabasi;645614.0;0.129452;645614.0;0.027439;645614.0;0.380665
9361;complete;22011.0;0.128192;22036.0;0.079317;22011.0;0.122104
9361;erdos;152187.0;0.136599;174068.0;0.030324;152187.0;0.457802
9361;regular;429344103.0;0.088295;429344103.0;0.016682;429344103.0;19.103591
9361;watts;2567408.0;0.125077;2567408.0;0.027066;2567408.0;0.733082
9375;barabasi;755261.0;0.130971;755261.0;0.027503;755261.0;0.425441
9375;complete;22501.0;0.131087;22541.0;0.079714;22501.0;0.122216
9375;erdos;124471.0;0.13718;145098.0;0.029526;124471.0;0.416168
9375;regular;1110391308.0;0.139932;1110391308.0;0.026482;1110391308.0;48.579757
9375;watts;3534963.0;0.12531;3534963.0;0.026719;3534963.0;0.64757
9389;barabasi;675825.0;0.130055;675825.0;0.02723;675825.0;0.384798
9389;complete;23140.0;0.112444;23212.0;0.080141;23140.0;0.122458
9389;erdos;140660.0;0.137156;162192.0;0.029548;140660.0;0.504282
9389;regular;1107294539.0;0.141269;1107294539.0;0.026614;1107294539.0;48.313347
9389;watts;3044848.0;0.125599;3044848.0;0.027285;3044848.0;0.684446
9404;barabasi;623943.0;0.130351;623943.0;0.027356;623943.0;0.38408
9404;complete;22111.0;0.132161;22131.0;0.080025;22111.0;0.122989
9404;erdos;120699.0;0.138215;141844.0;0.030093;120699.0;0.46258
9404;regular;2654720.0;0.132875;2654720.0;0.025508;2654720.0;0.392061
9404;watts;2608771.0;0.126858;2608771.0;0.027143;2608771.0;0.773071
9418;barabasi;630547.0;0.130725;630547.0;0.027581;630547.0;0.38625
9418;complete;22567.0;0.12985;22587.0;0.080452;22567.0;0.123267
9418;erdos;133589.0;0.137948;154762.0;0.029972;133589.0;0.464098
9418;regular;2797083.0;0.13327;2797083.0;0.025668;2797083.0;0.457357
9418;watts;3152842.0;0.127182;3152842.0;0.027465;3152842.0;0.702748
9432;erdos;133420.0;0.139463;153754.0;0.029825;133420.0;0.465563
9432;barabasi;672372.0;0.13192;672372.0;0.027459;672372.0;0.427434
9432;complete;21896.0;0.120295;21913.0;0.081271;21896.0;0.123556
9432;regular;4780372.0;0.141422;4780372.0;0.026968;4780372.0;0.412042
9432;watts;2912551.0;0.127089;2912551.0;0.026986;2912551.0;0.705121
9446;barabasi;589461.0;0.132818;589461.0;0.027493;589461.0;0.388729
9446;complete;21861.0;0.114552;21872.0;0.080893;21861.0;0.123946
9446;erdos;129078.0;0.140951;150362.0;0.033304;129078.0;0.512346
9446;regular;4677142.0;0.142213;4677142.0;0.027079;4677142.0;0.449014
9446;watts;3154875.0;0.12928;3154875.0;0.03175;3154875.0;0.623178
9460;erdos;136179.0;0.140227;157918.0;0.030208;136179.0;0.423247
9460;regular;4445409.0;0.142507;4445409.0;0.026957;4445409.0;0.487259
9460;watts;2932098.0;0.127981;2932098.0;0.027006;2932098.0;0.750533
9460;barabasi;642957.0;0.133609;642957.0;0.027422;642957.0;0.389689
9460;complete;22856.0;0.135706;22898.0;0.081755;22856.0;0.124338
9474;barabasi;648410.0;0.134083;648410.0;0.027638;648410.0;0.392269
9474;complete;21800.0;0.114394;21811.0;0.082205;21800.0;0.124757
9474;erdos;146679.0;0.140455;167461.0;0.030223;146679.0;0.469639
9474;regular;4973815.0;0.143826;4973815.0;0.02726;4973815.0;0.53065
9474;watts;3023898.0;0.127323;3023898.0;0.027396;3023898.0;0.623346
9489;barabasi;712327.0;0.133085;712327.0;0.027605;712327.0;0.434875
9489;complete;22531.0;0.135124;22556.0;0.081906;22531.0;0.124896
9489;erdos;135995.0;0.141923;158167.0;0.030348;135995.0;0.471075
9489;regular;596170357.0;0.10832;596170357.0;0.019676;596170357.0;27.019348
9489;watts;3023341.0;0.12947;3023341.0;0.027472;3023341.0;0.713326
9503;barabasi;694857.0;0.135696;694857.0;0.028816;694857.0;0.352852
9503;complete;22610.0;0.136632;22651.0;0.082567;22610.0;0.125661
9503;erdos;130743.0;0.141244;152324.0;0.031341;130743.0;0.427095
9503;regular;266321764.0;0.066186;266321764.0;0.013177;266321764.0;11.87049
9503;watts;3042132.0;0.130388;3042132.0;0.028047;3042132.0;0.633019
9517;barabasi;634594.0;0.135146;634594.0;0.028261;634594.0;0.398337
9517;complete;22701.0;0.116787;22727.0;0.082604;22701.0;0.125727
9517;erdos;149919.0;0.141774;170265.0;0.030432;149919.0;0.482871
9517;regular;956622714.0;0.1357;956622714.0;0.025153;956622714.0;44.315231
9517;watts;3023311.0;0.12923;3023311.0;0.028115;3023311.0;0.788913
9531;barabasi;703510.0;0.135502;703510.0;0.027808;703510.0;0.437414
9531;complete;21996.0;0.115842;22005.0;0.082948;21996.0;0.126678
9531;erdos;133481.0;0.143067;154375.0;0.0305;133481.0;0.476227
9531;regular;261687744.0;0.066331;261687744.0;0.01352;261687744.0;12.519647
9531;watts;3278424.0;0.129863;3278424.0;0.027938;3278424.0;0.764507
9546;barabasi;595433.0;0.135938;595433.0;0.027914;595433.0;0.396976
9546;complete;22365.0;0.117294;22375.0;0.084263;22365.0;0.128088
9546;erdos;151857.0;0.143555;173683.0;0.031183;151857.0;0.43066
9546;regular;4843322.0;0.146461;4843322.0;0.027682;4843322.0;0.503571
9546;watts;3096749.0;0.130241;3096749.0;0.027679;3096749.0;0.889747
9560;barabasi;651408.0;0.13633;651408.0;0.028397;651408.0;0.355325
9560;complete;22872.0;0.117876;22922.0;0.083813;22872.0;0.12722
9560;erdos;117516.0;0.14313;138725.0;0.030536;117516.0;0.433166
9560;regular;5287663.0;0.147647;5287663.0;0.027802;5287663.0;0.440609
9560;watts;3044652.0;0.13135;3044652.0;0.027878;3044652.0;0.676921
9574;barabasi;631827.0;0.138192;631827.0;0.028692;631827.0;0.444414
9574;complete;23529.0;0.138014;23572.0;0.084119;23529.0;0.128195
9574;erdos;143656.0;0.143489;163999.0;0.030978;143656.0;0.434559
9574;regular;4479784.0;0.148209;4479784.0;0.027936;4479784.0;0.491142
9574;watts;3251884.0;0.131998;3251884.0;0.027891;3251884.0;0.724357
9589;barabasi;717189.0;0.138526;717189.0;0.028349;717189.0;0.399684
9589;complete;23036.0;0.137767;23068.0;0.084227;23036.0;0.127848
9589;erdos;165852.0;0.143473;187029.0;0.030994;165852.0;0.481839
9589;regular;928321702.0;0.136608;928321702.0;0.024897;928321702.0;42.103514
9589;watts;3200023.0;0.132272;3200023.0;0.02875;3200023.0;0.808545
9603;watts;2880341.0;0.132921;2880341.0;0.028709;2880341.0;0.639968
9603;barabasi;703249.0;0.139274;703249.0;0.028791;703249.0;0.486653
9603;complete;22697.0;0.141147;22722.0;0.084728;22697.0;0.128615
9603;erdos;127018.0;0.145472;148319.0;0.030929;127018.0;0.484798
9603;regular;784283698.0;0.127169;784283698.0;0.022555;784283698.0;35.300635
9617;barabasi;584815.0;0.138594;584815.0;0.02848;584815.0;0.360278
9617;complete;22073.0;0.133365;22096.0;0.08446;22073.0;0.128428
9617;erdos;137302.0;0.145941;158831.0;0.031053;137302.0;0.531124
9617;regular;1131103516.0;0.150576;1131103516.0;0.027603;1131103516.0;51.743971
9617;watts;2998318.0;0.134063;2998318.0;0.028637;2998318.0;0.771117
9632;barabasi;625224.0;0.140165;625224.0;0.028903;625224.0;0.445931
9632;complete;22739.0;0.140691;22764.0;0.085575;22739.0;0.129289
9632;erdos;126472.0;0.147245;147615.0;0.031356;126472.0;0.48683
9632;regular;4417805.0;0.149609;4417805.0;0.028113;4417805.0;0.513564
9632;watts;2813417.0;0.134884;2813417.0;0.028215;2813417.0;0.689306
9646;barabasi;660978.0;0.139947;660978.0;0.028562;660978.0;0.446864
9646;complete;23235.0;0.141952;23289.0;0.085938;23235.0;0.130191
9646;erdos;161550.0;0.146642;182928.0;0.031061;161550.0;0.487061
9646;regular;4535018.0;0.150802;4535018.0;0.028174;4535018.0;0.589174
9646;watts;3400968.0;0.1341;3400968.0;0.028314;3400968.0;0.643487
9661;barabasi;730509.0;0.140125;730509.0;0.029271;730509.0;0.492063
9661;complete;21930.0;0.127382;21939.0;0.085707;21930.0;0.129823
9661;erdos;129742.0;0.148287;151799.0;0.031554;129742.0;0.441885
9661;regular;860788916.0;0.133367;860788916.0;0.024437;860788916.0;38.588044
9661;watts;2879651.0;0.135447;2879651.0;0.029007;2879651.0;0.737837
9675;barabasi;678438.0;0.14203;678438.0;0.029522;678438.0;0.449634
9675;complete;22552.0;0.137395;22573.0;0.086989;22552.0;0.130291
9675;erdos;128487.0;0.148258;150303.0;0.031683;128487.0;0.490052
9675;regular;127402758.0;0.042893;127402758.0;0.009407;127402758.0;5.844934
9675;watts;3285357.0;0.136336;3285357.0;0.02846;3285357.0;0.697294
9690;barabasi;613567.0;0.141625;613567.0;0.028859;613567.0;0.408311
9690;complete;22183.0;0.129578;22192.0;0.086564;22183.0;0.130567
9690;erdos;131523.0;0.14949;151701.0;0.032123;131523.0;0.492473
9690;regular;5053685.0;0.153366;5053685.0;0.029051;5053685.0;0.521377
9690;watts;3306807.0;0.136952;3306807.0;0.028736;3306807.0;0.740044
9704;barabasi;787446.0;0.142349;787446.0;0.028988;787446.0;0.409837
9704;complete;22774.0;0.119051;22803.0;0.087288;22774.0;0.132065
9704;erdos;126363.0;0.148591;148507.0;0.031937;126363.0;0.492282
9704;regular;2898928.0;0.147595;2898928.0;0.02741;2898928.0;0.51075
9704;watts;2756075.0;0.136248;2756075.0;0.028829;2756075.0;0.721708
9719;barabasi;672079.0;0.142752;672079.0;0.029135;672079.0;0.410545
9719;complete;22737.0;0.139903;22750.0;0.086952;22737.0;0.131433
9719;erdos;144942.0;0.149545;166847.0;0.031889;144942.0;0.449237
9719;regular;849794565.0;0.135003;849794565.0;0.029884;849794565.0;38.206699
9719;watts;3300901.0;0.137936;3300901.0;0.029217;3300901.0;0.69861
9733;barabasi;698793.0;0.144123;698793.0;0.029412;698793.0;0.411608
9733;complete;23120.0;0.142903;23152.0;0.087429;23120.0;0.131819
9733;erdos;135810.0;0.150112;158201.0;0.0321;135810.0;0.544738
9733;regular;1193122242.0;0.156606;1193122242.0;0.028628;1193122242.0;53.751598
9733;watts;3391680.0;0.139244;3391680.0;0.02924;3391680.0;0.749025
9748;barabasi;628437.0;0.144756;628437.0;0.029418;628437.0;0.412832
9748;complete;23207.0;0.124125;23234.0;0.087329;23207.0;0.132187
9748;erdos;150428.0;0.151319;172739.0;0.03226;150428.0;0.450777
9748;regular;4973916.0;0.156528;4973916.0;0.029073;4973916.0;0.656205
9748;watts;3337047.0;0.137858;3337047.0;0.028814;3337047.0;0.783358
9763;barabasi;689063.0;0.145943;689063.0;0.029902;689063.0;0.458047
9763;complete;22687.0;0.139022;22697.0;0.087859;22687.0;0.133518
9763;erdos;130589.0;0.153157;152542.0;0.032273;130589.0;0.500685
9763;regular;1197780837.0;0.157761;1197780837.0;0.02819;1197780837.0;54.824287
9763;watts;3530244.0;0.140143;3530244.0;0.029437;3530244.0;0.884343
9777;barabasi;718892.0;0.145805;718892.0;0.029327;718892.0;0.415795
9777;complete;22917.0;0.142549;22933.0;0.088588;22917.0;0.133077
9777;erdos;138847.0;0.153683;159060.0;0.032492;138847.0;0.501163
9777;regular;1150054457.0;0.154971;1150054457.0;0.027952;1150054457.0;52.035188
9777;watts;3312249.0;0.139531;3312249.0;0.029515;3312249.0;0.794712
9792;barabasi;676384.0;0.145271;676384.0;0.029796;676384.0;0.417358
9792;complete;23534.0;0.14456;23581.0;0.089637;23534.0;0.133631
9792;erdos;115919.0;0.152757;137852.0;0.032134;115919.0;0.503256
9792;regular;2996809.0;0.149678;2996809.0;0.027436;2996809.0;0.552113
9792;watts;3094989.0;0.139871;3094989.0;0.029111;3094989.0;0.795086
9807;barabasi;639820.0;0.146199;639820.0;0.029668;639820.0;0.374705
9807;complete;23565.0;0.145832;23600.0;0.089157;23565.0;0.133747
9807;erdos;130651.0;0.15418;152054.0;0.032221;130651.0;0.503608
9807;regular;1023557324.0;0.149642;1023557324.0;0.026609;1023557324.0;47.543524
9807;watts;3150511.0;0.140547;3150511.0;0.029785;3150511.0;0.750558
9821;barabasi;759975.0;0.147449;759975.0;0.029976;759975.0;0.375113
9821;complete;23152.0;0.123809;23177.0;0.089481;23152.0;0.134143
9821;erdos;149828.0;0.154599;171419.0;0.03237;149828.0;0.504999
9821;regular;483924664.0;0.103767;483924664.0;0.018265;483924664.0;22.865063
9821;watts;3278160.0;0.140162;3278160.0;0.02921;3278160.0;0.714352
9836;barabasi;677958.0;0.148846;677958.0;0.030202;677958.0;0.420125
9836;complete;22984.0;0.145679;23006.0;0.090603;22984.0;0.134755
9836;erdos;129839.0;0.155508;150483.0;0.032678;129839.0;0.506931
9836;regular;5171901.0;0.160243;5171901.0;0.029395;5171901.0;0.557198
9836;watts;3168060.0;0.140814;3168060.0;0.029537;3168060.0;0.81156
9851;barabasi;725870.0;0.147505;725870.0;0.030007;725870.0;0.421403
9851;complete;23169.0;0.142848;23187.0;0.090088;23169.0;0.135049
9851;erdos;122933.0;0.155613;143910.0;0.032336;122933.0;0.508459
9851;regular;275785079.0;0.072289;275785079.0;0.013943;275785079.0;13.617968
9851;watts;3117712.0;0.141748;3117712.0;0.030105;3117712.0;0.677702
9866;barabasi;767849.0;0.149329;767849.0;0.030112;767849.0;0.424232
9866;complete;22928.0;0.125488;22943.0;0.090097;22928.0;0.135516
9866;erdos;127026.0;0.155196;149253.0;0.03254;127026.0;0.559192
9866;regular;4551902.0;0.162228;4551902.0;0.0297;4551902.0;0.585708
9866;watts;3183237.0;0.142807;3183237.0;0.029499;3183237.0;0.717608
9880;barabasi;699393.0;0.1495;699393.0;0.030013;699393.0;0.424079
9880;complete;23561.0;0.14994;23577.0;0.091257;23561.0;0.135793
9880;erdos;126170.0;0.156594;147763.0;0.03279;126170.0;0.511402
9880;regular;2804841.0;0.154196;2804841.0;0.028232;2804841.0;0.434586
9880;watts;3481048.0;0.143182;3481048.0;0.029712;3481048.0;0.731608
9895;erdos;146641.0;0.157798;168400.0;0.033042;146641.0;0.464039
9895;barabasi;624934.0;0.150214;624934.0;0.03007;624934.0;0.425402
9895;complete;24049.0;0.127214;24102.0;0.091279;24049.0;0.136182
9895;regular;238405510.0;0.065619;238405510.0;0.013041;238405510.0;11.560776
9895;watts;3247363.0;0.144244;3247363.0;0.029606;3247363.0;0.862195
9910;barabasi;633323.0;0.151624;633323.0;0.030152;633323.0;0.381291
9910;complete;23803.0;0.152719;23829.0;0.092248;23803.0;0.136589
9910;erdos;150294.0;0.158808;172497.0;0.0331;150294.0;0.465611
9910;regular;4505447.0;0.162885;4505447.0;0.029587;4505447.0;0.520519
9910;watts;2815109.0;0.143972;2815109.0;0.029817;2815109.0;0.730921
9925;barabasi;613117.0;0.151663;613117.0;0.030383;613117.0;0.382788
9925;complete;23075.0;0.127001;23093.0;0.092026;23075.0;0.136968
9925;erdos;123997.0;0.158433;146989.0;0.033293;123997.0;0.567133
9925;regular;1141166078.0;0.159442;1141166078.0;0.027988;1141166078.0;53.190701
9925;watts;3589471.0;0.143133;3589471.0;0.029766;3589471.0;0.731576
9940;barabasi;699550.0;0.15267;699550.0;0.030442;699550.0;0.475194
9940;complete;23455.0;0.127666;23489.0;0.092205;23455.0;0.137542
9940;erdos;137097.0;0.159699;159050.0;0.033121;137097.0;0.518477
9940;regular;4962082.0;0.165371;4962082.0;0.029972;4962082.0;0.688623
9940;watts;3278318.0;0.145502;3278318.0;0.030065;3278318.0;0.778317
9955;barabasi;625564.0;0.153801;625564.0;0.030536;625564.0;0.387717
9955;complete;23396.0;0.144893;23425.0;0.092424;23396.0;0.137882
9955;erdos;121552.0;0.158977;142941.0;0.033259;121552.0;0.51982
9955;regular;970298699.0;0.150894;970298699.0;0.026019;970298699.0;46.072103
9955;watts;2891597.0;0.145395;2891597.0;0.029936;2891597.0;0.77048
9970;barabasi;727203.0;0.154859;727203.0;0.036447;727203.0;0.386467
9970;complete;23369.0;0.148482;23382.0;0.092361;23369.0;0.138241
9970;erdos;132917.0;0.160634;154426.0;0.03323;132917.0;0.470755
9970;regular;4457412.0;0.166589;4457412.0;0.030282;4457412.0;0.689219
9970;watts;3416211.0;0.145864;3416211.0;0.030228;3416211.0;0.737927
9985;barabasi;624864.0;0.154153;624864.0;0.030966;624864.0;0.433856
9985;complete;23423.0;0.150954;23437.0;0.093335;23423.0;0.138489
9985;erdos;148769.0;0.160718;171620.0;0.03369;148769.0;0.573267
9985;regular;588594381.0;0.119397;588594381.0;0.02027;588594381.0;27.669898
9985;watts;3437190.0;0.148092;3437190.0;0.030362;3437190.0;0.741038
10000;barabasi;726862.0;0.154344;726862.0;0.031094;726862.0;0.479914
10000;complete;23377.0;0.15237;23405.0;0.093369;23377.0;0.138929
10000;erdos;122814.0;0.16076;145754.0;0.033957;122814.0;0.472959
10000;regular;4975718.0;0.167611;4975718.0;0.029912;4975718.0;0.541242
10000;watts;2976924.0;0.147643;2976924.0;0.031025;2976924.0;0.837219
499;barabasi;27598.0;0.000349;27598.0;0.00012;27598.0;0.000804
499;complete;1841.0;0.000319;2581.0;0.000244;1841.0;0.000587
499;erdos;83214.0;0.000345;83214.0;0.000108;83214.0;0.000882
499;regular;1372908.0;0.000228;1372908.0;6e-05;1372908.0;0.003854
499;watts;100355.0;0.000323;100355.0;0.000102;100355.0;0.001476
566;barabasi;29651.0;0.000441;29651.0;0.000142;29651.0;0.001018
566;complete;1917.0;0.000433;2569.0;0.000303;1917.0;0.000763
566;erdos;52702.0;0.000494;52702.0;0.000141;52702.0;0.00138
566;regular;169745.0;0.000439;169745.0;0.00013;169745.0;0.001296
566;watts;143508.0;0.000407;143508.0;0.000124;143508.0;0.00178
641;barabasi;41773.0;0.000571;41773.0;0.000175;41773.0;0.001287
641;complete;2251.0;0.000529;2894.0;0.000377;2251.0;0.000949
641;erdos;67171.0;0.00058;67171.0;0.000174;67171.0;0.001556
641;regular;3925941.0;0.000484;3925941.0;0.000106;3925941.0;0.011653
641;watts;143147.0;0.000524;143147.0;0.000154;143147.0;0.002178
727;complete;2372.0;0.000714;2922.0;0.00047;2372.0;0.001207
727;erdos;79328.0;0.000738;79328.0;0.000221;79328.0;0.002049
727;regular;6334814.0;0.000674;6334814.0;0.00015;6334814.0;0.02394
727;watts;167217.0;0.000654;167217.0;0.000187;167217.0;0.003014
727;barabasi;47642.0;0.000924;47642.0;0.000214;47642.0;0.002158
823;barabasi;49539.0;0.0009;49539.0;0.000264;49539.0;0.002078
823;complete;2650.0;0.000836;3230.0;0.000621;2650.0;0.00124
823;erdos;69371.0;0.00095;69468.0;0.000279;69371.0;0.003501
823;regular;6481241.0;0.000795;6481241.0;0.000173;6481241.0;0.029302
823;watts;180383.0;0.000854;180383.0;0.000232;180383.0;0.004367
933;barabasi;66906.0;0.001324;66906.0;0.000426;66906.0;0.003051
933;complete;2954.0;0.001082;3549.0;0.000738;2954.0;0.001581
933;erdos;91029.0;0.001202;91422.0;0.000345;91029.0;0.003722
933;regular;4486518.0;0.000734;4486518.0;0.000164;4486518.0;0.020022
933;watts;204748.0;0.001319;204748.0;0.000298;204748.0;0.004904
1057;barabasi;60394.0;0.001459;60394.0;0.00041;60394.0;0.004397
1057;complete;3192.0;0.001291;3848.0;0.000923;3192.0;0.002019
1057;erdos;92391.0;0.001669;93028.0;0.000425;92391.0;0.005166
1057;regular;13934691.0;0.001568;13934691.0;0.000302;13934691.0;0.071832
1057;watts;255672.0;0.001388;255672.0;0.000356;255672.0;0.005859
1197;barabasi;66428.0;0.001994;66428.0;0.000518;66428.0;0.004276
1197;complete;3689.0;0.001697;4456.0;0.001146;3689.0;0.002594
1197;erdos;71945.0;0.001985;73471.0;0.000521;71945.0;0.007063
1197;regular;4104656.0;0.000856;4104656.0;0.00024;4104656.0;0.024993
1197;watts;324516.0;0.001755;324516.0;0.000451;324516.0;0.008576
1357;regular;427803.0;0.00028;427803.0;6.9e-05;427803.0;0.004335
1357;watts;344200.0;0.002449;344200.0;0.000549;344200.0;0.012233
1357;barabasi;111609.0;0.002394;111609.0;0.000685;111609.0;0.006447
1357;complete;3983.0;0.002028;4627.0;0.00145;3983.0;0.003304
1357;erdos;75640.0;0.002539;78153.0;0.00066;75640.0;0.009117
1537;barabasi;93341.0;0.003037;93341.0;0.000768;93341.0;0.009348
1537;complete;4464.0;0.002719;5067.0;0.001826;4464.0;0.004254
1537;erdos;76336.0;0.003248;78724.0;0.000825;76336.0;0.011286
1537;regular;25015908.0;0.002771;25015908.0;0.00057;25015908.0;0.1778
1537;watts;397124.0;0.003021;397124.0;0.000713;397124.0;0.014103
1742;barabasi;107200.0;0.004157;107200.0;0.000964;107200.0;0.010465
1742;complete;4939.0;0.003545;5607.0;0.002379;4939.0;0.005401
1742;erdos;77822.0;0.004156;80937.0;0.001023;77822.0;0.014727
1742;regular;633551.0;0.003842;633551.0;0.000877;633551.0;0.014918
1742;watts;461681.0;0.003659;461681.0;0.000887;461681.0;0.018115
1973;barabasi;120111.0;0.005004;120145.0;0.001176;120111.0;0.014901
1973;complete;5531.0;0.00491;6238.0;0.003045;5531.0;0.00694
1973;erdos;74862.0;0.005357;78589.0;0.001296;74862.0;0.019187
1973;regular;36475541.0;0.004326;36475541.0;0.000878;36475541.0;0.327488
1973;watts;568400.0;0.004773;568400.0;0.00111;568400.0;0.024971
2236;barabasi;148004.0;0.006576;148004.0;0.001529;148004.0;0.017074
2236;complete;6192.0;0.005684;6645.0;0.003763;6192.0;0.008898
2236;erdos;84531.0;0.006955;89805.0;0.0017;84531.0;0.024827
2236;regular;702900.0;0.006213;702900.0;0.00137;702900.0;0.025819
2236;watts;624028.0;0.006223;624028.0;0.001479;624028.0;0.029608
2533;barabasi;146576.0;0.008497;146576.0;0.002035;146576.0;0.033345
2533;complete;6879.0;0.007371;7317.0;0.005041;6879.0;0.01184
2533;erdos;79885.0;0.009161;85753.0;0.002364;79885.0;0.032462
2533;regular;77541191.0;0.008168;77541191.0;0.002073;77541191.0;0.864536
2533;watts;567780.0;0.008137;567780.0;0.002326;567780.0;0.038705
2870;barabasi;199938.0;0.01089;199938.0;0.00302;199938.0;0.036227
2870;complete;7898.0;0.009312;8384.0;0.006419;7898.0;0.015345
2870;erdos;74762.0;0.011764;81672.0;0.003302;74762.0;0.042146
2870;regular;1130254.0;0.01026;1130254.0;0.002748;1130254.0;0.035907
2870;watts;779893.0;0.010607;779893.0;0.003041;779893.0;0.051105
3251;barabasi;205767.0;0.014022;205767.0;0.003772;205767.0;0.041886
3251;complete;8611.0;0.012504;8861.0;0.008169;8611.0;0.019803
3251;erdos;84809.0;0.015187;93061.0;0.004137;84809.0;0.060616
3251;regular;65039220.0;0.009887;65039220.0;0.002706;65039220.0;0.94169
3251;watts;827065.0;0.013482;827065.0;0.003788;827065.0;0.079176
3684;complete;9532.0;0.017536;9735.0;0.010436;9532.0;0.025468
3684;erdos;98410.0;0.019485;107357.0;0.005214;98410.0;0.063935
3684;regular;1724866.0;0.018118;1724866.0;0.004946;1724866.0;0.06114
3684;watts;1191014.0;0.017373;1191014.0;0.004905;1191014.0;0.090097
3684;barabasi;239715.0;0.018058;239715.0;0.004979;239715.0;0.04701
4173;barabasi;281365.0;0.023183;281365.0;0.006258;281365.0;0.076391
4173;complete;10993.0;0.020544;11262.0;0.013823;10993.0;0.024488
4173;erdos;110160.0;0.024942;120001.0;0.006559;110160.0;0.090762
4173;regular;201387129.0;0.022409;201387129.0;0.005563;201387129.0;3.845721
4173;watts;1255696.0;0.022482;1255696.0;0.006189;1255696.0;0.121341
4728;barabasi;304626.0;0.030003;304626.0;0.007922;304626.0;0.087978
4728;complete;12326.0;0.026789;12533.0;0.017758;12326.0;0.031373
4728;erdos;97959.0;0.032078;109353.0;0.008274;97959.0;0.1162
4728;regular;2137986.0;0.030455;2137986.0;0.007998;2137986.0;0.120205
4728;watts;1482905.0;0.029136;1482905.0;0.007714;1482905.0;0.176852
5357;barabasi;361668.0;0.038904;361668.0;0.009886;361668.0;0.112344
5357;complete;13862.0;0.034646;14055.0;0.022872;13862.0;0.040122
5357;erdos;111265.0;0.041165;125124.0;0.01044;111265.0;0.164173
5357;regular;229780837.0;0.031823;229780837.0;0.007724;229780837.0;5.900001
5357;watts;1675242.0;0.037709;1675242.0;0.009617;1675242.0;0.214913
6069;barabasi;381337.0;0.049791;381337.0;0.012474;381337.0;0.161162
6069;complete;14961.0;0.049754;15024.0;0.029888;14961.0;0.051405
6069;erdos;129925.0;0.052845;145290.0;0.013267;129925.0;0.229189
6069;regular;437976819.0;0.048669;437976819.0;0.011516;437976819.0;12.202662
6069;watts;1759720.0;0.048432;1759720.0;0.012165;1759720.0;0.240472
6876;barabasi;518343.0;0.063883;518343.0;0.015685;518343.0;0.207211
6876;complete;17752.0;0.060136;17905.0;0.039408;17752.0;0.066167
6876;erdos;118234.0;0.068756;133971.0;0.016534;118234.0;0.247037
6876;regular;2392371.0;0.061357;2392371.0;0.014453;2392371.0;0.248077
6876;watts;2050202.0;0.062303;2050202.0;0.015519;2050202.0;0.351889
7790;barabasi;494263.0;0.085369;494263.0;0.019482;494263.0;0.236065
7790;complete;19430.0;0.075732;19509.0;0.051586;19430.0;0.084455
7790;erdos;141229.0;0.090253;159295.0;0.021171;141229.0;0.288544
7790;regular;0.0;3e-05;0.0;2.3e-05;0.0;0.04332
7790;watts;2238943.0;0.083845;2238943.0;0.019467;2238943.0;0.4396
8826;barabasi;628195.0;0.110995;628195.0;0.024922;628195.0;0.34164
8826;complete;21031.0;0.112851;21069.0;0.069167;21031.0;0.108695
8826;erdos;137181.0;0.118749;158069.0;0.027055;137181.0;0.448892
8826;regular;4067194.0;0.119194;4067194.0;0.024722;4067194.0;0.420428
8826;watts;2772058.0;0.10754;2772058.0;0.024547;2772058.0;0.687937
10000;barabasi;658168.0;0.154712;658168.0;0.031348;658168.0;0.434574
10000;complete;23203.0;0.128259;23216.0;0.093251;23203.0;0.138935
10000;erdos;130714.0;0.161859;152184.0;0.034458;130714.0;0.474979
10000;regular;5141825.0;0.167647;5141825.0;0.030949;5141825.0;0.534315
10000;watts;3192980.0;0.147395;3192980.0;0.03048;3192980.0;0.876497
